type,identifier,url,topic,curated
PMC,PMC3281798,https://www.ncbi.nlm.nih.gov/pmc/articles/PMC3281798/,"Acupuncture, hypnotism, yoga & transcranial dire",false
PMC,PMC7293737,https://www.ncbi.nlm.nih.gov/pmc/articles/PMC7293737/,"Acupuncture, hypnotism, yoga & transcranial dire",false
PubMed,19325030,https://pubmed.ncbi.nlm.nih.gov/19325030/,"Acupuncture, hypnotism, yoga & transcranial dire",false
PubMed,19409856,https://pubmed.ncbi.nlm.nih.gov/19409856/,"Acupuncture, hypnotism, yoga & transcranial dire",false
PubMed,20627823,https://pubmed.ncbi.nlm.nih.gov/20627823/,"Acupuncture, hypnotism, yoga & transcranial dire",false
PubMed,22337285,https://pubmed.ncbi.nlm.nih.gov/22337285/,"Acupuncture, hypnotism, yoga & transcranial dire",false
PubMed,29681797,https://pubmed.ncbi.nlm.nih.gov/29681797/,"Acupuncture, hypnotism, yoga & transcranial dire",false
PubMed,30510442,https://pubmed.ncbi.nlm.nih.gov/30510442/,"Acupuncture, hypnotism, yoga & transcranial dire",false
PubMed,31914367,https://pubmed.ncbi.nlm.nih.gov/31914367/,"Acupuncture, hypnotism, yoga & transcranial dire",false
PubMed,33279640,https://pubmed.ncbi.nlm.nih.gov/33279640/,"Acupuncture, hypnotism, yoga & transcranial dire",false
PubMed,33679287,https://pubmed.ncbi.nlm.nih.gov/33679287/,"Acupuncture, hypnotism, yoga & transcranial dire",false
PubMed,34906281,https://pubmed.ncbi.nlm.nih.gov/34906281/,"Acupuncture, hypnotism, yoga & transcranial dire",false
PubMed,35957508,https://pubmed.ncbi.nlm.nih.gov/35957508/,"Acupuncture, hypnotism, yoga & transcranial dire",false
PubMed,36133809,https://pubmed.ncbi.nlm.nih.gov/36133809/,"Acupuncture, hypnotism, yoga & transcranial dire",false
PubMed,36160326,https://pubmed.ncbi.nlm.nih.gov/36160326/,"Acupuncture, hypnotism, yoga & transcranial dire",false
PubMed,37654656,https://pubmed.ncbi.nlm.nih.gov/37654656/,"Acupuncture, hypnotism, yoga & transcranial dire",false
DOI,10.1007/978-1-4613-4286-1_23,https://doi.org/10.1007/978-1-4613-4286-1_23,Cancer,false
DOI,10.1007/978-3-030-89918-9,https://doi.org/10.1007/978-3-030-89918-9,Cancer,false
DOI,10.1007/978-3-030-89918-9_1,https://doi.org/10.1007/978-3-030-89918-9_1,Cancer,false
DOI,10.1007/978-3-030-89918-9_2,https://doi.org/10.1007/978-3-030-89918-9_2,Cancer,false
DOI,10.1007/978-3-030-89918-9_3,https://doi.org/10.1007/978-3-030-89918-9_3,Cancer,false
DOI,10.1007/978-3-030-89918-9_4,https://doi.org/10.1007/978-3-030-89918-9_4,Cancer,false
DOI,10.1007/978-3-030-89918-9_5,https://doi.org/10.1007/978-3-030-89918-9_5,Cancer,false
DOI,10.1007/978-3-030-89918-9_6,https://doi.org/10.1007/978-3-030-89918-9_6,Cancer,false
DOI,10.1007/978-3-030-89918-9_7,https://doi.org/10.1007/978-3-030-89918-9_7,Cancer,false
DOI,10.1007/978-3-030-89918-9_8,https://doi.org/10.1007/978-3-030-89918-9_8,Cancer,false
DOI,10.1007/978-981-16-9232-1_12,https://doi.org/10.1007/978-981-16-9232-1_12,Cancer,false
DOI,10.1007/s00520-019-05280-4,https://doi.org/10.1007/s00520-019-05280-4,Cancer,false
DOI,10.1007/s13346-022-01137-2,https://doi.org/10.1007/s13346-022-01137-2,Cancer,false
DOI,10.1021/acsomega.2c00635,https://doi.org/10.1021/acsomega.2c00635,Cancer,false
DOI,10.1021/ol063022k,https://doi.org/10.1021/ol063022k,Cancer,false
DOI,10.1080/10520295.2020.1758343,https://doi.org/10.1080/10520295.2020.1758343,Cancer,false
DOI,10.1080/15360288.2019.1598531,https://doi.org/10.1080/15360288.2019.1598531,Cancer,false
DOI,10.1089/bioe.2022.0010,https://doi.org/10.1089/bioe.2022.0010,Cancer,false
DOI,10.1089/can.2019.0081,https://doi.org/10.1089/can.2019.0081,Cancer,false
DOI,10.1089/can.2019.0095,https://doi.org/10.1089/can.2019.0095,Cancer,false
DOI,10.1089/jpm.2019.0374,https://doi.org/10.1089/jpm.2019.0374,Cancer,false
DOI,10.1093/eep/dvac006,https://doi.org/10.1093/eep/dvac006,Cancer,false
DOI,10.1096/fasebj.2021.35.s1.02170,https://doi.org/10.1096/fasebj.2021.35.s1.02170,Cancer,false
DOI,10.1096/fasebj.2021.35.s1.02877,https://doi.org/10.1096/fasebj.2021.35.s1.02877,Cancer,false
DOI,10.1096/fasebj.2022.36.s1.l8061,https://doi.org/10.1096/fasebj.2022.36.s1.l8061,Cancer,false
DOI,10.1096/fasebj.2022.36.s1.r5197,https://doi.org/10.1096/fasebj.2022.36.s1.r5197,Cancer,false
DOI,10.1111/bph.12439,https://doi.org/10.1111/bph.12439,Cancer,false
DOI,10.1111/eva.12947,https://doi.org/10.1111/eva.12947,Cancer,false
DOI,10.1111/vco.12669,https://doi.org/10.1111/vco.12669,Cancer,false
DOI,10.1177/1060028020965224,https://doi.org/10.1177/1060028020965224,Cancer,false
DOI,10.1186/s12904-019-0494-6,https://doi.org/10.1186/s12904-019-0494-6,Cancer,false
DOI,10.1200/jco.2019.37.31_suppl.109,https://doi.org/10.1200/jco.2019.37.31_suppl.109,Cancer,false
DOI,10.1200/jco.2019.37.31_suppl.78,https://doi.org/10.1200/jco.2019.37.31_suppl.78,Cancer,false
DOI,10.1200/jco.2020.38.15_suppl.12091,https://doi.org/10.1200/jco.2020.38.15_suppl.12091,Cancer,false
DOI,10.1200/jco.2020.38.15_suppl.12106,https://doi.org/10.1200/jco.2020.38.15_suppl.12106,Cancer,false
DOI,10.1200/jco.2020.38.15_suppl.e24130,https://doi.org/10.1200/jco.2020.38.15_suppl.e24130,Cancer,false
DOI,10.1200/jco.2021.39.15_suppl.12096,https://doi.org/10.1200/jco.2021.39.15_suppl.12096,Cancer,false
DOI,10.1200/jco.2022.40.16_suppl.12122,https://doi.org/10.1200/jco.2022.40.16_suppl.12122,Cancer,false
DOI,10.1200/jco.2022.40.16_suppl.e24054,https://doi.org/10.1200/jco.2022.40.16_suppl.e24054,Cancer,false
DOI,10.1200/jco.2022.40.16_suppl.e24114,https://doi.org/10.1200/jco.2022.40.16_suppl.e24114,Cancer,false
DOI,10.1200/jco.2022.40.6_suppl.257,https://doi.org/10.1200/jco.2022.40.6_suppl.257,Cancer,false
DOI,10.2105/ajph.2020.305768,https://doi.org/10.2105/ajph.2020.305768,Cancer,false
DOI,10.3389/fpain.2022.861037,https://doi.org/10.3389/fpain.2022.861037,Cancer,false
DOI,10.3389/fphar.2019.01124,https://doi.org/10.3389/fphar.2019.01124,Cancer,false
DOI,10.3389/fphar.2020.00312,https://doi.org/10.3389/fphar.2020.00312,Cancer,false
PMC,PMC3551920,https://www.ncbi.nlm.nih.gov/pmc/articles/PMC3551920/,Cancer,false
PMC,PMC5356589,https://www.ncbi.nlm.nih.gov/pmc/articles/PMC5356589/,Cancer,false
PMC,PMC6723681,https://www.ncbi.nlm.nih.gov/pmc/articles/PMC6723681/,Cancer,false
PMC,PMC7715235,https://www.ncbi.nlm.nih.gov/pmc/articles/PMC7715235/,Cancer,false
PMC,PMC7715666,https://www.ncbi.nlm.nih.gov/pmc/articles/PMC7715666/,Cancer,false
PMC,PMC7756122,https://www.ncbi.nlm.nih.gov/pmc/articles/PMC7756122/,Cancer,false
PMC,PMC7796497,https://www.ncbi.nlm.nih.gov/pmc/articles/PMC7796497/,Cancer,false
PMC,PMC8255461,https://www.ncbi.nlm.nih.gov/pmc/articles/PMC8255461/,Cancer,false
PubMed,10781801,https://pubmed.ncbi.nlm.nih.gov/10781801/,Cancer,false
PubMed,11479216,https://pubmed.ncbi.nlm.nih.gov/11479216/,Cancer,false
PubMed,1159836,https://pubmed.ncbi.nlm.nih.gov/1159836/,Cancer,false
PubMed,11714882,https://pubmed.ncbi.nlm.nih.gov/11714882/,Cancer,false
PubMed,12052046,https://pubmed.ncbi.nlm.nih.gov/12052046/,Cancer,false
PubMed,12412843,https://pubmed.ncbi.nlm.nih.gov/12412843/,Cancer,false
PubMed,14617682,https://pubmed.ncbi.nlm.nih.gov/14617682/,Cancer,false
PubMed,16250836,https://pubmed.ncbi.nlm.nih.gov/16250836/,Cancer,false
PubMed,16728591,https://pubmed.ncbi.nlm.nih.gov/16728591/,Cancer,false
PubMed,16804518,https://pubmed.ncbi.nlm.nih.gov/16804518/,Cancer,false
PubMed,16909207,https://pubmed.ncbi.nlm.nih.gov/16909207/,Cancer,false
PubMed,17405893,https://pubmed.ncbi.nlm.nih.gov/17405893/,Cancer,false
PubMed,17934890,https://pubmed.ncbi.nlm.nih.gov/17934890/,Cancer,false
PubMed,18806886,https://pubmed.ncbi.nlm.nih.gov/18806886/,Cancer,false
PubMed,2045870,https://pubmed.ncbi.nlm.nih.gov/2045870/,Cancer,false
PubMed,21097714,https://pubmed.ncbi.nlm.nih.gov/21097714/,Cancer,false
PubMed,21220494,https://pubmed.ncbi.nlm.nih.gov/21220494/,Cancer,false
PubMed,21343383,https://pubmed.ncbi.nlm.nih.gov/21343383/,Cancer,false
PubMed,21410463,https://pubmed.ncbi.nlm.nih.gov/21410463/,Cancer,false
PubMed,22555283,https://pubmed.ncbi.nlm.nih.gov/22555283/,Cancer,false
PubMed,23764845,https://pubmed.ncbi.nlm.nih.gov/23764845/,Cancer,false
PubMed,23773072,https://pubmed.ncbi.nlm.nih.gov/23773072/,Cancer,false
PubMed,23837590,https://pubmed.ncbi.nlm.nih.gov/23837590/,Cancer,false
PubMed,23956774,https://pubmed.ncbi.nlm.nih.gov/23956774/,Cancer,false
PubMed,24041928,https://pubmed.ncbi.nlm.nih.gov/24041928/,Cancer,false
PubMed,24117398,https://pubmed.ncbi.nlm.nih.gov/24117398/,Cancer,false
PubMed,24141201,https://pubmed.ncbi.nlm.nih.gov/24141201/,Cancer,false
PubMed,24204703,https://pubmed.ncbi.nlm.nih.gov/24204703/,Cancer,false
PubMed,24349109,https://pubmed.ncbi.nlm.nih.gov/24349109/,Cancer,false
PubMed,24361916,https://pubmed.ncbi.nlm.nih.gov/24361916/,Cancer,false
PubMed,24373545,https://pubmed.ncbi.nlm.nih.gov/24373545/,Cancer,false
PubMed,24937161,https://pubmed.ncbi.nlm.nih.gov/24937161/,Cancer,false
PubMed,25069049,https://pubmed.ncbi.nlm.nih.gov/25069049/,Cancer,false
PubMed,25472761,https://pubmed.ncbi.nlm.nih.gov/25472761/,Cancer,false
PubMed,25533906,https://pubmed.ncbi.nlm.nih.gov/25533906/,Cancer,false
PubMed,25623697,https://pubmed.ncbi.nlm.nih.gov/25623697/,Cancer,false
PubMed,25855725,https://pubmed.ncbi.nlm.nih.gov/25855725/,Cancer,false
PubMed,25896633,https://pubmed.ncbi.nlm.nih.gov/25896633/,Cancer,false
PubMed,25899283,https://pubmed.ncbi.nlm.nih.gov/25899283/,Cancer,false
PubMed,25903924,https://pubmed.ncbi.nlm.nih.gov/25903924/,Cancer,false
PubMed,25921771,https://pubmed.ncbi.nlm.nih.gov/25921771/,Cancer,false
PubMed,26071989,https://pubmed.ncbi.nlm.nih.gov/26071989/,Cancer,false
PubMed,26707955,https://pubmed.ncbi.nlm.nih.gov/26707955/,Cancer,false
PubMed,26845349,https://pubmed.ncbi.nlm.nih.gov/26845349/,Cancer,false
PubMed,27022310,https://pubmed.ncbi.nlm.nih.gov/27022310/,Cancer,false
PubMed,27586579,https://pubmed.ncbi.nlm.nih.gov/27586579/,Cancer,false
PubMed,27769052,https://pubmed.ncbi.nlm.nih.gov/27769052/,Cancer,false
PubMed,29147495,https://pubmed.ncbi.nlm.nih.gov/29147495/,Cancer,false
PubMed,29348400,https://pubmed.ncbi.nlm.nih.gov/29348400/,Cancer,false
PubMed,30240926,https://pubmed.ncbi.nlm.nih.gov/30240926/,Cancer,false
PubMed,30242861,https://pubmed.ncbi.nlm.nih.gov/30242861/,Cancer,false
PubMed,30691796,https://pubmed.ncbi.nlm.nih.gov/30691796/,Cancer,false
PubMed,30706048,https://pubmed.ncbi.nlm.nih.gov/30706048/,Cancer,false
PubMed,30713602,https://pubmed.ncbi.nlm.nih.gov/30713602/,Cancer,false
PubMed,30713832,https://pubmed.ncbi.nlm.nih.gov/30713832/,Cancer,false
PubMed,30783513,https://pubmed.ncbi.nlm.nih.gov/30783513/,Cancer,false
PubMed,30789867,https://pubmed.ncbi.nlm.nih.gov/30789867/,Cancer,false
PubMed,30815264,https://pubmed.ncbi.nlm.nih.gov/30815264/,Cancer,false
PubMed,30860938,https://pubmed.ncbi.nlm.nih.gov/30860938/,Cancer,false
PubMed,31075907,https://pubmed.ncbi.nlm.nih.gov/31075907/,Cancer,false
PubMed,31195721,https://pubmed.ncbi.nlm.nih.gov/31195721/,Cancer,false
PubMed,31212902,https://pubmed.ncbi.nlm.nih.gov/31212902/,Cancer,false
PubMed,31289609,https://pubmed.ncbi.nlm.nih.gov/31289609/,Cancer,false
PubMed,31355219,https://pubmed.ncbi.nlm.nih.gov/31355219/,Cancer,false
PubMed,31396485,https://pubmed.ncbi.nlm.nih.gov/31396485/,Cancer,false
PubMed,31423220,https://pubmed.ncbi.nlm.nih.gov/31423220/,Cancer,false
PubMed,31423223,https://pubmed.ncbi.nlm.nih.gov/31423223/,Cancer,false
PubMed,31423851,https://pubmed.ncbi.nlm.nih.gov/31423851/,Cancer,false
PubMed,31438532,https://pubmed.ncbi.nlm.nih.gov/31438532/,Cancer,false
PubMed,31549596,https://pubmed.ncbi.nlm.nih.gov/31549596/,Cancer,false
PubMed,31565698,https://pubmed.ncbi.nlm.nih.gov/31565698/,Cancer,false
PubMed,31570484,https://pubmed.ncbi.nlm.nih.gov/31570484/,Cancer,false
PubMed,31595793,https://pubmed.ncbi.nlm.nih.gov/31595793/,Cancer,false
PubMed,31611561,https://pubmed.ncbi.nlm.nih.gov/31611561/,Cancer,false
PubMed,31611800,https://pubmed.ncbi.nlm.nih.gov/31611800/,Cancer,false
PubMed,31658007,https://pubmed.ncbi.nlm.nih.gov/31658007/,Cancer,false
PubMed,31679810,https://pubmed.ncbi.nlm.nih.gov/31679810/,Cancer,false
PubMed,31811927,https://pubmed.ncbi.nlm.nih.gov/31811927/,Cancer,false
PubMed,31897700,https://pubmed.ncbi.nlm.nih.gov/31897700/,Cancer,false
PubMed,31979368,https://pubmed.ncbi.nlm.nih.gov/31979368/,Cancer,false
PubMed,32049991,https://pubmed.ncbi.nlm.nih.gov/32049991/,Cancer,false
PubMed,32106399,https://pubmed.ncbi.nlm.nih.gov/32106399/,Cancer,false
PubMed,32147080,https://pubmed.ncbi.nlm.nih.gov/32147080/,Cancer,false
PubMed,32178596,https://pubmed.ncbi.nlm.nih.gov/32178596/,Cancer,false
PubMed,32214253,https://pubmed.ncbi.nlm.nih.gov/32214253/,Cancer,false
PubMed,32244518,https://pubmed.ncbi.nlm.nih.gov/32244518/,Cancer,false
PubMed,32249134,https://pubmed.ncbi.nlm.nih.gov/32249134/,Cancer,false
PubMed,32294046,https://pubmed.ncbi.nlm.nih.gov/32294046/,Cancer,false
PubMed,32471216,https://pubmed.ncbi.nlm.nih.gov/32471216/,Cancer,false
PubMed,32623617,https://pubmed.ncbi.nlm.nih.gov/32623617/,Cancer,false
PubMed,32751388,https://pubmed.ncbi.nlm.nih.gov/32751388/,Cancer,false
PubMed,32752303,https://pubmed.ncbi.nlm.nih.gov/32752303/,Cancer,false
PubMed,32819436,https://pubmed.ncbi.nlm.nih.gov/32819436/,Cancer,false
PubMed,32930995,https://pubmed.ncbi.nlm.nih.gov/32930995/,Cancer,false
PubMed,32992648,https://pubmed.ncbi.nlm.nih.gov/32992648/,Cancer,false
PubMed,33167409,https://pubmed.ncbi.nlm.nih.gov/33167409/,Cancer,false
PubMed,33191836,https://pubmed.ncbi.nlm.nih.gov/33191836/,Cancer,false
PubMed,33244087,https://pubmed.ncbi.nlm.nih.gov/33244087/,Cancer,false
PubMed,33247539,https://pubmed.ncbi.nlm.nih.gov/33247539/,Cancer,false
PubMed,33292459,https://pubmed.ncbi.nlm.nih.gov/33292459/,Cancer,false
PubMed,33375539,https://pubmed.ncbi.nlm.nih.gov/33375539/,Cancer,false
PubMed,33379175,https://pubmed.ncbi.nlm.nih.gov/33379175/,Cancer,false
PubMed,33383838,https://pubmed.ncbi.nlm.nih.gov/33383838/,Cancer,false
PubMed,33415919,https://pubmed.ncbi.nlm.nih.gov/33415919/,Cancer,false
PubMed,33428525,https://pubmed.ncbi.nlm.nih.gov/33428525/,Cancer,false
PubMed,33435517,https://pubmed.ncbi.nlm.nih.gov/33435517/,Cancer,false
PubMed,33604949,https://pubmed.ncbi.nlm.nih.gov/33604949/,Cancer,false
PubMed,33622657,https://pubmed.ncbi.nlm.nih.gov/33622657/,Cancer,false
PubMed,33623076,https://pubmed.ncbi.nlm.nih.gov/33623076/,Cancer,false
PubMed,33629929,https://pubmed.ncbi.nlm.nih.gov/33629929/,Cancer,false
PubMed,33632159,https://pubmed.ncbi.nlm.nih.gov/33632159/,Cancer,false
PubMed,33666957,https://pubmed.ncbi.nlm.nih.gov/33666957/,Cancer,false
PubMed,33721427,https://pubmed.ncbi.nlm.nih.gov/33721427/,Cancer,false
PubMed,33722705,https://pubmed.ncbi.nlm.nih.gov/33722705/,Cancer,false
PubMed,33768374,https://pubmed.ncbi.nlm.nih.gov/33768374/,Cancer,false
PubMed,33797678,https://pubmed.ncbi.nlm.nih.gov/33797678/,Cancer,false
PubMed,33822373,https://pubmed.ncbi.nlm.nih.gov/33822373/,Cancer,false
PubMed,33864076,https://pubmed.ncbi.nlm.nih.gov/33864076/,Cancer,false
PubMed,33892826,https://pubmed.ncbi.nlm.nih.gov/33892826/,Cancer,false
PubMed,33922425,https://pubmed.ncbi.nlm.nih.gov/33922425/,Cancer,false
PubMed,33923494,https://pubmed.ncbi.nlm.nih.gov/33923494/,Cancer,false
PubMed,33923757,https://pubmed.ncbi.nlm.nih.gov/33923757/,Cancer,false
PubMed,34063214,https://pubmed.ncbi.nlm.nih.gov/34063214/,Cancer,false
PubMed,34067035,https://pubmed.ncbi.nlm.nih.gov/34067035/,Cancer,false
PubMed,34085149,https://pubmed.ncbi.nlm.nih.gov/34085149/,Cancer,false
PubMed,34094937,https://pubmed.ncbi.nlm.nih.gov/34094937/,Cancer,false
PubMed,34118805,https://pubmed.ncbi.nlm.nih.gov/34118805/,Cancer,false
PubMed,34146926,https://pubmed.ncbi.nlm.nih.gov/34146926/,Cancer,false
PubMed,34230557,https://pubmed.ncbi.nlm.nih.gov/34230557/,Cancer,false
PubMed,34259916,https://pubmed.ncbi.nlm.nih.gov/34259916/,Cancer,false
PubMed,34264513,https://pubmed.ncbi.nlm.nih.gov/34264513/,Cancer,false
PubMed,34269108,https://pubmed.ncbi.nlm.nih.gov/34269108/,Cancer,false
PubMed,34269337,https://pubmed.ncbi.nlm.nih.gov/34269337/,Cancer,false
PubMed,34352013,https://pubmed.ncbi.nlm.nih.gov/34352013/,Cancer,false
PubMed,34370591,https://pubmed.ncbi.nlm.nih.gov/34370591/,Cancer,false
PubMed,34387864,https://pubmed.ncbi.nlm.nih.gov/34387864/,Cancer,false
PubMed,34439262,https://pubmed.ncbi.nlm.nih.gov/34439262/,Cancer,false
PubMed,34479489,https://pubmed.ncbi.nlm.nih.gov/34479489/,Cancer,false
PubMed,34497047,https://pubmed.ncbi.nlm.nih.gov/34497047/,Cancer,false
PubMed,34575629,https://pubmed.ncbi.nlm.nih.gov/34575629/,Cancer,false
PubMed,34582332,https://pubmed.ncbi.nlm.nih.gov/34582332/,Cancer,false
PubMed,34592231,https://pubmed.ncbi.nlm.nih.gov/34592231/,Cancer,false
PubMed,34624678,https://pubmed.ncbi.nlm.nih.gov/34624678/,Cancer,false
PubMed,34632694,https://pubmed.ncbi.nlm.nih.gov/34632694/,Cancer,false
PubMed,34649854,https://pubmed.ncbi.nlm.nih.gov/34649854/,Cancer,false
PubMed,34668147,https://pubmed.ncbi.nlm.nih.gov/34668147/,Cancer,false
PubMed,34672127,https://pubmed.ncbi.nlm.nih.gov/34672127/,Cancer,false
PubMed,34764689,https://pubmed.ncbi.nlm.nih.gov/34764689/,Cancer,false
PubMed,34795379,https://pubmed.ncbi.nlm.nih.gov/34795379/,Cancer,false
PubMed,34830821,https://pubmed.ncbi.nlm.nih.gov/34830821/,Cancer,false
PubMed,34846947,https://pubmed.ncbi.nlm.nih.gov/34846947/,Cancer,false
PubMed,34850897,https://pubmed.ncbi.nlm.nih.gov/34850897/,Cancer,false
PubMed,34881518,https://pubmed.ncbi.nlm.nih.gov/34881518/,Cancer,false
PubMed,34918964,https://pubmed.ncbi.nlm.nih.gov/34918964/,Cancer,false
PubMed,34971020,https://pubmed.ncbi.nlm.nih.gov/34971020/,Cancer,false
PubMed,35011388,https://pubmed.ncbi.nlm.nih.gov/35011388/,Cancer,false
PubMed,35070080,https://pubmed.ncbi.nlm.nih.gov/35070080/,Cancer,false
PubMed,35079042,https://pubmed.ncbi.nlm.nih.gov/35079042/,Cancer,false
PubMed,35094599,https://pubmed.ncbi.nlm.nih.gov/35094599/,Cancer,false
PubMed,35107862,https://pubmed.ncbi.nlm.nih.gov/35107862/,Cancer,false
PubMed,35127309,https://pubmed.ncbi.nlm.nih.gov/35127309/,Cancer,false
PubMed,35132605,https://pubmed.ncbi.nlm.nih.gov/35132605/,Cancer,false
PubMed,35150499,https://pubmed.ncbi.nlm.nih.gov/35150499/,Cancer,false
PubMed,35179218,https://pubmed.ncbi.nlm.nih.gov/35179218/,Cancer,false
PubMed,35223923,https://pubmed.ncbi.nlm.nih.gov/35223923/,Cancer,false
PubMed,35224428,https://pubmed.ncbi.nlm.nih.gov/35224428/,Cancer,false
PubMed,35225051,https://pubmed.ncbi.nlm.nih.gov/35225051/,Cancer,false
PubMed,35241505,https://pubmed.ncbi.nlm.nih.gov/35241505/,Cancer,false
PubMed,35244889,https://pubmed.ncbi.nlm.nih.gov/35244889/,Cancer,false
PubMed,35260379,https://pubmed.ncbi.nlm.nih.gov/35260379/,Cancer,false
PubMed,35267489,https://pubmed.ncbi.nlm.nih.gov/35267489/,Cancer,false
PubMed,35273722,https://pubmed.ncbi.nlm.nih.gov/35273722/,Cancer,false
PubMed,35277658,https://pubmed.ncbi.nlm.nih.gov/35277658/,Cancer,false
PubMed,35316478,https://pubmed.ncbi.nlm.nih.gov/35316478/,Cancer,false
PubMed,35322459,https://pubmed.ncbi.nlm.nih.gov/35322459/,Cancer,false
PubMed,35328765,https://pubmed.ncbi.nlm.nih.gov/35328765/,Cancer,false
PubMed,35331185,https://pubmed.ncbi.nlm.nih.gov/35331185/,Cancer,false
PubMed,35337156,https://pubmed.ncbi.nlm.nih.gov/35337156/,Cancer,false
PubMed,35337163,https://pubmed.ncbi.nlm.nih.gov/35337163/,Cancer,false
PubMed,35351947,https://pubmed.ncbi.nlm.nih.gov/35351947/,Cancer,false
PubMed,35354487,https://pubmed.ncbi.nlm.nih.gov/35354487/,Cancer,false
PubMed,35354495,https://pubmed.ncbi.nlm.nih.gov/35354495/,Cancer,false
PubMed,35354499,https://pubmed.ncbi.nlm.nih.gov/35354499/,Cancer,false
PubMed,35360989,https://pubmed.ncbi.nlm.nih.gov/35360989/,Cancer,false
PubMed,35383142,https://pubmed.ncbi.nlm.nih.gov/35383142/,Cancer,false
PubMed,35395396,https://pubmed.ncbi.nlm.nih.gov/35395396/,Cancer,false
PubMed,35397761,https://pubmed.ncbi.nlm.nih.gov/35397761/,Cancer,false
PubMed,35467472,https://pubmed.ncbi.nlm.nih.gov/35467472/,Cancer,false
PubMed,35481367,https://pubmed.ncbi.nlm.nih.gov/35481367/,Cancer,false
PubMed,35481563,https://pubmed.ncbi.nlm.nih.gov/35481563/,Cancer,false
PubMed,35504245,https://pubmed.ncbi.nlm.nih.gov/35504245/,Cancer,false
PubMed,35507954,https://pubmed.ncbi.nlm.nih.gov/35507954/,Cancer,false
PubMed,35513484,https://pubmed.ncbi.nlm.nih.gov/35513484/,Cancer,false
PubMed,35522977,https://pubmed.ncbi.nlm.nih.gov/35522977/,Cancer,false
PubMed,35532011,https://pubmed.ncbi.nlm.nih.gov/35532011/,Cancer,false
PubMed,35598400,https://pubmed.ncbi.nlm.nih.gov/35598400/,Cancer,false
PubMed,35641479,https://pubmed.ncbi.nlm.nih.gov/35641479/,Cancer,false
PubMed,35643249,https://pubmed.ncbi.nlm.nih.gov/35643249/,Cancer,false
PubMed,35651376,https://pubmed.ncbi.nlm.nih.gov/35651376/,Cancer,false
PubMed,35665859,https://pubmed.ncbi.nlm.nih.gov/35665859/,Cancer,false
PubMed,35667235,https://pubmed.ncbi.nlm.nih.gov/35667235/,Cancer,false
PubMed,35704944,https://pubmed.ncbi.nlm.nih.gov/35704944/,Cancer,false
PubMed,35705116,https://pubmed.ncbi.nlm.nih.gov/35705116/,Cancer,false
PubMed,35723729,https://pubmed.ncbi.nlm.nih.gov/35723729/,Cancer,false
PubMed,35740979,https://pubmed.ncbi.nlm.nih.gov/35740979/,Cancer,false
PubMed,35743195,https://pubmed.ncbi.nlm.nih.gov/35743195/,Cancer,false
PubMed,35743206,https://pubmed.ncbi.nlm.nih.gov/35743206/,Cancer,false
PubMed,35749680,https://pubmed.ncbi.nlm.nih.gov/35749680/,Cancer,false
PubMed,35749740,https://pubmed.ncbi.nlm.nih.gov/35749740/,Cancer,false
PubMed,35773908,https://pubmed.ncbi.nlm.nih.gov/35773908/,Cancer,false
PubMed,35775355,https://pubmed.ncbi.nlm.nih.gov/35775355/,Cancer,false
PubMed,35779108,https://pubmed.ncbi.nlm.nih.gov/35779108/,Cancer,false
PubMed,35779192,https://pubmed.ncbi.nlm.nih.gov/35779192/,Cancer,false
PubMed,35788467,https://pubmed.ncbi.nlm.nih.gov/35788467/,Cancer,false
PubMed,35796303,https://pubmed.ncbi.nlm.nih.gov/35796303/,Cancer,false
PubMed,35804909,https://pubmed.ncbi.nlm.nih.gov/35804909/,Cancer,false
PubMed,35805384,https://pubmed.ncbi.nlm.nih.gov/35805384/,Cancer,false
PubMed,35806150,https://pubmed.ncbi.nlm.nih.gov/35806150/,Cancer,false
PubMed,35834597,https://pubmed.ncbi.nlm.nih.gov/35834597/,Cancer,false
PubMed,35850921,https://pubmed.ncbi.nlm.nih.gov/35850921/,Cancer,false
PubMed,35861135,https://pubmed.ncbi.nlm.nih.gov/35861135/,Cancer,false
PubMed,35861789,https://pubmed.ncbi.nlm.nih.gov/35861789/,Cancer,false
PubMed,35862357,https://pubmed.ncbi.nlm.nih.gov/35862357/,Cancer,false
PubMed,35868317,https://pubmed.ncbi.nlm.nih.gov/35868317/,Cancer,false
PubMed,35869542,https://pubmed.ncbi.nlm.nih.gov/35869542/,Cancer,false
PubMed,35890134,https://pubmed.ncbi.nlm.nih.gov/35890134/,Cancer,false
PubMed,35893789,https://pubmed.ncbi.nlm.nih.gov/35893789/,Cancer,false
PubMed,35899583,https://pubmed.ncbi.nlm.nih.gov/35899583/,Cancer,false
PubMed,35933415,https://pubmed.ncbi.nlm.nih.gov/35933415/,Cancer,false
PubMed,35937289,https://pubmed.ncbi.nlm.nih.gov/35937289/,Cancer,false
PubMed,35960375,https://pubmed.ncbi.nlm.nih.gov/35960375/,Cancer,false
PubMed,35960820,https://pubmed.ncbi.nlm.nih.gov/35960820/,Cancer,false
PubMed,35969815,https://pubmed.ncbi.nlm.nih.gov/35969815/,Cancer,false
PubMed,35975633,https://pubmed.ncbi.nlm.nih.gov/35975633/,Cancer,false
PubMed,35984924,https://pubmed.ncbi.nlm.nih.gov/35984924/,Cancer,false
PubMed,35988272,https://pubmed.ncbi.nlm.nih.gov/35988272/,Cancer,false
PubMed,36009049,https://pubmed.ncbi.nlm.nih.gov/36009049/,Cancer,false
PubMed,36044079,https://pubmed.ncbi.nlm.nih.gov/36044079/,Cancer,false
PubMed,36055123,https://pubmed.ncbi.nlm.nih.gov/36055123/,Cancer,false
PubMed,36058263,https://pubmed.ncbi.nlm.nih.gov/36058263/,Cancer,false
PubMed,36077833,https://pubmed.ncbi.nlm.nih.gov/36077833/,Cancer,false
PubMed,36078963,https://pubmed.ncbi.nlm.nih.gov/36078963/,Cancer,false
PubMed,36140359,https://pubmed.ncbi.nlm.nih.gov/36140359/,Cancer,false
PubMed,36179546,https://pubmed.ncbi.nlm.nih.gov/36179546/,Cancer,false
PubMed,36179876,https://pubmed.ncbi.nlm.nih.gov/36179876/,Cancer,false
PubMed,36195790,https://pubmed.ncbi.nlm.nih.gov/36195790/,Cancer,false
PubMed,36228705,https://pubmed.ncbi.nlm.nih.gov/36228705/,Cancer,false
PubMed,36240167,https://pubmed.ncbi.nlm.nih.gov/36240167/,Cancer,false
PubMed,36254639,https://pubmed.ncbi.nlm.nih.gov/36254639/,Cancer,false
PubMed,36297277,https://pubmed.ncbi.nlm.nih.gov/36297277/,Cancer,false
PubMed,36379120,https://pubmed.ncbi.nlm.nih.gov/36379120/,Cancer,false
PubMed,36379858,https://pubmed.ncbi.nlm.nih.gov/36379858/,Cancer,false
PubMed,36386452,https://pubmed.ncbi.nlm.nih.gov/36386452/,Cancer,false
PubMed,36437760,https://pubmed.ncbi.nlm.nih.gov/36437760/,Cancer,false
PubMed,36449286,https://pubmed.ncbi.nlm.nih.gov/36449286/,Cancer,false
PubMed,36454553,https://pubmed.ncbi.nlm.nih.gov/36454553/,Cancer,false
PubMed,36469631,https://pubmed.ncbi.nlm.nih.gov/36469631/,Cancer,false
PubMed,36497400,https://pubmed.ncbi.nlm.nih.gov/36497400/,Cancer,false
PubMed,36525085,https://pubmed.ncbi.nlm.nih.gov/36525085/,Cancer,false
PubMed,36535195,https://pubmed.ncbi.nlm.nih.gov/36535195/,Cancer,false
PubMed,36551301,https://pubmed.ncbi.nlm.nih.gov/36551301/,Cancer,false
PubMed,36564370,https://pubmed.ncbi.nlm.nih.gov/36564370/,Cancer,false
PubMed,36564457,https://pubmed.ncbi.nlm.nih.gov/36564457/,Cancer,false
PubMed,36576904,https://pubmed.ncbi.nlm.nih.gov/36576904/,Cancer,false
PubMed,36583834,https://pubmed.ncbi.nlm.nih.gov/36583834/,Cancer,false
PubMed,36586156,https://pubmed.ncbi.nlm.nih.gov/36586156/,Cancer,false
PubMed,36604902,https://pubmed.ncbi.nlm.nih.gov/36604902/,Cancer,false
PubMed,36614303,https://pubmed.ncbi.nlm.nih.gov/36614303/,Cancer,false
PubMed,36615107,https://pubmed.ncbi.nlm.nih.gov/36615107/,Cancer,false
PubMed,36615306,https://pubmed.ncbi.nlm.nih.gov/36615306/,Cancer,false
PubMed,36633803,https://pubmed.ncbi.nlm.nih.gov/36633803/,Cancer,false
PubMed,36700219,https://pubmed.ncbi.nlm.nih.gov/36700219/,Cancer,false
PubMed,36702548,https://pubmed.ncbi.nlm.nih.gov/36702548/,Cancer,false
PubMed,36737540,https://pubmed.ncbi.nlm.nih.gov/36737540/,Cancer,false
PubMed,36755953,https://pubmed.ncbi.nlm.nih.gov/36755953/,Cancer,false
PubMed,36809932,https://pubmed.ncbi.nlm.nih.gov/36809932/,Cancer,false
PubMed,36810933,https://pubmed.ncbi.nlm.nih.gov/36810933/,Cancer,false
PubMed,36839877,https://pubmed.ncbi.nlm.nih.gov/36839877/,Cancer,false
PubMed,36848028,https://pubmed.ncbi.nlm.nih.gov/36848028/,Cancer,false
PubMed,36849134,https://pubmed.ncbi.nlm.nih.gov/36849134/,Cancer,false
PubMed,36863802,https://pubmed.ncbi.nlm.nih.gov/36863802/,Cancer,false
PubMed,36871538,https://pubmed.ncbi.nlm.nih.gov/36871538/,Cancer,false
PubMed,36942271,https://pubmed.ncbi.nlm.nih.gov/36942271/,Cancer,false
PubMed,36946366,https://pubmed.ncbi.nlm.nih.gov/36946366/,Cancer,false
PubMed,37202046,https://pubmed.ncbi.nlm.nih.gov/37202046/,Cancer,false
PubMed,37361232,https://pubmed.ncbi.nlm.nih.gov/37361232/,Cancer,false
PubMed,37443791,https://pubmed.ncbi.nlm.nih.gov/37443791/,Cancer,false
PubMed,37926527,https://pubmed.ncbi.nlm.nih.gov/37926527/,Cancer,false
PubMed,38462019,https://pubmed.ncbi.nlm.nih.gov/38462019/,Cancer,false
PubMed,38611871,https://pubmed.ncbi.nlm.nih.gov/38611871/,Cancer,false
PubMed,7775459,https://pubmed.ncbi.nlm.nih.gov/7775459/,Cancer,false
PubMed,9328194,https://pubmed.ncbi.nlm.nih.gov/9328194/,Cancer,false
PubMed,9771884,https://pubmed.ncbi.nlm.nih.gov/9771884/,Cancer,false
DOI,10.1002/glia.23911,https://doi.org/10.1002/glia.23911,"Children, Teens, & Cannabinoids",false
DOI,10.1007/978-3-031-04874-6_5,https://doi.org/10.1007/978-3-031-04874-6_5,"Children, Teens, & Cannabinoids",false
DOI,10.1007/s40429-020-00335-7,https://doi.org/10.1007/s40429-020-00335-7,"Children, Teens, & Cannabinoids",false
DOI,10.1007/s40501-020-00202-2,https://doi.org/10.1007/s40501-020-00202-2,"Children, Teens, & Cannabinoids",false
DOI,10.1080/1067828x.2021.1873880,https://doi.org/10.1080/1067828x.2021.1873880,"Children, Teens, & Cannabinoids",false
DOI,10.1080/16066359.2022.2032679,https://doi.org/10.1080/16066359.2022.2032679,"Children, Teens, & Cannabinoids",false
DOI,10.1080/16078055.2022.2043428,https://doi.org/10.1080/16078055.2022.2043428,"Children, Teens, & Cannabinoids",false
DOI,10.1093/pch/pxaa031,https://doi.org/10.1093/pch/pxaa031,"Children, Teens, & Cannabinoids",false
DOI,10.1096/fasebj.2020.34.s1.09462,https://doi.org/10.1096/fasebj.2020.34.s1.09462,"Children, Teens, & Cannabinoids",false
DOI,10.1111/adb.13169,https://doi.org/10.1111/adb.13169,"Children, Teens, & Cannabinoids",false
DOI,10.1111/j.1530-0277.2012.01920.x,https://doi.org/10.1111/j.1530-0277.2012.01920.x,"Children, Teens, & Cannabinoids",false
DOI,10.1146/annurev-devpsych-040320-084904,https://doi.org/10.1146/annurev-devpsych-040320-084904,"Children, Teens, & Cannabinoids",false
DOI,10.1177/00099228221081251,https://doi.org/10.1177/00099228221081251,"Children, Teens, & Cannabinoids",false
PMC,PMC8859120,https://www.ncbi.nlm.nih.gov/pmc/articles/PMC8859120/,"Children, Teens, & Cannabinoids",false
PubMed,17689362,https://pubmed.ncbi.nlm.nih.gov/17689362/,"Children, Teens, & Cannabinoids",false
PubMed,21667074,https://pubmed.ncbi.nlm.nih.gov/21667074/,"Children, Teens, & Cannabinoids",false
PubMed,22285867,https://pubmed.ncbi.nlm.nih.gov/22285867/,"Children, Teens, & Cannabinoids",false
PubMed,22927402,https://pubmed.ncbi.nlm.nih.gov/22927402/,"Children, Teens, & Cannabinoids",false
PubMed,23763418,https://pubmed.ncbi.nlm.nih.gov/23763418/,"Children, Teens, & Cannabinoids",false
PubMed,24385132,https://pubmed.ncbi.nlm.nih.gov/24385132/,"Children, Teens, & Cannabinoids",false
PubMed,24619597,https://pubmed.ncbi.nlm.nih.gov/24619597/,"Children, Teens, & Cannabinoids",false
PubMed,24744434,https://pubmed.ncbi.nlm.nih.gov/24744434/,"Children, Teens, & Cannabinoids",false
PubMed,24980155,https://pubmed.ncbi.nlm.nih.gov/24980155/,"Children, Teens, & Cannabinoids",false
PubMed,25790384,https://pubmed.ncbi.nlm.nih.gov/25790384/,"Children, Teens, & Cannabinoids",false
PubMed,25912376,https://pubmed.ncbi.nlm.nih.gov/25912376/,"Children, Teens, & Cannabinoids",false
PubMed,26739345,https://pubmed.ncbi.nlm.nih.gov/26739345/,"Children, Teens, & Cannabinoids",false
PubMed,29061872,https://pubmed.ncbi.nlm.nih.gov/29061872/,"Children, Teens, & Cannabinoids",false
PubMed,29098186,https://pubmed.ncbi.nlm.nih.gov/29098186/,"Children, Teens, & Cannabinoids",false
PubMed,31814047,https://pubmed.ncbi.nlm.nih.gov/31814047/,"Children, Teens, & Cannabinoids",false
PubMed,32526217,https://pubmed.ncbi.nlm.nih.gov/32526217/,"Children, Teens, & Cannabinoids",false
PubMed,32757167,https://pubmed.ncbi.nlm.nih.gov/32757167/,"Children, Teens, & Cannabinoids",false
PubMed,32791165,https://pubmed.ncbi.nlm.nih.gov/32791165/,"Children, Teens, & Cannabinoids",false
PubMed,32800084,https://pubmed.ncbi.nlm.nih.gov/32800084/,"Children, Teens, & Cannabinoids",false
PubMed,32803367,https://pubmed.ncbi.nlm.nih.gov/32803367/,"Children, Teens, & Cannabinoids",false
PubMed,32818908,https://pubmed.ncbi.nlm.nih.gov/32818908/,"Children, Teens, & Cannabinoids",false
PubMed,32840407,https://pubmed.ncbi.nlm.nih.gov/32840407/,"Children, Teens, & Cannabinoids",false
PubMed,32927465,https://pubmed.ncbi.nlm.nih.gov/32927465/,"Children, Teens, & Cannabinoids",false
PubMed,33501901,https://pubmed.ncbi.nlm.nih.gov/33501901/,"Children, Teens, & Cannabinoids",false
PubMed,33782115,https://pubmed.ncbi.nlm.nih.gov/33782115/,"Children, Teens, & Cannabinoids",false
PubMed,33829950,https://pubmed.ncbi.nlm.nih.gov/33829950/,"Children, Teens, & Cannabinoids",false
PubMed,33872994,https://pubmed.ncbi.nlm.nih.gov/33872994/,"Children, Teens, & Cannabinoids",false
PubMed,33991473,https://pubmed.ncbi.nlm.nih.gov/33991473/,"Children, Teens, & Cannabinoids",false
PubMed,34021274,https://pubmed.ncbi.nlm.nih.gov/34021274/,"Children, Teens, & Cannabinoids",false
PubMed,34059838,https://pubmed.ncbi.nlm.nih.gov/34059838/,"Children, Teens, & Cannabinoids",false
PubMed,34091410,https://pubmed.ncbi.nlm.nih.gov/34091410/,"Children, Teens, & Cannabinoids",false
PubMed,34132750,https://pubmed.ncbi.nlm.nih.gov/34132750/,"Children, Teens, & Cannabinoids",false
PubMed,34261556,https://pubmed.ncbi.nlm.nih.gov/34261556/,"Children, Teens, & Cannabinoids",false
PubMed,34343084,https://pubmed.ncbi.nlm.nih.gov/34343084/,"Children, Teens, & Cannabinoids",false
PubMed,34358818,https://pubmed.ncbi.nlm.nih.gov/34358818/,"Children, Teens, & Cannabinoids",false
PubMed,34478689,https://pubmed.ncbi.nlm.nih.gov/34478689/,"Children, Teens, & Cannabinoids",false
PubMed,34491352,https://pubmed.ncbi.nlm.nih.gov/34491352/,"Children, Teens, & Cannabinoids",false
PubMed,34512286,https://pubmed.ncbi.nlm.nih.gov/34512286/,"Children, Teens, & Cannabinoids",false
PubMed,34534603,https://pubmed.ncbi.nlm.nih.gov/34534603/,"Children, Teens, & Cannabinoids",false
PubMed,34667972,https://pubmed.ncbi.nlm.nih.gov/34667972/,"Children, Teens, & Cannabinoids",false
PubMed,34678051,https://pubmed.ncbi.nlm.nih.gov/34678051/,"Children, Teens, & Cannabinoids",false
PubMed,34740066,https://pubmed.ncbi.nlm.nih.gov/34740066/,"Children, Teens, & Cannabinoids",false
PubMed,34838664,https://pubmed.ncbi.nlm.nih.gov/34838664/,"Children, Teens, & Cannabinoids",false
PubMed,34839363,https://pubmed.ncbi.nlm.nih.gov/34839363/,"Children, Teens, & Cannabinoids",false
PubMed,34864566,https://pubmed.ncbi.nlm.nih.gov/34864566/,"Children, Teens, & Cannabinoids",false
PubMed,34987774,https://pubmed.ncbi.nlm.nih.gov/34987774/,"Children, Teens, & Cannabinoids",false
PubMed,35110688,https://pubmed.ncbi.nlm.nih.gov/35110688/,"Children, Teens, & Cannabinoids",false
PubMed,35151230,https://pubmed.ncbi.nlm.nih.gov/35151230/,"Children, Teens, & Cannabinoids",false
PubMed,35202717,https://pubmed.ncbi.nlm.nih.gov/35202717/,"Children, Teens, & Cannabinoids",false
PubMed,35204050,https://pubmed.ncbi.nlm.nih.gov/35204050/,"Children, Teens, & Cannabinoids",false
PubMed,35209200,https://pubmed.ncbi.nlm.nih.gov/35209200/,"Children, Teens, & Cannabinoids",false
PubMed,35236956,https://pubmed.ncbi.nlm.nih.gov/35236956/,"Children, Teens, & Cannabinoids",false
PubMed,35245494,https://pubmed.ncbi.nlm.nih.gov/35245494/,"Children, Teens, & Cannabinoids",false
PubMed,35246363,https://pubmed.ncbi.nlm.nih.gov/35246363/,"Children, Teens, & Cannabinoids",false
PubMed,35254252,https://pubmed.ncbi.nlm.nih.gov/35254252/,"Children, Teens, & Cannabinoids",false
PubMed,35266035,https://pubmed.ncbi.nlm.nih.gov/35266035/,"Children, Teens, & Cannabinoids",false
PubMed,35404194,https://pubmed.ncbi.nlm.nih.gov/35404194/,"Children, Teens, & Cannabinoids",false
PubMed,35421906,https://pubmed.ncbi.nlm.nih.gov/35421906/,"Children, Teens, & Cannabinoids",false
PubMed,35471155,https://pubmed.ncbi.nlm.nih.gov/35471155/,"Children, Teens, & Cannabinoids",false
PubMed,35639364,https://pubmed.ncbi.nlm.nih.gov/35639364/,"Children, Teens, & Cannabinoids",false
PubMed,35717484,https://pubmed.ncbi.nlm.nih.gov/35717484/,"Children, Teens, & Cannabinoids",false
PubMed,35765952,https://pubmed.ncbi.nlm.nih.gov/35765952/,"Children, Teens, & Cannabinoids",false
PubMed,35785577,https://pubmed.ncbi.nlm.nih.gov/35785577/,"Children, Teens, & Cannabinoids",false
PubMed,35847165,https://pubmed.ncbi.nlm.nih.gov/35847165/,"Children, Teens, & Cannabinoids",false
PubMed,35946907,https://pubmed.ncbi.nlm.nih.gov/35946907/,"Children, Teens, & Cannabinoids",false
PubMed,36114824,https://pubmed.ncbi.nlm.nih.gov/36114824/,"Children, Teens, & Cannabinoids",false
PubMed,36152405,https://pubmed.ncbi.nlm.nih.gov/36152405/,"Children, Teens, & Cannabinoids",false
PubMed,36215048,https://pubmed.ncbi.nlm.nih.gov/36215048/,"Children, Teens, & Cannabinoids",false
PubMed,36287988,https://pubmed.ncbi.nlm.nih.gov/36287988/,"Children, Teens, & Cannabinoids",false
PubMed,36289503,https://pubmed.ncbi.nlm.nih.gov/36289503/,"Children, Teens, & Cannabinoids",false
PubMed,36291215,https://pubmed.ncbi.nlm.nih.gov/36291215/,"Children, Teens, & Cannabinoids",false
PubMed,36300331,https://pubmed.ncbi.nlm.nih.gov/36300331/,"Children, Teens, & Cannabinoids",false
PubMed,36301550,https://pubmed.ncbi.nlm.nih.gov/36301550/,"Children, Teens, & Cannabinoids",false
PubMed,36322018,https://pubmed.ncbi.nlm.nih.gov/36322018/,"Children, Teens, & Cannabinoids",false
PubMed,36374769,https://pubmed.ncbi.nlm.nih.gov/36374769/,"Children, Teens, & Cannabinoids",false
PubMed,36389180,https://pubmed.ncbi.nlm.nih.gov/36389180/,"Children, Teens, & Cannabinoids",false
PubMed,36402837,https://pubmed.ncbi.nlm.nih.gov/36402837/,"Children, Teens, & Cannabinoids",false
PubMed,36410904,https://pubmed.ncbi.nlm.nih.gov/36410904/,"Children, Teens, & Cannabinoids",false
PubMed,36410908,https://pubmed.ncbi.nlm.nih.gov/36410908/,"Children, Teens, & Cannabinoids",false
PubMed,36429978,https://pubmed.ncbi.nlm.nih.gov/36429978/,"Children, Teens, & Cannabinoids",false
PubMed,36441710,https://pubmed.ncbi.nlm.nih.gov/36441710/,"Children, Teens, & Cannabinoids",false
PubMed,36458026,https://pubmed.ncbi.nlm.nih.gov/36458026/,"Children, Teens, & Cannabinoids",false
PubMed,36537670,https://pubmed.ncbi.nlm.nih.gov/36537670/,"Children, Teens, & Cannabinoids",false
PubMed,36538207,https://pubmed.ncbi.nlm.nih.gov/36538207/,"Children, Teens, & Cannabinoids",false
PubMed,36587508,https://pubmed.ncbi.nlm.nih.gov/36587508/,"Children, Teens, & Cannabinoids",false
PubMed,36592675,https://pubmed.ncbi.nlm.nih.gov/36592675/,"Children, Teens, & Cannabinoids",false
PubMed,36637814,https://pubmed.ncbi.nlm.nih.gov/36637814/,"Children, Teens, & Cannabinoids",false
PubMed,36652054,https://pubmed.ncbi.nlm.nih.gov/36652054/,"Children, Teens, & Cannabinoids",false
PubMed,36711651,https://pubmed.ncbi.nlm.nih.gov/36711651/,"Children, Teens, & Cannabinoids",false
PubMed,36754245,https://pubmed.ncbi.nlm.nih.gov/36754245/,"Children, Teens, & Cannabinoids",false
PubMed,36757578,https://pubmed.ncbi.nlm.nih.gov/36757578/,"Children, Teens, & Cannabinoids",false
PubMed,36780817,https://pubmed.ncbi.nlm.nih.gov/36780817/,"Children, Teens, & Cannabinoids",false
PubMed,36868890,https://pubmed.ncbi.nlm.nih.gov/36868890/,"Children, Teens, & Cannabinoids",false
PubMed,36878183,https://pubmed.ncbi.nlm.nih.gov/36878183/,"Children, Teens, & Cannabinoids",false
PubMed,36912754,https://pubmed.ncbi.nlm.nih.gov/36912754/,"Children, Teens, & Cannabinoids",false
PubMed,36963159,https://pubmed.ncbi.nlm.nih.gov/36963159/,"Children, Teens, & Cannabinoids",false
PubMed,37168463,https://pubmed.ncbi.nlm.nih.gov/37168463/,"Children, Teens, & Cannabinoids",false
DOI,10.1007/978-3-031-04874-6_16,https://doi.org/10.1007/978-3-031-04874-6_16,"Elderly, Aging & Dying",false
DOI,10.1080/02791072.2018.1462543,https://doi.org/10.1080/02791072.2018.1462543,"Elderly, Aging & Dying",false
DOI,10.1089/can.2020.0103,https://doi.org/10.1089/can.2020.0103,"Elderly, Aging & Dying",false
DOI,10.1089/jpm.2019.0211,https://doi.org/10.1089/jpm.2019.0211,"Elderly, Aging & Dying",false
DOI,10.1089/jpm.2019.0540,https://doi.org/10.1089/jpm.2019.0540,"Elderly, Aging & Dying",false
DOI,10.1111/dar.13171,https://doi.org/10.1111/dar.13171,"Elderly, Aging & Dying",false
DOI,10.1111/jgs.16833,https://doi.org/10.1111/jgs.16833,"Elderly, Aging & Dying",false
PMC,PMC7338393,https://www.ncbi.nlm.nih.gov/pmc/articles/PMC7338393/,"Elderly, Aging & Dying",false
PubMed,21444324,https://pubmed.ncbi.nlm.nih.gov/21444324/,"Elderly, Aging & Dying",false
PubMed,24509411,https://pubmed.ncbi.nlm.nih.gov/24509411/,"Elderly, Aging & Dying",false
PubMed,25035121,https://pubmed.ncbi.nlm.nih.gov/25035121/,"Elderly, Aging & Dying",false
PubMed,25447247,https://pubmed.ncbi.nlm.nih.gov/25447247/,"Elderly, Aging & Dying",false
PubMed,29977980,https://pubmed.ncbi.nlm.nih.gov/29977980/,"Elderly, Aging & Dying",false
PubMed,31368874,https://pubmed.ncbi.nlm.nih.gov/31368874/,"Elderly, Aging & Dying",false
PubMed,31683817,https://pubmed.ncbi.nlm.nih.gov/31683817/,"Elderly, Aging & Dying",false
PubMed,31986898,https://pubmed.ncbi.nlm.nih.gov/31986898/,"Elderly, Aging & Dying",false
PubMed,32553024,https://pubmed.ncbi.nlm.nih.gov/32553024/,"Elderly, Aging & Dying",false
PubMed,32949837,https://pubmed.ncbi.nlm.nih.gov/32949837/,"Elderly, Aging & Dying",false
PubMed,33026117,https://pubmed.ncbi.nlm.nih.gov/33026117/,"Elderly, Aging & Dying",false
PubMed,33159510,https://pubmed.ncbi.nlm.nih.gov/33159510/,"Elderly, Aging & Dying",false
PubMed,33250007,https://pubmed.ncbi.nlm.nih.gov/33250007/,"Elderly, Aging & Dying",false
PubMed,33650014,https://pubmed.ncbi.nlm.nih.gov/33650014/,"Elderly, Aging & Dying",false
PubMed,33780450,https://pubmed.ncbi.nlm.nih.gov/33780450/,"Elderly, Aging & Dying",false
PubMed,33915068,https://pubmed.ncbi.nlm.nih.gov/33915068/,"Elderly, Aging & Dying",false
PubMed,34235645,https://pubmed.ncbi.nlm.nih.gov/34235645/,"Elderly, Aging & Dying",false
PubMed,34662745,https://pubmed.ncbi.nlm.nih.gov/34662745/,"Elderly, Aging & Dying",false
PubMed,35077729,https://pubmed.ncbi.nlm.nih.gov/35077729/,"Elderly, Aging & Dying",false
PubMed,35212566,https://pubmed.ncbi.nlm.nih.gov/35212566/,"Elderly, Aging & Dying",false
PubMed,35248117,https://pubmed.ncbi.nlm.nih.gov/35248117/,"Elderly, Aging & Dying",false
PubMed,35319304,https://pubmed.ncbi.nlm.nih.gov/35319304/,"Elderly, Aging & Dying",false
PubMed,35339112,https://pubmed.ncbi.nlm.nih.gov/35339112/,"Elderly, Aging & Dying",false
PubMed,36131299,https://pubmed.ncbi.nlm.nih.gov/36131299/,"Elderly, Aging & Dying",false
PubMed,36142165,https://pubmed.ncbi.nlm.nih.gov/36142165/,"Elderly, Aging & Dying",false
PubMed,36203714,https://pubmed.ncbi.nlm.nih.gov/36203714/,"Elderly, Aging & Dying",false
PubMed,36226368,https://pubmed.ncbi.nlm.nih.gov/36226368/,"Elderly, Aging & Dying",false
PubMed,36240125,https://pubmed.ncbi.nlm.nih.gov/36240125/,"Elderly, Aging & Dying",false
PubMed,36243269,https://pubmed.ncbi.nlm.nih.gov/36243269/,"Elderly, Aging & Dying",false
PubMed,36387000,https://pubmed.ncbi.nlm.nih.gov/36387000/,"Elderly, Aging & Dying",false
PubMed,36819730,https://pubmed.ncbi.nlm.nih.gov/36819730/,"Elderly, Aging & Dying",false
DOI,10.1007/978-981-16-8313-8_25,https://doi.org/10.1007/978-981-16-8313-8_25,Eyes,false
DOI,10.1111/ejn.13810,https://doi.org/10.1111/ejn.13810,Eyes,false
DOI,10.1111/j.1755-3768.2022.0654,https://doi.org/10.1111/j.1755-3768.2022.0654,Eyes,false
PMC,PMC2955420,https://www.ncbi.nlm.nih.gov/pmc/articles/PMC2955420/,Eyes,false
PMC,PMC5389743,https://www.ncbi.nlm.nih.gov/pmc/articles/PMC5389743/,Eyes,false
PMC,PMC7519129,https://www.ncbi.nlm.nih.gov/pmc/articles/PMC7519129/,Eyes,false
PubMed,16988594,https://pubmed.ncbi.nlm.nih.gov/16988594/,Eyes,false
PubMed,17537989,https://pubmed.ncbi.nlm.nih.gov/17537989/,Eyes,false
PubMed,18725316,https://pubmed.ncbi.nlm.nih.gov/18725316/,Eyes,false
PubMed,24495949,https://pubmed.ncbi.nlm.nih.gov/24495949/,Eyes,false
PubMed,26410875,https://pubmed.ncbi.nlm.nih.gov/26410875/,Eyes,false
PubMed,27501334,https://pubmed.ncbi.nlm.nih.gov/27501334/,Eyes,false
PubMed,27861558,https://pubmed.ncbi.nlm.nih.gov/27861558/,Eyes,false
PubMed,28399267,https://pubmed.ncbi.nlm.nih.gov/28399267/,Eyes,false
PubMed,2844935,https://pubmed.ncbi.nlm.nih.gov/2844935/,Eyes,false
PubMed,28738764,https://pubmed.ncbi.nlm.nih.gov/28738764/,Eyes,false
PubMed,30121200,https://pubmed.ncbi.nlm.nih.gov/30121200/,Eyes,false
PubMed,30550613,https://pubmed.ncbi.nlm.nih.gov/30550613/,Eyes,false
PubMed,30905716,https://pubmed.ncbi.nlm.nih.gov/30905716/,Eyes,false
PubMed,30998110,https://pubmed.ncbi.nlm.nih.gov/30998110/,Eyes,false
PubMed,31199905,https://pubmed.ncbi.nlm.nih.gov/31199905/,Eyes,false
PubMed,31588378,https://pubmed.ncbi.nlm.nih.gov/31588378/,Eyes,false
PubMed,31968549,https://pubmed.ncbi.nlm.nih.gov/31968549/,Eyes,false
PubMed,31977076,https://pubmed.ncbi.nlm.nih.gov/31977076/,Eyes,false
PubMed,32150246,https://pubmed.ncbi.nlm.nih.gov/32150246/,Eyes,false
PubMed,32159404,https://pubmed.ncbi.nlm.nih.gov/32159404/,Eyes,false
PubMed,32386395,https://pubmed.ncbi.nlm.nih.gov/32386395/,Eyes,false
PubMed,32525766,https://pubmed.ncbi.nlm.nih.gov/32525766/,Eyes,false
PubMed,32796166,https://pubmed.ncbi.nlm.nih.gov/32796166/,Eyes,false
PubMed,32852544,https://pubmed.ncbi.nlm.nih.gov/32852544/,Eyes,false
PubMed,33162280,https://pubmed.ncbi.nlm.nih.gov/33162280/,Eyes,false
PubMed,33302608,https://pubmed.ncbi.nlm.nih.gov/33302608/,Eyes,false
PubMed,33327429,https://pubmed.ncbi.nlm.nih.gov/33327429/,Eyes,false
PubMed,33450278,https://pubmed.ncbi.nlm.nih.gov/33450278/,Eyes,false
PubMed,33610588,https://pubmed.ncbi.nlm.nih.gov/33610588/,Eyes,false
PubMed,33984199,https://pubmed.ncbi.nlm.nih.gov/33984199/,Eyes,false
PubMed,33996300,https://pubmed.ncbi.nlm.nih.gov/33996300/,Eyes,false
PubMed,33999707,https://pubmed.ncbi.nlm.nih.gov/33999707/,Eyes,false
PubMed,34231253,https://pubmed.ncbi.nlm.nih.gov/34231253/,Eyes,false
PubMed,34252195,https://pubmed.ncbi.nlm.nih.gov/34252195/,Eyes,false
PubMed,34642157,https://pubmed.ncbi.nlm.nih.gov/34642157/,Eyes,false
PubMed,34891121,https://pubmed.ncbi.nlm.nih.gov/34891121/,Eyes,false
PubMed,34921975,https://pubmed.ncbi.nlm.nih.gov/34921975/,Eyes,false
PubMed,34922011,https://pubmed.ncbi.nlm.nih.gov/34922011/,Eyes,false
PubMed,35067772,https://pubmed.ncbi.nlm.nih.gov/35067772/,Eyes,false
PubMed,35085162,https://pubmed.ncbi.nlm.nih.gov/35085162/,Eyes,false
PubMed,35093258,https://pubmed.ncbi.nlm.nih.gov/35093258/,Eyes,false
PubMed,35093261,https://pubmed.ncbi.nlm.nih.gov/35093261/,Eyes,false
PubMed,35111768,https://pubmed.ncbi.nlm.nih.gov/35111768/,Eyes,false
PubMed,35143834,https://pubmed.ncbi.nlm.nih.gov/35143834/,Eyes,false
PubMed,35245638,https://pubmed.ncbi.nlm.nih.gov/35245638/,Eyes,false
PubMed,35299275,https://pubmed.ncbi.nlm.nih.gov/35299275/,Eyes,false
PubMed,35411287,https://pubmed.ncbi.nlm.nih.gov/35411287/,Eyes,false
PubMed,35468582,https://pubmed.ncbi.nlm.nih.gov/35468582/,Eyes,false
PubMed,35500728,https://pubmed.ncbi.nlm.nih.gov/35500728/,Eyes,false
PubMed,35737950,https://pubmed.ncbi.nlm.nih.gov/35737950/,Eyes,false
PubMed,35753852,https://pubmed.ncbi.nlm.nih.gov/35753852/,Eyes,false
PubMed,35932931,https://pubmed.ncbi.nlm.nih.gov/35932931/,Eyes,false
PubMed,36001978,https://pubmed.ncbi.nlm.nih.gov/36001978/,Eyes,false
PubMed,36028069,https://pubmed.ncbi.nlm.nih.gov/36028069/,Eyes,false
PubMed,36197801,https://pubmed.ncbi.nlm.nih.gov/36197801/,Eyes,false
PubMed,36219683,https://pubmed.ncbi.nlm.nih.gov/36219683/,Eyes,false
PubMed,36230968,https://pubmed.ncbi.nlm.nih.gov/36230968/,Eyes,false
PubMed,36231760,https://pubmed.ncbi.nlm.nih.gov/36231760/,Eyes,false
PubMed,36465284,https://pubmed.ncbi.nlm.nih.gov/36465284/,Eyes,false
PubMed,36559077,https://pubmed.ncbi.nlm.nih.gov/36559077/,Eyes,false
PubMed,36613692,https://pubmed.ncbi.nlm.nih.gov/36613692/,Eyes,false
PubMed,36816211,https://pubmed.ncbi.nlm.nih.gov/36816211/,Eyes,false
PubMed,36897646,https://pubmed.ncbi.nlm.nih.gov/36897646/,Eyes,false
PubMed,36907022,https://pubmed.ncbi.nlm.nih.gov/36907022/,Eyes,false
PubMed,36986445,https://pubmed.ncbi.nlm.nih.gov/36986445/,Eyes,false
PubMed,38092908,https://pubmed.ncbi.nlm.nih.gov/38092908/,Eyes,false
PubMed,5109652,https://pubmed.ncbi.nlm.nih.gov/5109652/,Eyes,false
PubMed,6098513,https://pubmed.ncbi.nlm.nih.gov/6098513/,Eyes,false
PubMed,6295702,https://pubmed.ncbi.nlm.nih.gov/6295702/,Eyes,false
PubMed,6329602,https://pubmed.ncbi.nlm.nih.gov/6329602/,Eyes,false
PubMed,680037,https://pubmed.ncbi.nlm.nih.gov/680037/,Eyes,false
DOI,10.1007/978-3-030-94174-1_23,https://doi.org/10.1007/978-3-030-94174-1_23,"Genitourinary, Kidney & Bladder",false
DOI,10.1096/fasebj.2021.35.s1.04342,https://doi.org/10.1096/fasebj.2021.35.s1.04342,"Genitourinary, Kidney & Bladder",false
DOI,10.1096/fasebj.2022.36.s1.l7733,https://doi.org/10.1096/fasebj.2022.36.s1.l7733,"Genitourinary, Kidney & Bladder",false
DOI,10.1096/fasebj.2022.36.s1.r5597,https://doi.org/10.1096/fasebj.2022.36.s1.r5597,"Genitourinary, Kidney & Bladder",false
DOI,10.1096/fasebj.2022.36.s1.r5929,https://doi.org/10.1096/fasebj.2022.36.s1.r5929,"Genitourinary, Kidney & Bladder",false
DOI,10.1097/ju.0000000000002670.01,https://doi.org/10.1097/ju.0000000000002670.01,"Genitourinary, Kidney & Bladder",false
DOI,10.1097/ju.0000000000003229.11,https://doi.org/10.1097/ju.0000000000003229.11,"Genitourinary, Kidney & Bladder",false
DOI,10.1097/ju.0000000000003514,https://doi.org/10.1097/ju.0000000000003514,"Genitourinary, Kidney & Bladder",false
DOI,10.1186/s43088-021-00121-y,https://doi.org/10.1186/s43088-021-00121-y,"Genitourinary, Kidney & Bladder",false
PubMed,21290238,https://pubmed.ncbi.nlm.nih.gov/21290238/,"Genitourinary, Kidney & Bladder",false
PubMed,24184363,https://pubmed.ncbi.nlm.nih.gov/24184363/,"Genitourinary, Kidney & Bladder",false
PubMed,24285567,https://pubmed.ncbi.nlm.nih.gov/24285567/,"Genitourinary, Kidney & Bladder",false
PubMed,24561047,https://pubmed.ncbi.nlm.nih.gov/24561047/,"Genitourinary, Kidney & Bladder",false
PubMed,24827776,https://pubmed.ncbi.nlm.nih.gov/24827776/,"Genitourinary, Kidney & Bladder",false
PubMed,25374388,https://pubmed.ncbi.nlm.nih.gov/25374388/,"Genitourinary, Kidney & Bladder",false
PubMed,25463999,https://pubmed.ncbi.nlm.nih.gov/25463999/,"Genitourinary, Kidney & Bladder",false
PubMed,25981305,https://pubmed.ncbi.nlm.nih.gov/25981305/,"Genitourinary, Kidney & Bladder",false
PubMed,26197538,https://pubmed.ncbi.nlm.nih.gov/26197538/,"Genitourinary, Kidney & Bladder",false
PubMed,26280171,https://pubmed.ncbi.nlm.nih.gov/26280171/,"Genitourinary, Kidney & Bladder",false
PubMed,26398481,https://pubmed.ncbi.nlm.nih.gov/26398481/,"Genitourinary, Kidney & Bladder",false
PubMed,26761477,https://pubmed.ncbi.nlm.nih.gov/26761477/,"Genitourinary, Kidney & Bladder",false
PubMed,27367912,https://pubmed.ncbi.nlm.nih.gov/27367912/,"Genitourinary, Kidney & Bladder",false
PubMed,28860163,https://pubmed.ncbi.nlm.nih.gov/28860163/,"Genitourinary, Kidney & Bladder",false
PubMed,28861493,https://pubmed.ncbi.nlm.nih.gov/28861493/,"Genitourinary, Kidney & Bladder",false
PubMed,29579828,https://pubmed.ncbi.nlm.nih.gov/29579828/,"Genitourinary, Kidney & Bladder",false
PubMed,31124250,https://pubmed.ncbi.nlm.nih.gov/31124250/,"Genitourinary, Kidney & Bladder",false
PubMed,31346545,https://pubmed.ncbi.nlm.nih.gov/31346545/,"Genitourinary, Kidney & Bladder",false
PubMed,31729056,https://pubmed.ncbi.nlm.nih.gov/31729056/,"Genitourinary, Kidney & Bladder",false
PubMed,31802404,https://pubmed.ncbi.nlm.nih.gov/31802404/,"Genitourinary, Kidney & Bladder",false
PubMed,31972598,https://pubmed.ncbi.nlm.nih.gov/31972598/,"Genitourinary, Kidney & Bladder",false
PubMed,32004183,https://pubmed.ncbi.nlm.nih.gov/32004183/,"Genitourinary, Kidney & Bladder",false
PubMed,32197469,https://pubmed.ncbi.nlm.nih.gov/32197469/,"Genitourinary, Kidney & Bladder",false
PubMed,33129871,https://pubmed.ncbi.nlm.nih.gov/33129871/,"Genitourinary, Kidney & Bladder",false
PubMed,33152447,https://pubmed.ncbi.nlm.nih.gov/33152447/,"Genitourinary, Kidney & Bladder",false
PubMed,33749323,https://pubmed.ncbi.nlm.nih.gov/33749323/,"Genitourinary, Kidney & Bladder",false
PubMed,34414658,https://pubmed.ncbi.nlm.nih.gov/34414658/,"Genitourinary, Kidney & Bladder",false
PubMed,34468198,https://pubmed.ncbi.nlm.nih.gov/34468198/,"Genitourinary, Kidney & Bladder",false
PubMed,34577563,https://pubmed.ncbi.nlm.nih.gov/34577563/,"Genitourinary, Kidney & Bladder",false
PubMed,34597156,https://pubmed.ncbi.nlm.nih.gov/34597156/,"Genitourinary, Kidney & Bladder",false
PubMed,34704814,https://pubmed.ncbi.nlm.nih.gov/34704814/,"Genitourinary, Kidney & Bladder",false
PubMed,34987023,https://pubmed.ncbi.nlm.nih.gov/34987023/,"Genitourinary, Kidney & Bladder",false
PubMed,35054185,https://pubmed.ncbi.nlm.nih.gov/35054185/,"Genitourinary, Kidney & Bladder",false
PubMed,35196117,https://pubmed.ncbi.nlm.nih.gov/35196117/,"Genitourinary, Kidney & Bladder",false
PubMed,35263737,https://pubmed.ncbi.nlm.nih.gov/35263737/,"Genitourinary, Kidney & Bladder",false
PubMed,35379807,https://pubmed.ncbi.nlm.nih.gov/35379807/,"Genitourinary, Kidney & Bladder",false
PubMed,35413977,https://pubmed.ncbi.nlm.nih.gov/35413977/,"Genitourinary, Kidney & Bladder",false
PubMed,35476933,https://pubmed.ncbi.nlm.nih.gov/35476933/,"Genitourinary, Kidney & Bladder",false
PubMed,35647939,https://pubmed.ncbi.nlm.nih.gov/35647939/,"Genitourinary, Kidney & Bladder",false
PubMed,35710061,https://pubmed.ncbi.nlm.nih.gov/35710061/,"Genitourinary, Kidney & Bladder",false
PubMed,35881478,https://pubmed.ncbi.nlm.nih.gov/35881478/,"Genitourinary, Kidney & Bladder",false
PubMed,35913948,https://pubmed.ncbi.nlm.nih.gov/35913948/,"Genitourinary, Kidney & Bladder",false
PubMed,35938104,https://pubmed.ncbi.nlm.nih.gov/35938104/,"Genitourinary, Kidney & Bladder",false
PubMed,36009483,https://pubmed.ncbi.nlm.nih.gov/36009483/,"Genitourinary, Kidney & Bladder",false
PubMed,36077177,https://pubmed.ncbi.nlm.nih.gov/36077177/,"Genitourinary, Kidney & Bladder",false
PubMed,36126758,https://pubmed.ncbi.nlm.nih.gov/36126758/,"Genitourinary, Kidney & Bladder",false
PubMed,36150516,https://pubmed.ncbi.nlm.nih.gov/36150516/,"Genitourinary, Kidney & Bladder",false
PubMed,36289107,https://pubmed.ncbi.nlm.nih.gov/36289107/,"Genitourinary, Kidney & Bladder",false
PubMed,36360648,https://pubmed.ncbi.nlm.nih.gov/36360648/,"Genitourinary, Kidney & Bladder",false
PubMed,36594988,https://pubmed.ncbi.nlm.nih.gov/36594988/,"Genitourinary, Kidney & Bladder",false
PubMed,36598083,https://pubmed.ncbi.nlm.nih.gov/36598083/,"Genitourinary, Kidney & Bladder",false
PubMed,36678805,https://pubmed.ncbi.nlm.nih.gov/36678805/,"Genitourinary, Kidney & Bladder",false
PubMed,36700769,https://pubmed.ncbi.nlm.nih.gov/36700769/,"Genitourinary, Kidney & Bladder",false
PubMed,36712313,https://pubmed.ncbi.nlm.nih.gov/36712313/,"Genitourinary, Kidney & Bladder",false
PubMed,36791309,https://pubmed.ncbi.nlm.nih.gov/36791309/,"Genitourinary, Kidney & Bladder",false
PubMed,36831284,https://pubmed.ncbi.nlm.nih.gov/36831284/,"Genitourinary, Kidney & Bladder",false
PubMed,36835228,https://pubmed.ncbi.nlm.nih.gov/36835228/,"Genitourinary, Kidney & Bladder",false
PubMed,36835635,https://pubmed.ncbi.nlm.nih.gov/36835635/,"Genitourinary, Kidney & Bladder",false
PubMed,36858341,https://pubmed.ncbi.nlm.nih.gov/36858341/,"Genitourinary, Kidney & Bladder",false
PubMed,36865046,https://pubmed.ncbi.nlm.nih.gov/36865046/,"Genitourinary, Kidney & Bladder",false
PubMed,36865973,https://pubmed.ncbi.nlm.nih.gov/36865973/,"Genitourinary, Kidney & Bladder",false
PubMed,36891837,https://pubmed.ncbi.nlm.nih.gov/36891837/,"Genitourinary, Kidney & Bladder",false
PubMed,36898200,https://pubmed.ncbi.nlm.nih.gov/36898200/,"Genitourinary, Kidney & Bladder",false
PubMed,36902479,https://pubmed.ncbi.nlm.nih.gov/36902479/,"Genitourinary, Kidney & Bladder",false
PubMed,36945969,https://pubmed.ncbi.nlm.nih.gov/36945969/,"Genitourinary, Kidney & Bladder",false
PubMed,36949158,https://pubmed.ncbi.nlm.nih.gov/36949158/,"Genitourinary, Kidney & Bladder",false
PubMed,36988283,https://pubmed.ncbi.nlm.nih.gov/36988283/,"Genitourinary, Kidney & Bladder",false
PubMed,37006641,https://pubmed.ncbi.nlm.nih.gov/37006641/,"Genitourinary, Kidney & Bladder",false
PubMed,37007688,https://pubmed.ncbi.nlm.nih.gov/37007688/,"Genitourinary, Kidney & Bladder",false
PubMed,37126340,https://pubmed.ncbi.nlm.nih.gov/37126340/,"Genitourinary, Kidney & Bladder",false
PubMed,37241885,https://pubmed.ncbi.nlm.nih.gov/37241885/,"Genitourinary, Kidney & Bladder",false
PubMed,38183745,https://pubmed.ncbi.nlm.nih.gov/38183745/,"Genitourinary, Kidney & Bladder",false
DOI,10.1002/anie.202211774,https://doi.org/10.1002/anie.202211774,Guts,false
DOI,10.1002/jper.17-0372,https://doi.org/10.1002/jper.17-0372,Guts,false
DOI,10.1007/978-3-030-47336-5_14,https://doi.org/10.1007/978-3-030-47336-5_14,Guts,false
DOI,10.1007/978-3-031-19671-3_45,https://doi.org/10.1007/978-3-031-19671-3_45,Guts,false
DOI,10.1007/s00213-020-05529-5,https://doi.org/10.1007/s00213-020-05529-5,Guts,false
DOI,10.1007/s10620-010-1131-7,https://doi.org/10.1007/s10620-010-1131-7,Guts,false
DOI,10.1007/s11011-020-00667-3,https://doi.org/10.1007/s11011-020-00667-3,Guts,false
DOI,10.1007/s11357-022-00593-5,https://doi.org/10.1007/s11357-022-00593-5,Guts,false
DOI,10.1007/s43678-021-00122-x,https://doi.org/10.1007/s43678-021-00122-x,Guts,false
DOI,10.1016/j.ajem.2013.02.021,https://doi.org/10.1016/j.ajem.2013.02.021,Guts,false
DOI,10.1016/j.ajem.2013.12.013,https://doi.org/10.1016/j.ajem.2013.12.013,Guts,false
DOI,10.1016/j.ajem.2015.08.051,https://doi.org/10.1016/j.ajem.2015.08.051,Guts,false
DOI,10.1016/j.ajem.2021.01.004,https://doi.org/10.1016/j.ajem.2021.01.004,Guts,false
DOI,10.1016/j.ajem.2021.01.073,https://doi.org/10.1016/j.ajem.2021.01.073,Guts,false
DOI,10.1016/j.ajem.2021.05.046,https://doi.org/10.1016/j.ajem.2021.05.046,Guts,false
DOI,10.1016/j.amjmed.2013.11.020,https://doi.org/10.1016/j.amjmed.2013.11.020,Guts,false
DOI,10.1016/j.cgh.2019.07.039,https://doi.org/10.1016/j.cgh.2019.07.039,Guts,false
DOI,10.1016/j.gastrohep.2009.02.002,https://doi.org/10.1016/j.gastrohep.2009.02.002,Guts,false
DOI,10.1016/j.jadohealth.2015.07.019,https://doi.org/10.1016/j.jadohealth.2015.07.019,Guts,false
DOI,10.1016/j.jemermed.2009.07.033,https://doi.org/10.1016/j.jemermed.2009.07.033,Guts,false
DOI,10.1016/j.jemermed.2016.06.009,https://doi.org/10.1016/j.jemermed.2016.06.009,Guts,false
DOI,10.1016/j.revmed.2014.11.012,https://doi.org/10.1016/j.revmed.2014.11.012,Guts,false
DOI,10.1021/acsptsci.0c00213,https://doi.org/10.1021/acsptsci.0c00213,Guts,false
DOI,10.1038/ajg.2013.170,https://doi.org/10.1038/ajg.2013.170,Guts,false
DOI,10.1053/j.ajkd.2016.06.028,https://doi.org/10.1053/j.ajkd.2016.06.028,Guts,false
DOI,10.1055/s-0029-1246107,https://doi.org/10.1055/s-0029-1246107,Guts,false
DOI,10.1055/s-0031-1273372,https://doi.org/10.1055/s-0031-1273372,Guts,false
DOI,10.1055/s-0031-1286065,https://doi.org/10.1055/s-0031-1286065,Guts,false
DOI,10.1080/08897077.2017.1356790,https://doi.org/10.1080/08897077.2017.1356790,Guts,false
DOI,10.1080/10398560701196778,https://doi.org/10.1080/10398560701196778,Guts,false
DOI,10.1080/14659891.2023.2284936,https://doi.org/10.1080/14659891.2023.2284936,Guts,false
DOI,10.1080/15563650.2023.2183790,https://doi.org/10.1080/15563650.2023.2183790,Guts,false
DOI,10.1089/can.2019.0059,https://doi.org/10.1089/can.2019.0059,Guts,false
DOI,10.1089/can.2020.0037,https://doi.org/10.1089/can.2020.0037,Guts,false
DOI,10.1089/can.2020.0083,https://doi.org/10.1089/can.2020.0083,Guts,false
DOI,10.1089/can.2020.0087,https://doi.org/10.1089/can.2020.0087,Guts,false
DOI,10.1089/can.2021.0134,https://doi.org/10.1089/can.2021.0134,Guts,false
DOI,10.1093/crocol/otaa089,https://doi.org/10.1093/crocol/otaa089,Guts,false
DOI,10.1096/fasebj.2022.36.s1.l7967,https://doi.org/10.1096/fasebj.2022.36.s1.l7967,Guts,false
DOI,10.1096/fasebj.2022.36.s1.r2444,https://doi.org/10.1096/fasebj.2022.36.s1.r2444,Guts,false
DOI,10.1096/fasebj.2022.36.s1.r2910,https://doi.org/10.1096/fasebj.2022.36.s1.r2910,Guts,false
DOI,10.1096/fasebj.2022.36.s1.r4798,https://doi.org/10.1096/fasebj.2022.36.s1.r4798,Guts,false
DOI,10.1097/aog.0000000000000595,https://doi.org/10.1097/aog.0000000000000595,Guts,false
DOI,10.1097/jcp.0000000000000791,https://doi.org/10.1097/jcp.0000000000000791,Guts,false
DOI,10.1097/meg.0000000000000489,https://doi.org/10.1097/meg.0000000000000489,Guts,false
DOI,10.1097/mjt.0000000000000034,https://doi.org/10.1097/mjt.0000000000000034,Guts,false
DOI,10.1097/pra.0000000000000279,https://doi.org/10.1097/pra.0000000000000279,Guts,false
DOI,10.1097/tme.0000000000000283,https://doi.org/10.1097/tme.0000000000000283,Guts,false
DOI,10.1097/wnf.0000000000000118,https://doi.org/10.1097/wnf.0000000000000118,Guts,false
DOI,10.1111/1556-4029.13819,https://doi.org/10.1111/1556-4029.13819,Guts,false
DOI,10.1111/acem.14062,https://doi.org/10.1111/acem.14062,Guts,false
DOI,10.1111/fcp.12580,https://doi.org/10.1111/fcp.12580,Guts,false
DOI,10.1111/imj.14164,https://doi.org/10.1111/imj.14164,Guts,false
DOI,10.1111/j.1445-5994.2009.02047.x,https://doi.org/10.1111/j.1445-5994.2009.02047.x,Guts,false
DOI,10.1111/j.1521-0391.2011.00209.x,https://doi.org/10.1111/j.1521-0391.2011.00209.x,Guts,false
DOI,10.1111/j.1572-0241.2007.01772_11.x,https://doi.org/10.1111/j.1572-0241.2007.01772_11.x,Guts,false
DOI,10.1136/bmj.l5615,https://doi.org/10.1136/bmj.l5615,Guts,false
DOI,10.1136/bmj.l5621,https://doi.org/10.1136/bmj.l5621,Guts,false
DOI,10.1136/bmj.l5622,https://doi.org/10.1136/bmj.l5622,Guts,false
DOI,10.1136/emj.01.2010.2605rep,https://doi.org/10.1136/emj.01.2010.2605rep,Guts,false
DOI,10.1157/13091459,https://doi.org/10.1157/13091459,Guts,false
DOI,10.1177/0897190020934289,https://doi.org/10.1177/0897190020934289,Guts,false
DOI,10.1177/10600280211018516,https://doi.org/10.1177/10600280211018516,Guts,false
DOI,10.1177/2050640619889773,https://doi.org/10.1177/2050640619889773,Guts,false
DOI,10.1186/s42238-020-00027-z,https://doi.org/10.1186/s42238-020-00027-z,Guts,false
DOI,10.1186/s42238-020-0016-7,https://doi.org/10.1186/s42238-020-0016-7,Guts,false
DOI,10.12307/2023.530,https://doi.org/10.12307/2023.530,Guts,false
DOI,10.2337/figshare.17054168,https://doi.org/10.2337/figshare.17054168,Guts,false
DOI,10.3390/ijms231710016,https://doi.org/10.3390/ijms231710016,Guts,false
DOI,10.4155/fmc-2019-0172,https://doi.org/10.4155/fmc-2019-0172,Guts,false
DOI,10.7748/en.23.8.22.s25,https://doi.org/10.7748/en.23.8.22.s25,Guts,false
PMC,PMC10249977,https://www.ncbi.nlm.nih.gov/pmc/articles/PMC10249977/,Guts,false
PMC,PMC2219529,https://www.ncbi.nlm.nih.gov/pmc/articles/PMC2219529/,Guts,false
PMC,PMC2270485,https://www.ncbi.nlm.nih.gov/pmc/articles/PMC2270485/,Guts,false
PMC,PMC3538402,https://www.ncbi.nlm.nih.gov/pmc/articles/PMC3538402/,Guts,false
PMC,PMC3763664,https://www.ncbi.nlm.nih.gov/pmc/articles/PMC3763664/,Guts,false
PMC,PMC4053165,https://www.ncbi.nlm.nih.gov/pmc/articles/PMC4053165/,Guts,false
PMC,PMC4174692,https://www.ncbi.nlm.nih.gov/pmc/articles/PMC4174692/,Guts,false
PMC,PMC4641512,https://www.ncbi.nlm.nih.gov/pmc/articles/PMC4641512/,Guts,false
PMC,PMC4735328,https://www.ncbi.nlm.nih.gov/pmc/articles/PMC4735328/,Guts,false
PMC,PMC4941127,https://www.ncbi.nlm.nih.gov/pmc/articles/PMC4941127/,Guts,false
PMC,PMC5330965,https://www.ncbi.nlm.nih.gov/pmc/articles/PMC5330965/,Guts,false
PMC,PMC6339733,https://www.ncbi.nlm.nih.gov/pmc/articles/PMC6339733/,Guts,false
PMC,PMC6352823,https://www.ncbi.nlm.nih.gov/pmc/articles/PMC6352823/,Guts,false
PMC,PMC6682377,https://www.ncbi.nlm.nih.gov/pmc/articles/PMC6682377/,Guts,false
PMC,PMC6991146,https://www.ncbi.nlm.nih.gov/pmc/articles/PMC6991146/,Guts,false
PMC,PMC7213821,https://www.ncbi.nlm.nih.gov/pmc/articles/PMC7213821/,Guts,false
PMC,PMC7279677,https://www.ncbi.nlm.nih.gov/pmc/articles/PMC7279677/,Guts,false
PMC,PMC7344807,https://www.ncbi.nlm.nih.gov/pmc/articles/PMC7344807/,Guts,false
PMC,PMC7356944,https://www.ncbi.nlm.nih.gov/pmc/articles/PMC7356944/,Guts,false
PMC,PMC7574987,https://www.ncbi.nlm.nih.gov/pmc/articles/PMC7574987/,Guts,false
PMC,PMC7605024,https://www.ncbi.nlm.nih.gov/pmc/articles/PMC7605024/,Guts,false
PMC,PMC7680210,https://www.ncbi.nlm.nih.gov/pmc/articles/PMC7680210/,Guts,false
PMC,PMC7993339,https://www.ncbi.nlm.nih.gov/pmc/articles/PMC7993339/,Guts,false
PMC,PMC8259032,https://www.ncbi.nlm.nih.gov/pmc/articles/PMC8259032/,Guts,false
PMC,PMC8595616,https://www.ncbi.nlm.nih.gov/pmc/articles/PMC8595616/,Guts,false
PMC,PMC8630388,https://www.ncbi.nlm.nih.gov/pmc/articles/PMC8630388/,Guts,false
PMC,PMC8859311,https://www.ncbi.nlm.nih.gov/pmc/articles/PMC8859311/,Guts,false
PMC,PMC9225400,https://www.ncbi.nlm.nih.gov/pmc/articles/PMC9225400/,Guts,false
PMC,PMC9533451,https://www.ncbi.nlm.nih.gov/pmc/articles/PMC9533451/,Guts,false
PMC,PMC9545654,https://www.ncbi.nlm.nih.gov/pmc/articles/PMC9545654/,Guts,false
PMC,PMC9991138,https://www.ncbi.nlm.nih.gov/pmc/articles/PMC9991138/,Guts,false
PubMed,10357256,https://pubmed.ncbi.nlm.nih.gov/10357256/,Guts,false
PubMed,10611417,https://pubmed.ncbi.nlm.nih.gov/10611417/,Guts,false
PubMed,1099449,https://pubmed.ncbi.nlm.nih.gov/1099449/,Guts,false
PubMed,11298451,https://pubmed.ncbi.nlm.nih.gov/11298451/,Guts,false
PubMed,11358910,https://pubmed.ncbi.nlm.nih.gov/11358910/,Guts,false
PubMed,11698062,https://pubmed.ncbi.nlm.nih.gov/11698062/,Guts,false
PubMed,11781284,https://pubmed.ncbi.nlm.nih.gov/11781284/,Guts,false
PubMed,1273216,https://pubmed.ncbi.nlm.nih.gov/1273216/,Guts,false
PubMed,13680081,https://pubmed.ncbi.nlm.nih.gov/13680081/,Guts,false
PubMed,14740147,https://pubmed.ncbi.nlm.nih.gov/14740147/,Guts,false
PubMed,15479672,https://pubmed.ncbi.nlm.nih.gov/15479672/,Guts,true
PubMed,15831930,https://pubmed.ncbi.nlm.nih.gov/15831930/,Guts,false
PubMed,15836868,https://pubmed.ncbi.nlm.nih.gov/15836868/,Guts,false
PubMed,15841111,https://pubmed.ncbi.nlm.nih.gov/15841111/,Guts,false
PubMed,16010960,https://pubmed.ncbi.nlm.nih.gov/16010960/,Guts,false
PubMed,16083701,https://pubmed.ncbi.nlm.nih.gov/16083701/,Guts,false
PubMed,16133420,https://pubmed.ncbi.nlm.nih.gov/16133420/,Guts,false
PubMed,16157354,https://pubmed.ncbi.nlm.nih.gov/16157354/,Guts,false
PubMed,16159040,https://pubmed.ncbi.nlm.nih.gov/16159040/,Guts,false
PubMed,16261721,https://pubmed.ncbi.nlm.nih.gov/16261721/,Guts,false
PubMed,16373434,https://pubmed.ncbi.nlm.nih.gov/16373434/,Guts,false
PubMed,16400026,https://pubmed.ncbi.nlm.nih.gov/16400026/,Guts,false
PubMed,16401527,https://pubmed.ncbi.nlm.nih.gov/16401527/,Guts,false
PubMed,16698671,https://pubmed.ncbi.nlm.nih.gov/16698671/,Guts,false
PubMed,16751708,https://pubmed.ncbi.nlm.nih.gov/16751708/,Guts,false
PubMed,16938265,https://pubmed.ncbi.nlm.nih.gov/16938265/,Guts,false
PubMed,17159985,https://pubmed.ncbi.nlm.nih.gov/17159985/,Guts,false
PubMed,17349697,https://pubmed.ncbi.nlm.nih.gov/17349697/,Guts,false
PubMed,17464661,https://pubmed.ncbi.nlm.nih.gov/17464661/,Guts,false
PubMed,17712814,https://pubmed.ncbi.nlm.nih.gov/17712814/,Guts,false
PubMed,17767170,https://pubmed.ncbi.nlm.nih.gov/17767170/,Guts,false
PubMed,18373655,https://pubmed.ncbi.nlm.nih.gov/18373655/,Guts,false
PubMed,18397435,https://pubmed.ncbi.nlm.nih.gov/18397435/,Guts,false
PubMed,18456571,https://pubmed.ncbi.nlm.nih.gov/18456571/,Guts,false
PubMed,18469842,https://pubmed.ncbi.nlm.nih.gov/18469842/,Guts,false
PubMed,18493729,https://pubmed.ncbi.nlm.nih.gov/18493729/,Guts,false
PubMed,18563385,https://pubmed.ncbi.nlm.nih.gov/18563385/,Guts,false
PubMed,18601709,https://pubmed.ncbi.nlm.nih.gov/18601709/,Guts,false
PubMed,18924447,https://pubmed.ncbi.nlm.nih.gov/18924447/,Guts,false
PubMed,18957134,https://pubmed.ncbi.nlm.nih.gov/18957134/,Guts,false
PubMed,19053981,https://pubmed.ncbi.nlm.nih.gov/19053981/,Guts,false
PubMed,19121257,https://pubmed.ncbi.nlm.nih.gov/19121257/,Guts,false
PubMed,19291829,https://pubmed.ncbi.nlm.nih.gov/19291829/,Guts,false
PubMed,19319174,https://pubmed.ncbi.nlm.nih.gov/19319174/,Guts,false
PubMed,19367510,https://pubmed.ncbi.nlm.nih.gov/19367510/,Guts,false
PubMed,19371345,https://pubmed.ncbi.nlm.nih.gov/19371345/,Guts,false
PubMed,19378378,https://pubmed.ncbi.nlm.nih.gov/19378378/,Guts,true
PubMed,19411446,https://pubmed.ncbi.nlm.nih.gov/19411446/,Guts,false
PubMed,19477551,https://pubmed.ncbi.nlm.nih.gov/19477551/,Guts,false
PubMed,19641317,https://pubmed.ncbi.nlm.nih.gov/19641317/,Guts,false
PubMed,19690824,https://pubmed.ncbi.nlm.nih.gov/19690824/,Guts,false
PubMed,19765941,https://pubmed.ncbi.nlm.nih.gov/19765941/,Guts,false
PubMed,19808912,https://pubmed.ncbi.nlm.nih.gov/19808912/,Guts,false
PubMed,19912406,https://pubmed.ncbi.nlm.nih.gov/19912406/,Guts,false
PubMed,20013888,https://pubmed.ncbi.nlm.nih.gov/20013888/,Guts,false
PubMed,20080779,https://pubmed.ncbi.nlm.nih.gov/20080779/,Guts,false
PubMed,20117132,https://pubmed.ncbi.nlm.nih.gov/20117132/,Guts,false
PubMed,20130993,https://pubmed.ncbi.nlm.nih.gov/20130993/,Guts,false
PubMed,20195480,https://pubmed.ncbi.nlm.nih.gov/20195480/,Guts,false
PubMed,20236533,https://pubmed.ncbi.nlm.nih.gov/20236533/,Guts,false
PubMed,20347862,https://pubmed.ncbi.nlm.nih.gov/20347862/,Guts,false
PubMed,20426869,https://pubmed.ncbi.nlm.nih.gov/20426869/,Guts,false
PubMed,20467421,https://pubmed.ncbi.nlm.nih.gov/20467421/,Guts,false
PubMed,20485701,https://pubmed.ncbi.nlm.nih.gov/20485701/,Guts,false
PubMed,20506567,https://pubmed.ncbi.nlm.nih.gov/20506567/,Guts,false
PubMed,20590574,https://pubmed.ncbi.nlm.nih.gov/20590574/,Guts,false
PubMed,20645854,https://pubmed.ncbi.nlm.nih.gov/20645854/,Guts,false
PubMed,20975531,https://pubmed.ncbi.nlm.nih.gov/20975531/,Guts,false
PubMed,21057076,https://pubmed.ncbi.nlm.nih.gov/21057076/,Guts,false
PubMed,21086948,https://pubmed.ncbi.nlm.nih.gov/21086948/,Guts,false
PubMed,21131803,https://pubmed.ncbi.nlm.nih.gov/21131803/,Guts,false
PubMed,21144973,https://pubmed.ncbi.nlm.nih.gov/21144973/,Guts,false
PubMed,21170540,https://pubmed.ncbi.nlm.nih.gov/21170540/,Guts,false
PubMed,21172406,https://pubmed.ncbi.nlm.nih.gov/21172406/,Guts,false
PubMed,21243485,https://pubmed.ncbi.nlm.nih.gov/21243485/,Guts,false
PubMed,21310467,https://pubmed.ncbi.nlm.nih.gov/21310467/,Guts,false
PubMed,21426598,https://pubmed.ncbi.nlm.nih.gov/21426598/,Guts,false
PubMed,21462097,https://pubmed.ncbi.nlm.nih.gov/21462097/,Guts,false
PubMed,21464265,https://pubmed.ncbi.nlm.nih.gov/21464265/,Guts,false
PubMed,21484568,https://pubmed.ncbi.nlm.nih.gov/21484568/,Guts,false
PubMed,21625266,https://pubmed.ncbi.nlm.nih.gov/21625266/,Guts,false
PubMed,21668458,https://pubmed.ncbi.nlm.nih.gov/21668458/,Guts,false
PubMed,21692016,https://pubmed.ncbi.nlm.nih.gov/21692016/,Guts,false
PubMed,21745190,https://pubmed.ncbi.nlm.nih.gov/21745190/,Guts,false
PubMed,21795981,https://pubmed.ncbi.nlm.nih.gov/21795981/,Guts,false
PubMed,21827451,https://pubmed.ncbi.nlm.nih.gov/21827451/,Guts,false
PubMed,21877303,https://pubmed.ncbi.nlm.nih.gov/21877303/,Guts,false
PubMed,21886087,https://pubmed.ncbi.nlm.nih.gov/21886087/,Guts,false
PubMed,21910367,https://pubmed.ncbi.nlm.nih.gov/21910367/,Guts,false
PubMed,21951771,https://pubmed.ncbi.nlm.nih.gov/21951771/,Guts,false
PubMed,22048212,https://pubmed.ncbi.nlm.nih.gov/22048212/,Guts,false
PubMed,22069047,https://pubmed.ncbi.nlm.nih.gov/22069047/,Guts,false
PubMed,22095142,https://pubmed.ncbi.nlm.nih.gov/22095142/,Guts,false
PubMed,22150623,https://pubmed.ncbi.nlm.nih.gov/22150623/,Guts,false
PubMed,22155112,https://pubmed.ncbi.nlm.nih.gov/22155112/,Guts,false
PubMed,22163000,https://pubmed.ncbi.nlm.nih.gov/22163000/,Guts,false
PubMed,22186263,https://pubmed.ncbi.nlm.nih.gov/22186263/,Guts,false
PubMed,22269477,https://pubmed.ncbi.nlm.nih.gov/22269477/,Guts,false
PubMed,22305024,https://pubmed.ncbi.nlm.nih.gov/22305024/,Guts,true
PubMed,22332866,https://pubmed.ncbi.nlm.nih.gov/22332866/,Guts,false
PubMed,22414698,https://pubmed.ncbi.nlm.nih.gov/22414698/,Guts,false
PubMed,22423343,https://pubmed.ncbi.nlm.nih.gov/22423343/,Guts,false
PubMed,22430005,https://pubmed.ncbi.nlm.nih.gov/22430005/,Guts,false
PubMed,22480624,https://pubmed.ncbi.nlm.nih.gov/22480624/,Guts,false
PubMed,22537079,https://pubmed.ncbi.nlm.nih.gov/22537079/,Guts,false
PubMed,22543671,https://pubmed.ncbi.nlm.nih.gov/22543671/,Guts,false
PubMed,22622030,https://pubmed.ncbi.nlm.nih.gov/22622030/,Guts,false
PubMed,22685471,https://pubmed.ncbi.nlm.nih.gov/22685471/,Guts,false
PubMed,22699400,https://pubmed.ncbi.nlm.nih.gov/22699400/,Guts,false
PubMed,22778182,https://pubmed.ncbi.nlm.nih.gov/22778182/,Guts,false
PubMed,22815234,https://pubmed.ncbi.nlm.nih.gov/22815234/,Guts,false
PubMed,23072382,https://pubmed.ncbi.nlm.nih.gov/23072382/,Guts,false
PubMed,23121618,https://pubmed.ncbi.nlm.nih.gov/23121618/,Guts,false
PubMed,23367686,https://pubmed.ncbi.nlm.nih.gov/23367686/,Guts,false
PubMed,23370905,https://pubmed.ncbi.nlm.nih.gov/23370905/,Guts,false
PubMed,23415610,https://pubmed.ncbi.nlm.nih.gov/23415610/,Guts,true
PubMed,23428645,https://pubmed.ncbi.nlm.nih.gov/23428645/,Guts,false
PubMed,23463697,https://pubmed.ncbi.nlm.nih.gov/23463697/,Guts,false
PubMed,23472537,https://pubmed.ncbi.nlm.nih.gov/23472537/,Guts,false
PubMed,23488964,https://pubmed.ncbi.nlm.nih.gov/23488964/,Guts,false
PubMed,23562074,https://pubmed.ncbi.nlm.nih.gov/23562074/,Guts,false
PubMed,23583118,https://pubmed.ncbi.nlm.nih.gov/23583118/,Guts,false
PubMed,23613265,https://pubmed.ncbi.nlm.nih.gov/23613265/,Guts,false
PubMed,23648372,https://pubmed.ncbi.nlm.nih.gov/23648372/,Guts,false
PubMed,23712280,https://pubmed.ncbi.nlm.nih.gov/23712280/,Guts,false
PubMed,23756391,https://pubmed.ncbi.nlm.nih.gov/23756391/,Guts,false
PubMed,23798276,https://pubmed.ncbi.nlm.nih.gov/23798276/,Guts,false
PubMed,23890687,https://pubmed.ncbi.nlm.nih.gov/23890687/,Guts,false
PubMed,23892868,https://pubmed.ncbi.nlm.nih.gov/23892868/,Guts,false
PubMed,23902479,https://pubmed.ncbi.nlm.nih.gov/23902479/,Guts,false
PubMed,23912412,https://pubmed.ncbi.nlm.nih.gov/23912412/,Guts,false
PubMed,23983485,https://pubmed.ncbi.nlm.nih.gov/23983485/,Guts,false
PubMed,23997851,https://pubmed.ncbi.nlm.nih.gov/23997851/,Guts,false
PubMed,24006151,https://pubmed.ncbi.nlm.nih.gov/24006151/,Guts,false
PubMed,24117326,https://pubmed.ncbi.nlm.nih.gov/24117326/,Guts,false
PubMed,24120371,https://pubmed.ncbi.nlm.nih.gov/24120371/,Guts,false
PubMed,24185313,https://pubmed.ncbi.nlm.nih.gov/24185313/,Guts,false
PubMed,24238999,https://pubmed.ncbi.nlm.nih.gov/24238999/,Guts,false
PubMed,24267642,https://pubmed.ncbi.nlm.nih.gov/24267642/,Guts,false
PubMed,24281708,https://pubmed.ncbi.nlm.nih.gov/24281708/,Guts,false
PubMed,24355356,https://pubmed.ncbi.nlm.nih.gov/24355356/,Guts,false
PubMed,24356243,https://pubmed.ncbi.nlm.nih.gov/24356243/,Guts,false
PubMed,24379506,https://pubmed.ncbi.nlm.nih.gov/24379506/,Guts,false
PubMed,24386448,https://pubmed.ncbi.nlm.nih.gov/24386448/,Guts,false
PubMed,24407485,https://pubmed.ncbi.nlm.nih.gov/24407485/,Guts,false
PubMed,24413371,https://pubmed.ncbi.nlm.nih.gov/24413371/,Guts,false
PubMed,24418446,https://pubmed.ncbi.nlm.nih.gov/24418446/,Guts,false
PubMed,24421535,https://pubmed.ncbi.nlm.nih.gov/24421535/,Guts,false
PubMed,24486541,https://pubmed.ncbi.nlm.nih.gov/24486541/,Guts,false
PubMed,24508383,https://pubmed.ncbi.nlm.nih.gov/24508383/,Guts,false
PubMed,24509429,https://pubmed.ncbi.nlm.nih.gov/24509429/,Guts,false
PubMed,24530133,https://pubmed.ncbi.nlm.nih.gov/24530133/,Guts,false
PubMed,24532755,https://pubmed.ncbi.nlm.nih.gov/24532755/,Guts,false
PubMed,24631413,https://pubmed.ncbi.nlm.nih.gov/24631413/,Guts,false
PubMed,24667219,https://pubmed.ncbi.nlm.nih.gov/24667219/,Guts,false
PubMed,24765560,https://pubmed.ncbi.nlm.nih.gov/24765560/,Guts,false
PubMed,24792504,https://pubmed.ncbi.nlm.nih.gov/24792504/,Guts,false
PubMed,24795910,https://pubmed.ncbi.nlm.nih.gov/24795910/,Guts,false
PubMed,24802974,https://pubmed.ncbi.nlm.nih.gov/24802974/,Guts,false
PubMed,24818658,https://pubmed.ncbi.nlm.nih.gov/24818658/,Guts,false
PubMed,24833710,https://pubmed.ncbi.nlm.nih.gov/24833710/,Guts,false
PubMed,24872901,https://pubmed.ncbi.nlm.nih.gov/24872901/,Guts,false
PubMed,24933167,https://pubmed.ncbi.nlm.nih.gov/24933167/,Guts,false
PubMed,24953022,https://pubmed.ncbi.nlm.nih.gov/24953022/,Guts,false
PubMed,24969296,https://pubmed.ncbi.nlm.nih.gov/24969296/,Guts,false
PubMed,25022636,https://pubmed.ncbi.nlm.nih.gov/25022636/,Guts,false
PubMed,25092369,https://pubmed.ncbi.nlm.nih.gov/25092369/,Guts,false
PubMed,25120899,https://pubmed.ncbi.nlm.nih.gov/25120899/,Guts,false
PubMed,25183721,https://pubmed.ncbi.nlm.nih.gov/25183721/,Guts,false
PubMed,25187240,https://pubmed.ncbi.nlm.nih.gov/25187240/,Guts,false
PubMed,25205418,https://pubmed.ncbi.nlm.nih.gov/25205418/,Guts,false
PubMed,25212218,https://pubmed.ncbi.nlm.nih.gov/25212218/,Guts,false
PubMed,25261796,https://pubmed.ncbi.nlm.nih.gov/25261796/,Guts,false
PubMed,25262934,https://pubmed.ncbi.nlm.nih.gov/25262934/,Guts,false
PubMed,25275313,https://pubmed.ncbi.nlm.nih.gov/25275313/,Guts,false
PubMed,25285255,https://pubmed.ncbi.nlm.nih.gov/25285255/,Guts,false
PubMed,25347552,https://pubmed.ncbi.nlm.nih.gov/25347552/,Guts,false
PubMed,25393073,https://pubmed.ncbi.nlm.nih.gov/25393073/,Guts,false
PubMed,25394844,https://pubmed.ncbi.nlm.nih.gov/25394844/,Guts,false
PubMed,25516874,https://pubmed.ncbi.nlm.nih.gov/25516874/,Guts,false
PubMed,25535367,https://pubmed.ncbi.nlm.nih.gov/25535367/,Guts,false
PubMed,25542687,https://pubmed.ncbi.nlm.nih.gov/25542687/,Guts,false
PubMed,25547957,https://pubmed.ncbi.nlm.nih.gov/25547957/,Guts,false
PubMed,25567676,https://pubmed.ncbi.nlm.nih.gov/25567676/,Guts,false
PubMed,25733759,https://pubmed.ncbi.nlm.nih.gov/25733759/,Guts,false
PubMed,25774930,https://pubmed.ncbi.nlm.nih.gov/25774930/,Guts,false
PubMed,25842377,https://pubmed.ncbi.nlm.nih.gov/25842377/,Guts,false
PubMed,25843054,https://pubmed.ncbi.nlm.nih.gov/25843054/,Guts,false
PubMed,25896565,https://pubmed.ncbi.nlm.nih.gov/25896565/,Guts,false
PubMed,25903855,https://pubmed.ncbi.nlm.nih.gov/25903855/,Guts,true
PubMed,25922240,https://pubmed.ncbi.nlm.nih.gov/25922240/,Guts,false
PubMed,25929220,https://pubmed.ncbi.nlm.nih.gov/25929220/,Guts,false
PubMed,26076890,https://pubmed.ncbi.nlm.nih.gov/26076890/,Guts,false
PubMed,26137664,https://pubmed.ncbi.nlm.nih.gov/26137664/,Guts,false
PubMed,26185942,https://pubmed.ncbi.nlm.nih.gov/26185942/,Guts,false
PubMed,26248813,https://pubmed.ncbi.nlm.nih.gov/26248813/,Guts,false
PubMed,26266060,https://pubmed.ncbi.nlm.nih.gov/26266060/,Guts,false
PubMed,26283236,https://pubmed.ncbi.nlm.nih.gov/26283236/,Guts,false
PubMed,26297326,https://pubmed.ncbi.nlm.nih.gov/26297326/,Guts,false
PubMed,26372366,https://pubmed.ncbi.nlm.nih.gov/26372366/,Guts,false
PubMed,26374449,https://pubmed.ncbi.nlm.nih.gov/26374449/,Guts,false
PubMed,26408168,https://pubmed.ncbi.nlm.nih.gov/26408168/,Guts,false
PubMed,26412154,https://pubmed.ncbi.nlm.nih.gov/26412154/,Guts,false
PubMed,26422191,https://pubmed.ncbi.nlm.nih.gov/26422191/,Guts,false
PubMed,26445382,https://pubmed.ncbi.nlm.nih.gov/26445382/,Guts,false
PubMed,26548604,https://pubmed.ncbi.nlm.nih.gov/26548604/,Guts,false
PubMed,26588700,https://pubmed.ncbi.nlm.nih.gov/26588700/,Guts,false
PubMed,26592070,https://pubmed.ncbi.nlm.nih.gov/26592070/,Guts,false
PubMed,26602324,https://pubmed.ncbi.nlm.nih.gov/26602324/,Guts,false
PubMed,26633823,https://pubmed.ncbi.nlm.nih.gov/26633823/,Guts,false
PubMed,26638755,https://pubmed.ncbi.nlm.nih.gov/26638755/,Guts,false
PubMed,26646377,https://pubmed.ncbi.nlm.nih.gov/26646377/,Guts,false
PubMed,26678807,https://pubmed.ncbi.nlm.nih.gov/26678807/,Guts,false
PubMed,26698198,https://pubmed.ncbi.nlm.nih.gov/26698198/,Guts,false
PubMed,26757305,https://pubmed.ncbi.nlm.nih.gov/26757305/,Guts,false
PubMed,26791124,https://pubmed.ncbi.nlm.nih.gov/26791124/,Guts,false
PubMed,26842268,https://pubmed.ncbi.nlm.nih.gov/26842268/,Guts,false
PubMed,26880264,https://pubmed.ncbi.nlm.nih.gov/26880264/,Guts,false
PubMed,26935430,https://pubmed.ncbi.nlm.nih.gov/26935430/,Guts,false
PubMed,26990261,https://pubmed.ncbi.nlm.nih.gov/26990261/,Guts,false
PubMed,27017363,https://pubmed.ncbi.nlm.nih.gov/27017363/,Guts,false
PubMed,27067870,https://pubmed.ncbi.nlm.nih.gov/27067870/,Guts,false
PubMed,27133395,https://pubmed.ncbi.nlm.nih.gov/27133395/,Guts,false
PubMed,27219080,https://pubmed.ncbi.nlm.nih.gov/27219080/,Guts,false
PubMed,27227028,https://pubmed.ncbi.nlm.nih.gov/27227028/,Guts,false
PubMed,27247840,https://pubmed.ncbi.nlm.nih.gov/27247840/,Guts,false
PubMed,27249330,https://pubmed.ncbi.nlm.nih.gov/27249330/,Guts,false
PubMed,27283568,https://pubmed.ncbi.nlm.nih.gov/27283568/,Guts,false
PubMed,27385864,https://pubmed.ncbi.nlm.nih.gov/27385864/,Guts,false
PubMed,27485997,https://pubmed.ncbi.nlm.nih.gov/27485997/,Guts,false
PubMed,27538961,https://pubmed.ncbi.nlm.nih.gov/27538961/,Guts,false
PubMed,27573936,https://pubmed.ncbi.nlm.nih.gov/27573936/,Guts,true
PubMed,27597918,https://pubmed.ncbi.nlm.nih.gov/27597918/,Guts,false
PubMed,27623929,https://pubmed.ncbi.nlm.nih.gov/27623929/,Guts,false
PubMed,27692442,https://pubmed.ncbi.nlm.nih.gov/27692442/,Guts,false
PubMed,27713347,https://pubmed.ncbi.nlm.nih.gov/27713347/,Guts,false
PubMed,27751515,https://pubmed.ncbi.nlm.nih.gov/27751515/,Guts,false
PubMed,27757083,https://pubmed.ncbi.nlm.nih.gov/27757083/,Guts,false
PubMed,27767974,https://pubmed.ncbi.nlm.nih.gov/27767974/,Guts,false
PubMed,27891602,https://pubmed.ncbi.nlm.nih.gov/27891602/,Guts,false
PubMed,27980870,https://pubmed.ncbi.nlm.nih.gov/27980870/,Guts,false
PubMed,28000146,https://pubmed.ncbi.nlm.nih.gov/28000146/,Guts,true
PubMed,28052951,https://pubmed.ncbi.nlm.nih.gov/28052951/,Guts,false
PubMed,28065722,https://pubmed.ncbi.nlm.nih.gov/28065722/,Guts,false
PubMed,28079617,https://pubmed.ncbi.nlm.nih.gov/28079617/,Guts,false
PubMed,28191662,https://pubmed.ncbi.nlm.nih.gov/28191662/,Guts,false
PubMed,28276820,https://pubmed.ncbi.nlm.nih.gov/28276820/,Guts,false
PubMed,28281175,https://pubmed.ncbi.nlm.nih.gov/28281175/,Guts,false
PubMed,28283940,https://pubmed.ncbi.nlm.nih.gov/28283940/,Guts,false
PubMed,28349233,https://pubmed.ncbi.nlm.nih.gov/28349233/,Guts,false
PubMed,28349993,https://pubmed.ncbi.nlm.nih.gov/28349993/,Guts,false
PubMed,28353201,https://pubmed.ncbi.nlm.nih.gov/28353201/,Guts,false
PubMed,28370228,https://pubmed.ncbi.nlm.nih.gov/28370228/,Guts,true
PubMed,28382464,https://pubmed.ncbi.nlm.nih.gov/28382464/,Guts,false
PubMed,28387093,https://pubmed.ncbi.nlm.nih.gov/28387093/,Guts,false
PubMed,28400711,https://pubmed.ncbi.nlm.nih.gov/28400711/,Guts,false
PubMed,28404744,https://pubmed.ncbi.nlm.nih.gov/28404744/,Guts,false
PubMed,28494183,https://pubmed.ncbi.nlm.nih.gov/28494183/,Guts,true
PubMed,28571820,https://pubmed.ncbi.nlm.nih.gov/28571820/,Guts,false
PubMed,28604421,https://pubmed.ncbi.nlm.nih.gov/28604421/,Guts,false
PubMed,28664257,https://pubmed.ncbi.nlm.nih.gov/28664257/,Guts,false
PubMed,28712644,https://pubmed.ncbi.nlm.nih.gov/28712644/,Guts,false
PubMed,28723278,https://pubmed.ncbi.nlm.nih.gov/28723278/,Guts,false
PubMed,28730896,https://pubmed.ncbi.nlm.nih.gov/28730896/,Guts,false
PubMed,28796137,https://pubmed.ncbi.nlm.nih.gov/28796137/,Guts,false
PubMed,28835305,https://pubmed.ncbi.nlm.nih.gov/28835305/,Guts,false
PubMed,28861486,https://pubmed.ncbi.nlm.nih.gov/28861486/,Guts,false
PubMed,28866743,https://pubmed.ncbi.nlm.nih.gov/28866743/,Guts,false
PubMed,28890155,https://pubmed.ncbi.nlm.nih.gov/28890155/,Guts,false
PubMed,28953512,https://pubmed.ncbi.nlm.nih.gov/28953512/,Guts,false
PubMed,28954820,https://pubmed.ncbi.nlm.nih.gov/28954820/,Guts,false
PubMed,28962425,https://pubmed.ncbi.nlm.nih.gov/28962425/,Guts,false
PubMed,29031713,https://pubmed.ncbi.nlm.nih.gov/29031713/,Guts,false
PubMed,29045301,https://pubmed.ncbi.nlm.nih.gov/29045301/,Guts,false
PubMed,29082314,https://pubmed.ncbi.nlm.nih.gov/29082314/,Guts,false
PubMed,29095419,https://pubmed.ncbi.nlm.nih.gov/29095419/,Guts,false
PubMed,29122973,https://pubmed.ncbi.nlm.nih.gov/29122973/,Guts,false
PubMed,29132050,https://pubmed.ncbi.nlm.nih.gov/29132050/,Guts,false
PubMed,29142285,https://pubmed.ncbi.nlm.nih.gov/29142285/,Guts,false
PubMed,29300902,https://pubmed.ncbi.nlm.nih.gov/29300902/,Guts,false
PubMed,29310960,https://pubmed.ncbi.nlm.nih.gov/29310960/,Guts,false
PubMed,29320384,https://pubmed.ncbi.nlm.nih.gov/29320384/,Guts,false
PubMed,29327809,https://pubmed.ncbi.nlm.nih.gov/29327809/,Guts,false
PubMed,29331500,https://pubmed.ncbi.nlm.nih.gov/29331500/,Guts,false
PubMed,29379817,https://pubmed.ncbi.nlm.nih.gov/29379817/,Guts,false
PubMed,29422303,https://pubmed.ncbi.nlm.nih.gov/29422303/,Guts,false
PubMed,29427593,https://pubmed.ncbi.nlm.nih.gov/29427593/,Guts,false
PubMed,29551963,https://pubmed.ncbi.nlm.nih.gov/29551963/,Guts,false
PubMed,29560069,https://pubmed.ncbi.nlm.nih.gov/29560069/,Guts,false
PubMed,29656276,https://pubmed.ncbi.nlm.nih.gov/29656276/,Guts,false
PubMed,29745439,https://pubmed.ncbi.nlm.nih.gov/29745439/,Guts,false
PubMed,29768651,https://pubmed.ncbi.nlm.nih.gov/29768651/,Guts,false
PubMed,29787831,https://pubmed.ncbi.nlm.nih.gov/29787831/,Guts,false
PubMed,30031087,https://pubmed.ncbi.nlm.nih.gov/30031087/,Guts,false
PubMed,30088305,https://pubmed.ncbi.nlm.nih.gov/30088305/,Guts,false
PubMed,30102254,https://pubmed.ncbi.nlm.nih.gov/30102254/,Guts,false
PubMed,30159161,https://pubmed.ncbi.nlm.nih.gov/30159161/,Guts,false
PubMed,30196316,https://pubmed.ncbi.nlm.nih.gov/30196316/,Guts,false
PubMed,30279755,https://pubmed.ncbi.nlm.nih.gov/30279755/,Guts,false
PubMed,30305971,https://pubmed.ncbi.nlm.nih.gov/30305971/,Guts,false
PubMed,30323105,https://pubmed.ncbi.nlm.nih.gov/30323105/,Guts,false
PubMed,30358848,https://pubmed.ncbi.nlm.nih.gov/30358848/,Guts,false
PubMed,30415738,https://pubmed.ncbi.nlm.nih.gov/30415738/,Guts,false
PubMed,30426628,https://pubmed.ncbi.nlm.nih.gov/30426628/,Guts,false
PubMed,30427077,https://pubmed.ncbi.nlm.nih.gov/30427077/,Guts,false
PubMed,30430393,https://pubmed.ncbi.nlm.nih.gov/30430393/,Guts,false
PubMed,30599065,https://pubmed.ncbi.nlm.nih.gov/30599065/,Guts,false
PubMed,30700469,https://pubmed.ncbi.nlm.nih.gov/30700469/,Guts,false
PubMed,30720344,https://pubmed.ncbi.nlm.nih.gov/30720344/,Guts,false
PubMed,30723570,https://pubmed.ncbi.nlm.nih.gov/30723570/,Guts,false
PubMed,30729854,https://pubmed.ncbi.nlm.nih.gov/30729854/,Guts,false
PubMed,30766236,https://pubmed.ncbi.nlm.nih.gov/30766236/,Guts,false
PubMed,30787385,https://pubmed.ncbi.nlm.nih.gov/30787385/,Guts,false
PubMed,30793435,https://pubmed.ncbi.nlm.nih.gov/30793435/,Guts,false
PubMed,30801394,https://pubmed.ncbi.nlm.nih.gov/30801394/,Guts,false
PubMed,30806339,https://pubmed.ncbi.nlm.nih.gov/30806339/,Guts,false
PubMed,30825109,https://pubmed.ncbi.nlm.nih.gov/30825109/,Guts,false
PubMed,30843884,https://pubmed.ncbi.nlm.nih.gov/30843884/,Guts,false
PubMed,30865015,https://pubmed.ncbi.nlm.nih.gov/30865015/,Guts,false
PubMed,30898678,https://pubmed.ncbi.nlm.nih.gov/30898678/,Guts,false
PubMed,30913155,https://pubmed.ncbi.nlm.nih.gov/30913155/,Guts,false
PubMed,30949710,https://pubmed.ncbi.nlm.nih.gov/30949710/,Guts,false
PubMed,31054246,https://pubmed.ncbi.nlm.nih.gov/31054246/,Guts,false
PubMed,31077362,https://pubmed.ncbi.nlm.nih.gov/31077362/,Guts,false
PubMed,31104487,https://pubmed.ncbi.nlm.nih.gov/31104487/,Guts,false
PubMed,31132422,https://pubmed.ncbi.nlm.nih.gov/31132422/,Guts,false
PubMed,31133765,https://pubmed.ncbi.nlm.nih.gov/31133765/,Guts,false
PubMed,31138606,https://pubmed.ncbi.nlm.nih.gov/31138606/,Guts,false
PubMed,31152633,https://pubmed.ncbi.nlm.nih.gov/31152633/,Guts,false
PubMed,31156558,https://pubmed.ncbi.nlm.nih.gov/31156558/,Guts,false
PubMed,31188343,https://pubmed.ncbi.nlm.nih.gov/31188343/,Guts,false
PubMed,31202201,https://pubmed.ncbi.nlm.nih.gov/31202201/,Guts,false
PubMed,31215302,https://pubmed.ncbi.nlm.nih.gov/31215302/,Guts,false
PubMed,31241817,https://pubmed.ncbi.nlm.nih.gov/31241817/,Guts,false
PubMed,31258545,https://pubmed.ncbi.nlm.nih.gov/31258545/,Guts,false
PubMed,31280510,https://pubmed.ncbi.nlm.nih.gov/31280510/,Guts,false
PubMed,31286394,https://pubmed.ncbi.nlm.nih.gov/31286394/,Guts,false
PubMed,31324702,https://pubmed.ncbi.nlm.nih.gov/31324702/,Guts,false
PubMed,31336406,https://pubmed.ncbi.nlm.nih.gov/31336406/,Guts,false
PubMed,31352091,https://pubmed.ncbi.nlm.nih.gov/31352091/,Guts,false
PubMed,31367991,https://pubmed.ncbi.nlm.nih.gov/31367991/,Guts,false
PubMed,31373049,https://pubmed.ncbi.nlm.nih.gov/31373049/,Guts,false
PubMed,31393356,https://pubmed.ncbi.nlm.nih.gov/31393356/,Guts,false
PubMed,31403013,https://pubmed.ncbi.nlm.nih.gov/31403013/,Guts,false
PubMed,31420305,https://pubmed.ncbi.nlm.nih.gov/31420305/,Guts,false
PubMed,31434293,https://pubmed.ncbi.nlm.nih.gov/31434293/,Guts,false
PubMed,31452923,https://pubmed.ncbi.nlm.nih.gov/31452923/,Guts,false
PubMed,31456239,https://pubmed.ncbi.nlm.nih.gov/31456239/,Guts,false
PubMed,31461164,https://pubmed.ncbi.nlm.nih.gov/31461164/,Guts,false
PubMed,31482758,https://pubmed.ncbi.nlm.nih.gov/31482758/,Guts,false
PubMed,31487051,https://pubmed.ncbi.nlm.nih.gov/31487051/,Guts,false
PubMed,31488758,https://pubmed.ncbi.nlm.nih.gov/31488758/,Guts,false
PubMed,31493498,https://pubmed.ncbi.nlm.nih.gov/31493498/,Guts,false
PubMed,31497799,https://pubmed.ncbi.nlm.nih.gov/31497799/,Guts,false
PubMed,31499052,https://pubmed.ncbi.nlm.nih.gov/31499052/,Guts,false
PubMed,31511820,https://pubmed.ncbi.nlm.nih.gov/31511820/,Guts,false
PubMed,31548251,https://pubmed.ncbi.nlm.nih.gov/31548251/,Guts,false
PubMed,31548253,https://pubmed.ncbi.nlm.nih.gov/31548253/,Guts,false
PubMed,31548258,https://pubmed.ncbi.nlm.nih.gov/31548258/,Guts,false
PubMed,31548260,https://pubmed.ncbi.nlm.nih.gov/31548260/,Guts,false
PubMed,31553934,https://pubmed.ncbi.nlm.nih.gov/31553934/,Guts,false
PubMed,31567639,https://pubmed.ncbi.nlm.nih.gov/31567639/,Guts,false
PubMed,31568081,https://pubmed.ncbi.nlm.nih.gov/31568081/,Guts,false
PubMed,31634502,https://pubmed.ncbi.nlm.nih.gov/31634502/,Guts,false
PubMed,31634872,https://pubmed.ncbi.nlm.nih.gov/31634872/,Guts,false
PubMed,31681262,https://pubmed.ncbi.nlm.nih.gov/31681262/,Guts,false
PubMed,31686231,https://pubmed.ncbi.nlm.nih.gov/31686231/,Guts,false
PubMed,31690638,https://pubmed.ncbi.nlm.nih.gov/31690638/,Guts,false
PubMed,31706843,https://pubmed.ncbi.nlm.nih.gov/31706843/,Guts,false
PubMed,31738934,https://pubmed.ncbi.nlm.nih.gov/31738934/,Guts,false
PubMed,31760810,https://pubmed.ncbi.nlm.nih.gov/31760810/,Guts,false
PubMed,31764090,https://pubmed.ncbi.nlm.nih.gov/31764090/,Guts,false
PubMed,31800399,https://pubmed.ncbi.nlm.nih.gov/31800399/,Guts,false
PubMed,31802588,https://pubmed.ncbi.nlm.nih.gov/31802588/,Guts,false
PubMed,31808466,https://pubmed.ncbi.nlm.nih.gov/31808466/,Guts,false
PubMed,31826058,https://pubmed.ncbi.nlm.nih.gov/31826058/,Guts,false
PubMed,31834086,https://pubmed.ncbi.nlm.nih.gov/31834086/,Guts,false
PubMed,31841355,https://pubmed.ncbi.nlm.nih.gov/31841355/,Guts,false
PubMed,31848310,https://pubmed.ncbi.nlm.nih.gov/31848310/,Guts,false
PubMed,31854091,https://pubmed.ncbi.nlm.nih.gov/31854091/,Guts,false
PubMed,31854092,https://pubmed.ncbi.nlm.nih.gov/31854092/,Guts,false
PubMed,31897571,https://pubmed.ncbi.nlm.nih.gov/31897571/,Guts,false
PubMed,31899693,https://pubmed.ncbi.nlm.nih.gov/31899693/,Guts,false
PubMed,31913735,https://pubmed.ncbi.nlm.nih.gov/31913735/,Guts,false
PubMed,31916006,https://pubmed.ncbi.nlm.nih.gov/31916006/,Guts,false
PubMed,31926479,https://pubmed.ncbi.nlm.nih.gov/31926479/,Guts,false
PubMed,31970413,https://pubmed.ncbi.nlm.nih.gov/31970413/,Guts,false
PubMed,31987224,https://pubmed.ncbi.nlm.nih.gov/31987224/,Guts,false
PubMed,31990435,https://pubmed.ncbi.nlm.nih.gov/31990435/,Guts,false
PubMed,31993268,https://pubmed.ncbi.nlm.nih.gov/31993268/,Guts,false
PubMed,31994714,https://pubmed.ncbi.nlm.nih.gov/31994714/,Guts,false
PubMed,32000189,https://pubmed.ncbi.nlm.nih.gov/32000189/,Guts,false
PubMed,32061773,https://pubmed.ncbi.nlm.nih.gov/32061773/,Guts,false
PubMed,32067516,https://pubmed.ncbi.nlm.nih.gov/32067516/,Guts,false
PubMed,32076613,https://pubmed.ncbi.nlm.nih.gov/32076613/,Guts,false
PubMed,32077098,https://pubmed.ncbi.nlm.nih.gov/32077098/,Guts,false
PubMed,32106469,https://pubmed.ncbi.nlm.nih.gov/32106469/,Guts,false
PubMed,32148030,https://pubmed.ncbi.nlm.nih.gov/32148030/,Guts,false
PubMed,32185665,https://pubmed.ncbi.nlm.nih.gov/32185665/,Guts,false
PubMed,32194509,https://pubmed.ncbi.nlm.nih.gov/32194509/,Guts,false
PubMed,32217148,https://pubmed.ncbi.nlm.nih.gov/32217148/,Guts,false
PubMed,32240516,https://pubmed.ncbi.nlm.nih.gov/32240516/,Guts,false
PubMed,32275093,https://pubmed.ncbi.nlm.nih.gov/32275093/,Guts,false
PubMed,32275310,https://pubmed.ncbi.nlm.nih.gov/32275310/,Guts,false
PubMed,32298508,https://pubmed.ncbi.nlm.nih.gov/32298508/,Guts,false
PubMed,32316252,https://pubmed.ncbi.nlm.nih.gov/32316252/,Guts,false
PubMed,32317751,https://pubmed.ncbi.nlm.nih.gov/32317751/,Guts,false
PubMed,32331305,https://pubmed.ncbi.nlm.nih.gov/32331305/,Guts,false
PubMed,32337119,https://pubmed.ncbi.nlm.nih.gov/32337119/,Guts,false
PubMed,32357565,https://pubmed.ncbi.nlm.nih.gov/32357565/,Guts,false
PubMed,32360935,https://pubmed.ncbi.nlm.nih.gov/32360935/,Guts,false
PubMed,32399633,https://pubmed.ncbi.nlm.nih.gov/32399633/,Guts,false
PubMed,32400224,https://pubmed.ncbi.nlm.nih.gov/32400224/,Guts,false
PubMed,32400905,https://pubmed.ncbi.nlm.nih.gov/32400905/,Guts,false
PubMed,32423445,https://pubmed.ncbi.nlm.nih.gov/32423445/,Guts,false
PubMed,32449448,https://pubmed.ncbi.nlm.nih.gov/32449448/,Guts,false
PubMed,32455987,https://pubmed.ncbi.nlm.nih.gov/32455987/,Guts,false
PubMed,32472123,https://pubmed.ncbi.nlm.nih.gov/32472123/,Guts,false
PubMed,32472256,https://pubmed.ncbi.nlm.nih.gov/32472256/,Guts,false
PubMed,32488349,https://pubmed.ncbi.nlm.nih.gov/32488349/,Guts,false
PubMed,32562275,https://pubmed.ncbi.nlm.nih.gov/32562275/,Guts,false
PubMed,32564375,https://pubmed.ncbi.nlm.nih.gov/32564375/,Guts,false
PubMed,32569429,https://pubmed.ncbi.nlm.nih.gov/32569429/,Guts,false
PubMed,32572955,https://pubmed.ncbi.nlm.nih.gov/32572955/,Guts,false
PubMed,32580926,https://pubmed.ncbi.nlm.nih.gov/32580926/,Guts,false
PubMed,32581625,https://pubmed.ncbi.nlm.nih.gov/32581625/,Guts,false
PubMed,32613883,https://pubmed.ncbi.nlm.nih.gov/32613883/,Guts,false
PubMed,32645304,https://pubmed.ncbi.nlm.nih.gov/32645304/,Guts,false
PubMed,32651745,https://pubmed.ncbi.nlm.nih.gov/32651745/,Guts,false
PubMed,32656345,https://pubmed.ncbi.nlm.nih.gov/32656345/,Guts,false
PubMed,32659299,https://pubmed.ncbi.nlm.nih.gov/32659299/,Guts,false
PubMed,32671459,https://pubmed.ncbi.nlm.nih.gov/32671459/,Guts,false
PubMed,32675631,https://pubmed.ncbi.nlm.nih.gov/32675631/,Guts,false
PubMed,32680936,https://pubmed.ncbi.nlm.nih.gov/32680936/,Guts,false
PubMed,32732136,https://pubmed.ncbi.nlm.nih.gov/32732136/,Guts,false
PubMed,32771417,https://pubmed.ncbi.nlm.nih.gov/32771417/,Guts,false
PubMed,32779297,https://pubmed.ncbi.nlm.nih.gov/32779297/,Guts,false
PubMed,32787931,https://pubmed.ncbi.nlm.nih.gov/32787931/,Guts,false
PubMed,32795503,https://pubmed.ncbi.nlm.nih.gov/32795503/,Guts,false
PubMed,32798334,https://pubmed.ncbi.nlm.nih.gov/32798334/,Guts,false
PubMed,32801017,https://pubmed.ncbi.nlm.nih.gov/32801017/,Guts,false
PubMed,32804775,https://pubmed.ncbi.nlm.nih.gov/32804775/,Guts,false
PubMed,32807222,https://pubmed.ncbi.nlm.nih.gov/32807222/,Guts,false
PubMed,32859125,https://pubmed.ncbi.nlm.nih.gov/32859125/,Guts,false
PubMed,32920617,https://pubmed.ncbi.nlm.nih.gov/32920617/,Guts,false
PubMed,32962222,https://pubmed.ncbi.nlm.nih.gov/32962222/,Guts,false
PubMed,32971226,https://pubmed.ncbi.nlm.nih.gov/32971226/,Guts,false
PubMed,32979391,https://pubmed.ncbi.nlm.nih.gov/32979391/,Guts,false
PubMed,32994521,https://pubmed.ncbi.nlm.nih.gov/32994521/,Guts,false
PubMed,32996187,https://pubmed.ncbi.nlm.nih.gov/32996187/,Guts,false
PubMed,32998300,https://pubmed.ncbi.nlm.nih.gov/32998300/,Guts,false
PubMed,33031742,https://pubmed.ncbi.nlm.nih.gov/33031742/,Guts,false
PubMed,33036874,https://pubmed.ncbi.nlm.nih.gov/33036874/,Guts,false
PubMed,33038759,https://pubmed.ncbi.nlm.nih.gov/33038759/,Guts,false
PubMed,33089434,https://pubmed.ncbi.nlm.nih.gov/33089434/,Guts,false
PubMed,33090239,https://pubmed.ncbi.nlm.nih.gov/33090239/,Guts,false
PubMed,33100362,https://pubmed.ncbi.nlm.nih.gov/33100362/,Guts,false
PubMed,33104865,https://pubmed.ncbi.nlm.nih.gov/33104865/,Guts,false
PubMed,33113371,https://pubmed.ncbi.nlm.nih.gov/33113371/,Guts,false
PubMed,33113429,https://pubmed.ncbi.nlm.nih.gov/33113429/,Guts,false
PubMed,33115404,https://pubmed.ncbi.nlm.nih.gov/33115404/,Guts,false
PubMed,33115959,https://pubmed.ncbi.nlm.nih.gov/33115959/,Guts,false
PubMed,33123730,https://pubmed.ncbi.nlm.nih.gov/33123730/,Guts,false
PubMed,33127240,https://pubmed.ncbi.nlm.nih.gov/33127240/,Guts,false
PubMed,33138155,https://pubmed.ncbi.nlm.nih.gov/33138155/,Guts,false
PubMed,33144338,https://pubmed.ncbi.nlm.nih.gov/33144338/,Guts,false
PubMed,33160719,https://pubmed.ncbi.nlm.nih.gov/33160719/,Guts,false
PubMed,33162734,https://pubmed.ncbi.nlm.nih.gov/33162734/,Guts,false
PubMed,33186639,https://pubmed.ncbi.nlm.nih.gov/33186639/,Guts,false
PubMed,33198232,https://pubmed.ncbi.nlm.nih.gov/33198232/,Guts,false
PubMed,33208685,https://pubmed.ncbi.nlm.nih.gov/33208685/,Guts,false
PubMed,33209051,https://pubmed.ncbi.nlm.nih.gov/33209051/,Guts,false
PubMed,33249225,https://pubmed.ncbi.nlm.nih.gov/33249225/,Guts,false
PubMed,33289595,https://pubmed.ncbi.nlm.nih.gov/33289595/,Guts,false
PubMed,33294233,https://pubmed.ncbi.nlm.nih.gov/33294233/,Guts,false
PubMed,33308413,https://pubmed.ncbi.nlm.nih.gov/33308413/,Guts,false
PubMed,33331878,https://pubmed.ncbi.nlm.nih.gov/33331878/,Guts,false
PubMed,33337346,https://pubmed.ncbi.nlm.nih.gov/33337346/,Guts,false
PubMed,33348740,https://pubmed.ncbi.nlm.nih.gov/33348740/,Guts,false
PubMed,33361699,https://pubmed.ncbi.nlm.nih.gov/33361699/,Guts,false
PubMed,33373267,https://pubmed.ncbi.nlm.nih.gov/33373267/,Guts,false
PubMed,33379212,https://pubmed.ncbi.nlm.nih.gov/33379212/,Guts,false
PubMed,33386893,https://pubmed.ncbi.nlm.nih.gov/33386893/,Guts,false
PubMed,33387286,https://pubmed.ncbi.nlm.nih.gov/33387286/,Guts,false
PubMed,33393630,https://pubmed.ncbi.nlm.nih.gov/33393630/,Guts,false
PubMed,33401515,https://pubmed.ncbi.nlm.nih.gov/33401515/,Guts,false
PubMed,33423327,https://pubmed.ncbi.nlm.nih.gov/33423327/,Guts,false
PubMed,33444649,https://pubmed.ncbi.nlm.nih.gov/33444649/,Guts,false
PubMed,33466285,https://pubmed.ncbi.nlm.nih.gov/33466285/,Guts,false
PubMed,33471483,https://pubmed.ncbi.nlm.nih.gov/33471483/,Guts,false
PubMed,33477821,https://pubmed.ncbi.nlm.nih.gov/33477821/,Guts,false
PubMed,33493547,https://pubmed.ncbi.nlm.nih.gov/33493547/,Guts,false
PubMed,33493995,https://pubmed.ncbi.nlm.nih.gov/33493995/,Guts,false
PubMed,33494452,https://pubmed.ncbi.nlm.nih.gov/33494452/,Guts,false
PubMed,33526133,https://pubmed.ncbi.nlm.nih.gov/33526133/,Guts,false
PubMed,33526143,https://pubmed.ncbi.nlm.nih.gov/33526143/,Guts,false
PubMed,33541594,https://pubmed.ncbi.nlm.nih.gov/33541594/,Guts,false
PubMed,33558679,https://pubmed.ncbi.nlm.nih.gov/33558679/,Guts,false
PubMed,33561623,https://pubmed.ncbi.nlm.nih.gov/33561623/,Guts,false
PubMed,33571293,https://pubmed.ncbi.nlm.nih.gov/33571293/,Guts,false
PubMed,33575982,https://pubmed.ncbi.nlm.nih.gov/33575982/,Guts,false
PubMed,33580533,https://pubmed.ncbi.nlm.nih.gov/33580533/,Guts,false
PubMed,33595385,https://pubmed.ncbi.nlm.nih.gov/33595385/,Guts,false
PubMed,33628261,https://pubmed.ncbi.nlm.nih.gov/33628261/,Guts,false
PubMed,33633545,https://pubmed.ncbi.nlm.nih.gov/33633545/,Guts,false
PubMed,33651776,https://pubmed.ncbi.nlm.nih.gov/33651776/,Guts,false
PubMed,33665479,https://pubmed.ncbi.nlm.nih.gov/33665479/,Guts,false
PubMed,33712244,https://pubmed.ncbi.nlm.nih.gov/33712244/,Guts,false
PubMed,33715173,https://pubmed.ncbi.nlm.nih.gov/33715173/,Guts,false
PubMed,33740842,https://pubmed.ncbi.nlm.nih.gov/33740842/,Guts,false
PubMed,33762293,https://pubmed.ncbi.nlm.nih.gov/33762293/,Guts,false
PubMed,33763720,https://pubmed.ncbi.nlm.nih.gov/33763720/,Guts,false
PubMed,33780213,https://pubmed.ncbi.nlm.nih.gov/33780213/,Guts,false
PubMed,33781949,https://pubmed.ncbi.nlm.nih.gov/33781949/,Guts,false
PubMed,33784479,https://pubmed.ncbi.nlm.nih.gov/33784479/,Guts,false
PubMed,33809893,https://pubmed.ncbi.nlm.nih.gov/33809893/,Guts,false
PubMed,33835132,https://pubmed.ncbi.nlm.nih.gov/33835132/,Guts,false
PubMed,33835429,https://pubmed.ncbi.nlm.nih.gov/33835429/,Guts,false
PubMed,33856071,https://pubmed.ncbi.nlm.nih.gov/33856071/,Guts,false
PubMed,33858011,https://pubmed.ncbi.nlm.nih.gov/33858011/,Guts,false
PubMed,33863856,https://pubmed.ncbi.nlm.nih.gov/33863856/,Guts,false
PubMed,33864862,https://pubmed.ncbi.nlm.nih.gov/33864862/,Guts,false
PubMed,33872753,https://pubmed.ncbi.nlm.nih.gov/33872753/,Guts,false
PubMed,33913422,https://pubmed.ncbi.nlm.nih.gov/33913422/,Guts,false
PubMed,33915889,https://pubmed.ncbi.nlm.nih.gov/33915889/,Guts,false
PubMed,33929931,https://pubmed.ncbi.nlm.nih.gov/33929931/,Guts,false
PubMed,33934685,https://pubmed.ncbi.nlm.nih.gov/33934685/,Guts,false
PubMed,33967995,https://pubmed.ncbi.nlm.nih.gov/33967995/,Guts,false
PubMed,33995048,https://pubmed.ncbi.nlm.nih.gov/33995048/,Guts,false
PubMed,33998315,https://pubmed.ncbi.nlm.nih.gov/33998315/,Guts,false
PubMed,33998876,https://pubmed.ncbi.nlm.nih.gov/33998876/,Guts,false
PubMed,34035677,https://pubmed.ncbi.nlm.nih.gov/34035677/,Guts,false
PubMed,34064024,https://pubmed.ncbi.nlm.nih.gov/34064024/,Guts,false
PubMed,34096455,https://pubmed.ncbi.nlm.nih.gov/34096455/,Guts,false
PubMed,34097543,https://pubmed.ncbi.nlm.nih.gov/34097543/,Guts,false
PubMed,34103168,https://pubmed.ncbi.nlm.nih.gov/34103168/,Guts,false
PubMed,34110607,https://pubmed.ncbi.nlm.nih.gov/34110607/,Guts,false
PubMed,34115519,https://pubmed.ncbi.nlm.nih.gov/34115519/,Guts,false
PubMed,34115951,https://pubmed.ncbi.nlm.nih.gov/34115951/,Guts,false
PubMed,34147601,https://pubmed.ncbi.nlm.nih.gov/34147601/,Guts,false
PubMed,34156697,https://pubmed.ncbi.nlm.nih.gov/34156697/,Guts,false
PubMed,34162444,https://pubmed.ncbi.nlm.nih.gov/34162444/,Guts,false
PubMed,34165614,https://pubmed.ncbi.nlm.nih.gov/34165614/,Guts,false
PubMed,34177226,https://pubmed.ncbi.nlm.nih.gov/34177226/,Guts,false
PubMed,34181977,https://pubmed.ncbi.nlm.nih.gov/34181977/,Guts,false
PubMed,34224490,https://pubmed.ncbi.nlm.nih.gov/34224490/,Guts,false
PubMed,34227878,https://pubmed.ncbi.nlm.nih.gov/34227878/,Guts,false
PubMed,34229620,https://pubmed.ncbi.nlm.nih.gov/34229620/,Guts,false
PubMed,34242511,https://pubmed.ncbi.nlm.nih.gov/34242511/,Guts,false
PubMed,34242945,https://pubmed.ncbi.nlm.nih.gov/34242945/,Guts,false
PubMed,34293356,https://pubmed.ncbi.nlm.nih.gov/34293356/,Guts,false
PubMed,34317606,https://pubmed.ncbi.nlm.nih.gov/34317606/,Guts,false
PubMed,34325648,https://pubmed.ncbi.nlm.nih.gov/34325648/,Guts,false
PubMed,34343506,https://pubmed.ncbi.nlm.nih.gov/34343506/,Guts,false
PubMed,34364304,https://pubmed.ncbi.nlm.nih.gov/34364304/,Guts,false
PubMed,34435590,https://pubmed.ncbi.nlm.nih.gov/34435590/,Guts,false
PubMed,34437952,https://pubmed.ncbi.nlm.nih.gov/34437952/,Guts,false
PubMed,34467221,https://pubmed.ncbi.nlm.nih.gov/34467221/,Guts,false
PubMed,34470869,https://pubmed.ncbi.nlm.nih.gov/34470869/,Guts,false
PubMed,34483631,https://pubmed.ncbi.nlm.nih.gov/34483631/,Guts,false
PubMed,34515556,https://pubmed.ncbi.nlm.nih.gov/34515556/,Guts,false
PubMed,34531823,https://pubmed.ncbi.nlm.nih.gov/34531823/,Guts,false
PubMed,34533218,https://pubmed.ncbi.nlm.nih.gov/34533218/,Guts,false
PubMed,34533572,https://pubmed.ncbi.nlm.nih.gov/34533572/,Guts,false
PubMed,34606993,https://pubmed.ncbi.nlm.nih.gov/34606993/,Guts,false
PubMed,34607735,https://pubmed.ncbi.nlm.nih.gov/34607735/,Guts,false
PubMed,34607736,https://pubmed.ncbi.nlm.nih.gov/34607736/,Guts,false
PubMed,34648718,https://pubmed.ncbi.nlm.nih.gov/34648718/,Guts,false
PubMed,34654741,https://pubmed.ncbi.nlm.nih.gov/34654741/,Guts,false
PubMed,34664988,https://pubmed.ncbi.nlm.nih.gov/34664988/,Guts,false
PubMed,34675233,https://pubmed.ncbi.nlm.nih.gov/34675233/,Guts,false
PubMed,34676325,https://pubmed.ncbi.nlm.nih.gov/34676325/,Guts,false
PubMed,34705837,https://pubmed.ncbi.nlm.nih.gov/34705837/,Guts,false
PubMed,34718828,https://pubmed.ncbi.nlm.nih.gov/34718828/,Guts,false
PubMed,34724666,https://pubmed.ncbi.nlm.nih.gov/34724666/,Guts,false
PubMed,34724682,https://pubmed.ncbi.nlm.nih.gov/34724682/,Guts,false
PubMed,34728775,https://pubmed.ncbi.nlm.nih.gov/34728775/,Guts,false
PubMed,34732980,https://pubmed.ncbi.nlm.nih.gov/34732980/,Guts,false
PubMed,34735682,https://pubmed.ncbi.nlm.nih.gov/34735682/,Guts,false
PubMed,34756408,https://pubmed.ncbi.nlm.nih.gov/34756408/,Guts,false
PubMed,34777770,https://pubmed.ncbi.nlm.nih.gov/34777770/,Guts,false
PubMed,34826801,https://pubmed.ncbi.nlm.nih.gov/34826801/,Guts,false
PubMed,34835474,https://pubmed.ncbi.nlm.nih.gov/34835474/,Guts,false
PubMed,34850893,https://pubmed.ncbi.nlm.nih.gov/34850893/,Guts,false
PubMed,34872800,https://pubmed.ncbi.nlm.nih.gov/34872800/,Guts,true
PubMed,34880067,https://pubmed.ncbi.nlm.nih.gov/34880067/,Guts,true
PubMed,34883211,https://pubmed.ncbi.nlm.nih.gov/34883211/,Guts,false
PubMed,34901450,https://pubmed.ncbi.nlm.nih.gov/34901450/,Guts,false
PubMed,34942358,https://pubmed.ncbi.nlm.nih.gov/34942358/,Guts,false
PubMed,34954190,https://pubmed.ncbi.nlm.nih.gov/34954190/,Guts,false
PubMed,34954656,https://pubmed.ncbi.nlm.nih.gov/34954656/,Guts,false
PubMed,34955755,https://pubmed.ncbi.nlm.nih.gov/34955755/,Guts,false
PubMed,34959715,https://pubmed.ncbi.nlm.nih.gov/34959715/,Guts,false
PubMed,35003109,https://pubmed.ncbi.nlm.nih.gov/35003109/,Guts,false
PubMed,35011234,https://pubmed.ncbi.nlm.nih.gov/35011234/,Guts,false
PubMed,35024935,https://pubmed.ncbi.nlm.nih.gov/35024935/,Guts,false
PubMed,35045012,https://pubmed.ncbi.nlm.nih.gov/35045012/,Guts,false
PubMed,35063024,https://pubmed.ncbi.nlm.nih.gov/35063024/,Guts,false
PubMed,35093949,https://pubmed.ncbi.nlm.nih.gov/35093949/,Guts,false
PubMed,35131175,https://pubmed.ncbi.nlm.nih.gov/35131175/,Guts,false
PubMed,35176443,https://pubmed.ncbi.nlm.nih.gov/35176443/,Guts,false
PubMed,35179705,https://pubmed.ncbi.nlm.nih.gov/35179705/,Guts,false
PubMed,35199462,https://pubmed.ncbi.nlm.nih.gov/35199462/,Guts,false
PubMed,35216351,https://pubmed.ncbi.nlm.nih.gov/35216351/,Guts,false
PubMed,35258504,https://pubmed.ncbi.nlm.nih.gov/35258504/,Guts,false
PubMed,35266554,https://pubmed.ncbi.nlm.nih.gov/35266554/,Guts,false
PubMed,35305183,https://pubmed.ncbi.nlm.nih.gov/35305183/,Guts,false
PubMed,35311429,https://pubmed.ncbi.nlm.nih.gov/35311429/,Guts,false
PubMed,35328503,https://pubmed.ncbi.nlm.nih.gov/35328503/,Guts,false
PubMed,35332345,https://pubmed.ncbi.nlm.nih.gov/35332345/,Guts,false
PubMed,35358799,https://pubmed.ncbi.nlm.nih.gov/35358799/,Guts,false
PubMed,35360659,https://pubmed.ncbi.nlm.nih.gov/35360659/,Guts,false
PubMed,35362240,https://pubmed.ncbi.nlm.nih.gov/35362240/,Guts,false
PubMed,35407131,https://pubmed.ncbi.nlm.nih.gov/35407131/,Guts,false
PubMed,35450527,https://pubmed.ncbi.nlm.nih.gov/35450527/,Guts,false
PubMed,35460032,https://pubmed.ncbi.nlm.nih.gov/35460032/,Guts,false
PubMed,35472140,https://pubmed.ncbi.nlm.nih.gov/35472140/,Guts,false
PubMed,35503958,https://pubmed.ncbi.nlm.nih.gov/35503958/,Guts,false
PubMed,35528189,https://pubmed.ncbi.nlm.nih.gov/35528189/,Guts,false
PubMed,35537858,https://pubmed.ncbi.nlm.nih.gov/35537858/,Guts,false
PubMed,35597053,https://pubmed.ncbi.nlm.nih.gov/35597053/,Guts,false
PubMed,35623115,https://pubmed.ncbi.nlm.nih.gov/35623115/,Guts,false
PubMed,35628417,https://pubmed.ncbi.nlm.nih.gov/35628417/,Guts,false
PubMed,35641089,https://pubmed.ncbi.nlm.nih.gov/35641089/,Guts,false
PubMed,35644678,https://pubmed.ncbi.nlm.nih.gov/35644678/,Guts,false
PubMed,35645322,https://pubmed.ncbi.nlm.nih.gov/35645322/,Guts,false
PubMed,35653401,https://pubmed.ncbi.nlm.nih.gov/35653401/,Guts,false
PubMed,35664549,https://pubmed.ncbi.nlm.nih.gov/35664549/,Guts,false
PubMed,35690798,https://pubmed.ncbi.nlm.nih.gov/35690798/,Guts,false
PubMed,35691287,https://pubmed.ncbi.nlm.nih.gov/35691287/,Guts,false
PubMed,35750314,https://pubmed.ncbi.nlm.nih.gov/35750314/,Guts,false
PubMed,35767774,https://pubmed.ncbi.nlm.nih.gov/35767774/,Guts,false
PubMed,35777067,https://pubmed.ncbi.nlm.nih.gov/35777067/,Guts,false
PubMed,35777583,https://pubmed.ncbi.nlm.nih.gov/35777583/,Guts,false
PubMed,35790401,https://pubmed.ncbi.nlm.nih.gov/35790401/,Guts,false
PubMed,35792574,https://pubmed.ncbi.nlm.nih.gov/35792574/,Guts,false
PubMed,35795290,https://pubmed.ncbi.nlm.nih.gov/35795290/,Guts,false
PubMed,35810494,https://pubmed.ncbi.nlm.nih.gov/35810494/,Guts,false
PubMed,35817006,https://pubmed.ncbi.nlm.nih.gov/35817006/,Guts,false
PubMed,35817019,https://pubmed.ncbi.nlm.nih.gov/35817019/,Guts,false
PubMed,35839845,https://pubmed.ncbi.nlm.nih.gov/35839845/,Guts,false
PubMed,35856057,https://pubmed.ncbi.nlm.nih.gov/35856057/,Guts,false
PubMed,35861881,https://pubmed.ncbi.nlm.nih.gov/35861881/,Guts,false
PubMed,35878381,https://pubmed.ncbi.nlm.nih.gov/35878381/,Guts,false
PubMed,35889535,https://pubmed.ncbi.nlm.nih.gov/35889535/,Guts,false
PubMed,35892693,https://pubmed.ncbi.nlm.nih.gov/35892693/,Guts,false
PubMed,35943399,https://pubmed.ncbi.nlm.nih.gov/35943399/,Guts,false
PubMed,35980538,https://pubmed.ncbi.nlm.nih.gov/35980538/,Guts,false
PubMed,35986066,https://pubmed.ncbi.nlm.nih.gov/35986066/,Guts,false
PubMed,35994579,https://pubmed.ncbi.nlm.nih.gov/35994579/,Guts,false
PubMed,36010658,https://pubmed.ncbi.nlm.nih.gov/36010658/,Guts,false
PubMed,36030222,https://pubmed.ncbi.nlm.nih.gov/36030222/,Guts,false
PubMed,36035580,https://pubmed.ncbi.nlm.nih.gov/36035580/,Guts,false
PubMed,36045406,https://pubmed.ncbi.nlm.nih.gov/36045406/,Guts,false
PubMed,36057884,https://pubmed.ncbi.nlm.nih.gov/36057884/,Guts,false
PubMed,36067326,https://pubmed.ncbi.nlm.nih.gov/36067326/,Guts,false
PubMed,36070347,https://pubmed.ncbi.nlm.nih.gov/36070347/,Guts,false
PubMed,36073115,https://pubmed.ncbi.nlm.nih.gov/36073115/,Guts,false
PubMed,36076180,https://pubmed.ncbi.nlm.nih.gov/36076180/,Guts,false
PubMed,36077356,https://pubmed.ncbi.nlm.nih.gov/36077356/,Guts,false
PubMed,36077412,https://pubmed.ncbi.nlm.nih.gov/36077412/,Guts,false
PubMed,36078578,https://pubmed.ncbi.nlm.nih.gov/36078578/,Guts,false
PubMed,36082517,https://pubmed.ncbi.nlm.nih.gov/36082517/,Guts,false
PubMed,36083191,https://pubmed.ncbi.nlm.nih.gov/36083191/,Guts,false
PubMed,36088164,https://pubmed.ncbi.nlm.nih.gov/36088164/,Guts,false
PubMed,36093055,https://pubmed.ncbi.nlm.nih.gov/36093055/,Guts,false
PubMed,36111301,https://pubmed.ncbi.nlm.nih.gov/36111301/,Guts,false
PubMed,36112372,https://pubmed.ncbi.nlm.nih.gov/36112372/,Guts,false
PubMed,36133217,https://pubmed.ncbi.nlm.nih.gov/36133217/,Guts,false
PubMed,36142461,https://pubmed.ncbi.nlm.nih.gov/36142461/,Guts,false
PubMed,36159331,https://pubmed.ncbi.nlm.nih.gov/36159331/,Guts,false
PubMed,36168049,https://pubmed.ncbi.nlm.nih.gov/36168049/,Guts,false
PubMed,36174776,https://pubmed.ncbi.nlm.nih.gov/36174776/,Guts,false
PubMed,36178662,https://pubmed.ncbi.nlm.nih.gov/36178662/,Guts,false
PubMed,36180814,https://pubmed.ncbi.nlm.nih.gov/36180814/,Guts,false
PubMed,36206853,https://pubmed.ncbi.nlm.nih.gov/36206853/,Guts,false
PubMed,36219741,https://pubmed.ncbi.nlm.nih.gov/36219741/,Guts,false
PubMed,36226979,https://pubmed.ncbi.nlm.nih.gov/36226979/,Guts,false
PubMed,36227025,https://pubmed.ncbi.nlm.nih.gov/36227025/,Guts,false
PubMed,36232744,https://pubmed.ncbi.nlm.nih.gov/36232744/,Guts,false
PubMed,36235308,https://pubmed.ncbi.nlm.nih.gov/36235308/,Guts,false
PubMed,36238310,https://pubmed.ncbi.nlm.nih.gov/36238310/,Guts,false
PubMed,36239881,https://pubmed.ncbi.nlm.nih.gov/36239881/,Guts,false
PubMed,36247977,https://pubmed.ncbi.nlm.nih.gov/36247977/,Guts,false
PubMed,36260938,https://pubmed.ncbi.nlm.nih.gov/36260938/,Guts,false
PubMed,36265395,https://pubmed.ncbi.nlm.nih.gov/36265395/,Guts,false
PubMed,36280497,https://pubmed.ncbi.nlm.nih.gov/36280497/,Guts,false
PubMed,36286003,https://pubmed.ncbi.nlm.nih.gov/36286003/,Guts,false
PubMed,36289701,https://pubmed.ncbi.nlm.nih.gov/36289701/,Guts,false
PubMed,36293486,https://pubmed.ncbi.nlm.nih.gov/36293486/,Guts,false
PubMed,36294456,https://pubmed.ncbi.nlm.nih.gov/36294456/,Guts,false
PubMed,36307209,https://pubmed.ncbi.nlm.nih.gov/36307209/,Guts,false
PubMed,36329422,https://pubmed.ncbi.nlm.nih.gov/36329422/,Guts,false
PubMed,36329829,https://pubmed.ncbi.nlm.nih.gov/36329829/,Guts,false
PubMed,36339815,https://pubmed.ncbi.nlm.nih.gov/36339815/,Guts,false
PubMed,36344260,https://pubmed.ncbi.nlm.nih.gov/36344260/,Guts,false
PubMed,36346800,https://pubmed.ncbi.nlm.nih.gov/36346800/,Guts,false
PubMed,36361803,https://pubmed.ncbi.nlm.nih.gov/36361803/,Guts,false
PubMed,36382382,https://pubmed.ncbi.nlm.nih.gov/36382382/,Guts,false
PubMed,36431153,https://pubmed.ncbi.nlm.nih.gov/36431153/,Guts,false
PubMed,36435527,https://pubmed.ncbi.nlm.nih.gov/36435527/,Guts,false
PubMed,36437580,https://pubmed.ncbi.nlm.nih.gov/36437580/,Guts,false
PubMed,36438163,https://pubmed.ncbi.nlm.nih.gov/36438163/,Guts,false
PubMed,36439185,https://pubmed.ncbi.nlm.nih.gov/36439185/,Guts,false
PubMed,36442615,https://pubmed.ncbi.nlm.nih.gov/36442615/,Guts,false
PubMed,36442885,https://pubmed.ncbi.nlm.nih.gov/36442885/,Guts,false
PubMed,36448459,https://pubmed.ncbi.nlm.nih.gov/36448459/,Guts,false
PubMed,36479493,https://pubmed.ncbi.nlm.nih.gov/36479493/,Guts,false
PubMed,36499556,https://pubmed.ncbi.nlm.nih.gov/36499556/,Guts,false
PubMed,36514445,https://pubmed.ncbi.nlm.nih.gov/36514445/,Guts,false
PubMed,36517598,https://pubmed.ncbi.nlm.nih.gov/36517598/,Guts,false
PubMed,36532543,https://pubmed.ncbi.nlm.nih.gov/36532543/,Guts,false
PubMed,36532754,https://pubmed.ncbi.nlm.nih.gov/36532754/,Guts,false
PubMed,36544841,https://pubmed.ncbi.nlm.nih.gov/36544841/,Guts,false
PubMed,36555499,https://pubmed.ncbi.nlm.nih.gov/36555499/,Guts,false
PubMed,36555519,https://pubmed.ncbi.nlm.nih.gov/36555519/,Guts,false
PubMed,36555694,https://pubmed.ncbi.nlm.nih.gov/36555694/,Guts,false
PubMed,36557285,https://pubmed.ncbi.nlm.nih.gov/36557285/,Guts,false
PubMed,36562418,https://pubmed.ncbi.nlm.nih.gov/36562418/,Guts,false
PubMed,36577722,https://pubmed.ncbi.nlm.nih.gov/36577722/,Guts,false
PubMed,36581052,https://pubmed.ncbi.nlm.nih.gov/36581052/,Guts,false
PubMed,36582911,https://pubmed.ncbi.nlm.nih.gov/36582911/,Guts,false
PubMed,36588715,https://pubmed.ncbi.nlm.nih.gov/36588715/,Guts,false
PubMed,36614161,https://pubmed.ncbi.nlm.nih.gov/36614161/,Guts,false
PubMed,36615298,https://pubmed.ncbi.nlm.nih.gov/36615298/,Guts,false
PubMed,36629822,https://pubmed.ncbi.nlm.nih.gov/36629822/,Guts,false
PubMed,36632263,https://pubmed.ncbi.nlm.nih.gov/36632263/,Guts,false
PubMed,36671503,https://pubmed.ncbi.nlm.nih.gov/36671503/,Guts,false
PubMed,36672582,https://pubmed.ncbi.nlm.nih.gov/36672582/,Guts,false
PubMed,36676175,https://pubmed.ncbi.nlm.nih.gov/36676175/,Guts,false
PubMed,36707683,https://pubmed.ncbi.nlm.nih.gov/36707683/,Guts,false
PubMed,36727611,https://pubmed.ncbi.nlm.nih.gov/36727611/,Guts,false
PubMed,36734018,https://pubmed.ncbi.nlm.nih.gov/36734018/,Guts,false
PubMed,36740814,https://pubmed.ncbi.nlm.nih.gov/36740814/,Guts,false
PubMed,36773683,https://pubmed.ncbi.nlm.nih.gov/36773683/,Guts,false
PubMed,36776218,https://pubmed.ncbi.nlm.nih.gov/36776218/,Guts,false
PubMed,36777043,https://pubmed.ncbi.nlm.nih.gov/36777043/,Guts,false
PubMed,36778747,https://pubmed.ncbi.nlm.nih.gov/36778747/,Guts,false
PubMed,36803360,https://pubmed.ncbi.nlm.nih.gov/36803360/,Guts,false
PubMed,36806029,https://pubmed.ncbi.nlm.nih.gov/36806029/,Guts,false
PubMed,36811567,https://pubmed.ncbi.nlm.nih.gov/36811567/,Guts,false
PubMed,36830844,https://pubmed.ncbi.nlm.nih.gov/36830844/,Guts,false
PubMed,36831057,https://pubmed.ncbi.nlm.nih.gov/36831057/,Guts,false
PubMed,36879113,https://pubmed.ncbi.nlm.nih.gov/36879113/,Guts,false
PubMed,36879712,https://pubmed.ncbi.nlm.nih.gov/36879712/,Guts,false
PubMed,36889269,https://pubmed.ncbi.nlm.nih.gov/36889269/,Guts,false
PubMed,36911236,https://pubmed.ncbi.nlm.nih.gov/36911236/,Guts,false
PubMed,36921084,https://pubmed.ncbi.nlm.nih.gov/36921084/,Guts,false
PubMed,36929346,https://pubmed.ncbi.nlm.nih.gov/36929346/,Guts,false
PubMed,36945340,https://pubmed.ncbi.nlm.nih.gov/36945340/,Guts,false
PubMed,36982049,https://pubmed.ncbi.nlm.nih.gov/36982049/,Guts,false
PubMed,36996524,https://pubmed.ncbi.nlm.nih.gov/36996524/,Guts,false
PubMed,37014024,https://pubmed.ncbi.nlm.nih.gov/37014024/,Guts,false
PubMed,37065370,https://pubmed.ncbi.nlm.nih.gov/37065370/,Guts,false
PubMed,37074964,https://pubmed.ncbi.nlm.nih.gov/37074964/,Guts,false
PubMed,37084730,https://pubmed.ncbi.nlm.nih.gov/37084730/,Guts,false
PubMed,37091842,https://pubmed.ncbi.nlm.nih.gov/37091842/,Guts,false
PubMed,37111679,https://pubmed.ncbi.nlm.nih.gov/37111679/,Guts,false
PubMed,37126997,https://pubmed.ncbi.nlm.nih.gov/37126997/,Guts,false
PubMed,37138077,https://pubmed.ncbi.nlm.nih.gov/37138077/,Guts,false
PubMed,37142472,https://pubmed.ncbi.nlm.nih.gov/37142472/,Guts,false
PubMed,37149256,https://pubmed.ncbi.nlm.nih.gov/37149256/,Guts,false
PubMed,37159782,https://pubmed.ncbi.nlm.nih.gov/37159782/,Guts,false
PubMed,37168471,https://pubmed.ncbi.nlm.nih.gov/37168471/,Guts,false
PubMed,37181918,https://pubmed.ncbi.nlm.nih.gov/37181918/,Guts,false
PubMed,37224284,https://pubmed.ncbi.nlm.nih.gov/37224284/,Guts,false
PubMed,37234803,https://pubmed.ncbi.nlm.nih.gov/37234803/,Guts,false
PubMed,37238715,https://pubmed.ncbi.nlm.nih.gov/37238715/,Guts,false
PubMed,37259610,https://pubmed.ncbi.nlm.nih.gov/37259610/,Guts,false
PubMed,37270269,https://pubmed.ncbi.nlm.nih.gov/37270269/,Guts,false
PubMed,37303765,https://pubmed.ncbi.nlm.nih.gov/37303765/,Guts,false
PubMed,37349236,https://pubmed.ncbi.nlm.nih.gov/37349236/,Guts,false
PubMed,37387520,https://pubmed.ncbi.nlm.nih.gov/37387520/,Guts,false
PubMed,37391387,https://pubmed.ncbi.nlm.nih.gov/37391387/,Guts,false
PubMed,37400799,https://pubmed.ncbi.nlm.nih.gov/37400799/,Guts,false
PubMed,37479395,https://pubmed.ncbi.nlm.nih.gov/37479395/,Guts,false
PubMed,37572030,https://pubmed.ncbi.nlm.nih.gov/37572030/,Guts,false
PubMed,37678364,https://pubmed.ncbi.nlm.nih.gov/37678364/,Guts,false
PubMed,37736461,https://pubmed.ncbi.nlm.nih.gov/37736461/,Guts,false
PubMed,37778699,https://pubmed.ncbi.nlm.nih.gov/37778699/,Guts,false
PubMed,37786751,https://pubmed.ncbi.nlm.nih.gov/37786751/,Guts,false
PubMed,37858157,https://pubmed.ncbi.nlm.nih.gov/37858157/,Guts,false
PubMed,37880016,https://pubmed.ncbi.nlm.nih.gov/37880016/,Guts,false
PubMed,37933286,https://pubmed.ncbi.nlm.nih.gov/37933286/,Guts,false
PubMed,37997432,https://pubmed.ncbi.nlm.nih.gov/37997432/,Guts,false
PubMed,38057021,https://pubmed.ncbi.nlm.nih.gov/38057021/,Guts,false
PubMed,38161894,https://pubmed.ncbi.nlm.nih.gov/38161894/,Guts,false
PubMed,5661974,https://pubmed.ncbi.nlm.nih.gov/5661974/,Guts,false
PubMed,8811275,https://pubmed.ncbi.nlm.nih.gov/8811275/,Guts,false
PubMed,8987831,https://pubmed.ncbi.nlm.nih.gov/8987831/,Guts,false
PubMed,9309469,https://pubmed.ncbi.nlm.nih.gov/9309469/,Guts,false
PubMed,9718088,https://pubmed.ncbi.nlm.nih.gov/9718088/,Guts,false
PubMed,9892882,https://pubmed.ncbi.nlm.nih.gov/9892882/,Guts,false
DOI,10.1002/jbt.22849,https://doi.org/10.1002/jbt.22849,"Heart, Blood & Cardio",false
DOI,10.1016/s0735-1097(22)02909-6,https://doi.org/10.1016/s0735-1097(22)02909-6,"Heart, Blood & Cardio",false
DOI,10.1016/s0735-1097(22)03165-5,https://doi.org/10.1016/s0735-1097(22)03165-5,"Heart, Blood & Cardio",false
DOI,10.1016/s0735-1097(22)03444-1,https://doi.org/10.1016/s0735-1097(22)03444-1,"Heart, Blood & Cardio",false
DOI,10.1016/s0735-1097(22)04435-7,https://doi.org/10.1016/s0735-1097(22)04435-7,"Heart, Blood & Cardio",false
DOI,10.1016/s0735-1097(23)01000-8,https://doi.org/10.1016/s0735-1097(23)01000-8,"Heart, Blood & Cardio",false
DOI,10.1016/s0735-1097(23)01253-6,https://doi.org/10.1016/s0735-1097(23)01253-6,"Heart, Blood & Cardio",false
DOI,10.1016/s0735-1097(23)01401-8,https://doi.org/10.1016/s0735-1097(23)01401-8,"Heart, Blood & Cardio",false
DOI,10.1016/s0735-1097(23)01680-7,https://doi.org/10.1016/s0735-1097(23)01680-7,"Heart, Blood & Cardio",false
DOI,10.1016/s0735-1097(23)02129-0,https://doi.org/10.1016/s0735-1097(23)02129-0,"Heart, Blood & Cardio",false
DOI,10.1016/s0735-1097(23)02305-7,https://doi.org/10.1016/s0735-1097(23)02305-7,"Heart, Blood & Cardio",false
DOI,10.1016/s0735-1097(23)02603-7,https://doi.org/10.1016/s0735-1097(23)02603-7,"Heart, Blood & Cardio",false
DOI,10.1016/s0735-1097(23)03140-6,https://doi.org/10.1016/s0735-1097(23)03140-6,"Heart, Blood & Cardio",false
DOI,10.1016/s0735-1097(23)04040-8,https://doi.org/10.1016/s0735-1097(23)04040-8,"Heart, Blood & Cardio",false
DOI,10.1016/s0735-1097(23)04244-4,https://doi.org/10.1016/s0735-1097(23)04244-4,"Heart, Blood & Cardio",false
DOI,10.1055/s-0041-1725674,https://doi.org/10.1055/s-0041-1725674,"Heart, Blood & Cardio",false
DOI,10.1089/can.2019.0036,https://doi.org/10.1089/can.2019.0036,"Heart, Blood & Cardio",false
DOI,10.1096/fasebj.2022.36.s1.r4524,https://doi.org/10.1096/fasebj.2022.36.s1.r4524,"Heart, Blood & Cardio",false
DOI,10.1161/circ.144.suppl_1.10708,https://doi.org/10.1161/circ.144.suppl_1.10708,"Heart, Blood & Cardio",false
DOI,10.1161/circ.144.suppl_1.11657,https://doi.org/10.1161/circ.144.suppl_1.11657,"Heart, Blood & Cardio",false
DOI,10.1161/circ.144.suppl_1.9863,https://doi.org/10.1161/circ.144.suppl_1.9863,"Heart, Blood & Cardio",false
DOI,10.1161/circ.144.suppl_1.9877,https://doi.org/10.1161/circ.144.suppl_1.9877,"Heart, Blood & Cardio",false
DOI,10.1161/circ.146.suppl_1.10022,https://doi.org/10.1161/circ.146.suppl_1.10022,"Heart, Blood & Cardio",false
DOI,10.1161/circ.146.suppl_1.13504,https://doi.org/10.1161/circ.146.suppl_1.13504,"Heart, Blood & Cardio",false
DOI,10.1164/ajrccm-conference.2022.205.1_meetingabstracts.a3031,https://doi.org/10.1164/ajrccm-conference.2022.205.1_meetingabstracts.a3031,"Heart, Blood & Cardio",false
DOI,10.1177/0269881119897556,https://doi.org/10.1177/0269881119897556,"Heart, Blood & Cardio",false
DOI,10.1186/s10194-022-01527-4,https://doi.org/10.1186/s10194-022-01527-4,"Heart, Blood & Cardio",false
DOI,10.3389/fphar.2017.00081,https://doi.org/10.3389/fphar.2017.00081,"Heart, Blood & Cardio",false
PMC,PMC1576282,https://www.ncbi.nlm.nih.gov/pmc/articles/PMC1576282/,"Heart, Blood & Cardio",false
PMC,PMC3457795,https://www.ncbi.nlm.nih.gov/pmc/articles/PMC3457795/,"Heart, Blood & Cardio",false
PMC,PMC7173668,https://www.ncbi.nlm.nih.gov/pmc/articles/PMC7173668/,"Heart, Blood & Cardio",false
PMC,PMC7201600,https://www.ncbi.nlm.nih.gov/pmc/articles/PMC7201600/,"Heart, Blood & Cardio",false
PMC,PMC7294878,https://www.ncbi.nlm.nih.gov/pmc/articles/PMC7294878/,"Heart, Blood & Cardio",false
PMC,PMC7355963,https://www.ncbi.nlm.nih.gov/pmc/articles/PMC7355963/,"Heart, Blood & Cardio",false
PMC,PMC8255071,https://www.ncbi.nlm.nih.gov/pmc/articles/PMC8255071/,"Heart, Blood & Cardio",false
PubMed,10575283,https://pubmed.ncbi.nlm.nih.gov/10575283/,"Heart, Blood & Cardio",false
PubMed,10785543,https://pubmed.ncbi.nlm.nih.gov/10785543/,"Heart, Blood & Cardio",false
PubMed,10871291,https://pubmed.ncbi.nlm.nih.gov/10871291/,"Heart, Blood & Cardio",false
PubMed,11106789,https://pubmed.ncbi.nlm.nih.gov/11106789/,"Heart, Blood & Cardio",false
PubMed,12052048,https://pubmed.ncbi.nlm.nih.gov/12052048/,"Heart, Blood & Cardio",false
PubMed,12140859,https://pubmed.ncbi.nlm.nih.gov/12140859/,"Heart, Blood & Cardio",false
PubMed,12505689,https://pubmed.ncbi.nlm.nih.gov/12505689/,"Heart, Blood & Cardio",false
PubMed,12709782,https://pubmed.ncbi.nlm.nih.gov/12709782/,"Heart, Blood & Cardio",false
PubMed,12711614,https://pubmed.ncbi.nlm.nih.gov/12711614/,"Heart, Blood & Cardio",false
PubMed,15005177,https://pubmed.ncbi.nlm.nih.gov/15005177/,"Heart, Blood & Cardio",false
PubMed,15131000,https://pubmed.ncbi.nlm.nih.gov/15131000/,"Heart, Blood & Cardio",false
PubMed,15320476,https://pubmed.ncbi.nlm.nih.gov/15320476/,"Heart, Blood & Cardio",false
PubMed,15656820,https://pubmed.ncbi.nlm.nih.gov/15656820/,"Heart, Blood & Cardio",false
PubMed,15821751,https://pubmed.ncbi.nlm.nih.gov/15821751/,"Heart, Blood & Cardio",false
PubMed,15834438,https://pubmed.ncbi.nlm.nih.gov/15834438/,"Heart, Blood & Cardio",false
PubMed,15910888,https://pubmed.ncbi.nlm.nih.gov/15910888/,"Heart, Blood & Cardio",false
PubMed,15997233,https://pubmed.ncbi.nlm.nih.gov/15997233/,"Heart, Blood & Cardio",false
PubMed,16596789,https://pubmed.ncbi.nlm.nih.gov/16596789/,"Heart, Blood & Cardio",false
PubMed,16618028,https://pubmed.ncbi.nlm.nih.gov/16618028/,"Heart, Blood & Cardio",false
PubMed,16960500,https://pubmed.ncbi.nlm.nih.gov/16960500/,"Heart, Blood & Cardio",false
PubMed,17128328,https://pubmed.ncbi.nlm.nih.gov/17128328/,"Heart, Blood & Cardio",false
PubMed,17434980,https://pubmed.ncbi.nlm.nih.gov/17434980/,"Heart, Blood & Cardio",false
PubMed,17450170,https://pubmed.ncbi.nlm.nih.gov/17450170/,"Heart, Blood & Cardio",false
PubMed,17627561,https://pubmed.ncbi.nlm.nih.gov/17627561/,"Heart, Blood & Cardio",false
PubMed,17704826,https://pubmed.ncbi.nlm.nih.gov/17704826/,"Heart, Blood & Cardio",false
PubMed,17879500,https://pubmed.ncbi.nlm.nih.gov/17879500/,"Heart, Blood & Cardio",false
PubMed,17890433,https://pubmed.ncbi.nlm.nih.gov/17890433/,"Heart, Blood & Cardio",false
PubMed,17898706,https://pubmed.ncbi.nlm.nih.gov/17898706/,"Heart, Blood & Cardio",false
PubMed,17965741,https://pubmed.ncbi.nlm.nih.gov/17965741/,"Heart, Blood & Cardio",false
PubMed,17965744,https://pubmed.ncbi.nlm.nih.gov/17965744/,"Heart, Blood & Cardio",false
PubMed,18426500,https://pubmed.ncbi.nlm.nih.gov/18426500/,"Heart, Blood & Cardio",false
PubMed,18715660,https://pubmed.ncbi.nlm.nih.gov/18715660/,"Heart, Blood & Cardio",false
PubMed,18779440,https://pubmed.ncbi.nlm.nih.gov/18779440/,"Heart, Blood & Cardio",false
PubMed,19076859,https://pubmed.ncbi.nlm.nih.gov/19076859/,"Heart, Blood & Cardio",false
PubMed,19133994,https://pubmed.ncbi.nlm.nih.gov/19133994/,"Heart, Blood & Cardio",false
PubMed,19133999,https://pubmed.ncbi.nlm.nih.gov/19133999/,"Heart, Blood & Cardio",false
PubMed,19258666,https://pubmed.ncbi.nlm.nih.gov/19258666/,"Heart, Blood & Cardio",false
PubMed,19276990,https://pubmed.ncbi.nlm.nih.gov/19276990/,"Heart, Blood & Cardio",false
PubMed,19285060,https://pubmed.ncbi.nlm.nih.gov/19285060/,"Heart, Blood & Cardio",false
PubMed,19307689,https://pubmed.ncbi.nlm.nih.gov/19307689/,"Heart, Blood & Cardio",false
PubMed,19357846,https://pubmed.ncbi.nlm.nih.gov/19357846/,"Heart, Blood & Cardio",false
PubMed,19569260,https://pubmed.ncbi.nlm.nih.gov/19569260/,"Heart, Blood & Cardio",false
PubMed,19591373,https://pubmed.ncbi.nlm.nih.gov/19591373/,"Heart, Blood & Cardio",false
PubMed,20304807,https://pubmed.ncbi.nlm.nih.gov/20304807/,"Heart, Blood & Cardio",false
PubMed,20590615,https://pubmed.ncbi.nlm.nih.gov/20590615/,"Heart, Blood & Cardio",false
PubMed,20621717,https://pubmed.ncbi.nlm.nih.gov/20621717/,"Heart, Blood & Cardio",false
PubMed,20946323,https://pubmed.ncbi.nlm.nih.gov/20946323/,"Heart, Blood & Cardio",false
PubMed,21070851,https://pubmed.ncbi.nlm.nih.gov/21070851/,"Heart, Blood & Cardio",false
PubMed,21244691,https://pubmed.ncbi.nlm.nih.gov/21244691/,"Heart, Blood & Cardio",false
PubMed,21295074,https://pubmed.ncbi.nlm.nih.gov/21295074/,"Heart, Blood & Cardio",false
PubMed,21966155,https://pubmed.ncbi.nlm.nih.gov/21966155/,"Heart, Blood & Cardio",false
PubMed,22022923,https://pubmed.ncbi.nlm.nih.gov/22022923/,"Heart, Blood & Cardio",false
PubMed,22278660,https://pubmed.ncbi.nlm.nih.gov/22278660/,"Heart, Blood & Cardio",false
PubMed,22373123,https://pubmed.ncbi.nlm.nih.gov/22373123/,"Heart, Blood & Cardio",false
PubMed,22503477,https://pubmed.ncbi.nlm.nih.gov/22503477/,"Heart, Blood & Cardio",false
PubMed,22670794,https://pubmed.ncbi.nlm.nih.gov/22670794/,"Heart, Blood & Cardio",false
PubMed,23198140,https://pubmed.ncbi.nlm.nih.gov/23198140/,"Heart, Blood & Cardio",false
PubMed,23308211,https://pubmed.ncbi.nlm.nih.gov/23308211/,"Heart, Blood & Cardio",false
PubMed,23537701,https://pubmed.ncbi.nlm.nih.gov/23537701/,"Heart, Blood & Cardio",false
PubMed,23721741,https://pubmed.ncbi.nlm.nih.gov/23721741/,"Heart, Blood & Cardio",false
PubMed,23789792,https://pubmed.ncbi.nlm.nih.gov/23789792/,"Heart, Blood & Cardio",false
PubMed,24329566,https://pubmed.ncbi.nlm.nih.gov/24329566/,"Heart, Blood & Cardio",false
PubMed,24346544,https://pubmed.ncbi.nlm.nih.gov/24346544/,"Heart, Blood & Cardio",false
PubMed,24760961,https://pubmed.ncbi.nlm.nih.gov/24760961/,"Heart, Blood & Cardio",false
PubMed,24853683,https://pubmed.ncbi.nlm.nih.gov/24853683/,"Heart, Blood & Cardio",false
PubMed,24950219,https://pubmed.ncbi.nlm.nih.gov/24950219/,"Heart, Blood & Cardio",false
PubMed,24980781,https://pubmed.ncbi.nlm.nih.gov/24980781/,"Heart, Blood & Cardio",false
PubMed,25264625,https://pubmed.ncbi.nlm.nih.gov/25264625/,"Heart, Blood & Cardio",false
PubMed,25427281,https://pubmed.ncbi.nlm.nih.gov/25427281/,"Heart, Blood & Cardio",false
PubMed,25469884,https://pubmed.ncbi.nlm.nih.gov/25469884/,"Heart, Blood & Cardio",false
PubMed,25569804,https://pubmed.ncbi.nlm.nih.gov/25569804/,"Heart, Blood & Cardio",false
PubMed,25685481,https://pubmed.ncbi.nlm.nih.gov/25685481/,"Heart, Blood & Cardio",false
PubMed,25711828,https://pubmed.ncbi.nlm.nih.gov/25711828/,"Heart, Blood & Cardio",false
PubMed,25957591,https://pubmed.ncbi.nlm.nih.gov/25957591/,"Heart, Blood & Cardio",false
PubMed,26065843,https://pubmed.ncbi.nlm.nih.gov/26065843/,"Heart, Blood & Cardio",false
PubMed,26092099,https://pubmed.ncbi.nlm.nih.gov/26092099/,"Heart, Blood & Cardio",false
PubMed,26236485,https://pubmed.ncbi.nlm.nih.gov/26236485/,"Heart, Blood & Cardio",false
PubMed,26408169,https://pubmed.ncbi.nlm.nih.gov/26408169/,"Heart, Blood & Cardio",false
PubMed,26487546,https://pubmed.ncbi.nlm.nih.gov/26487546/,"Heart, Blood & Cardio",false
PubMed,26584135,https://pubmed.ncbi.nlm.nih.gov/26584135/,"Heart, Blood & Cardio",false
PubMed,26656183,https://pubmed.ncbi.nlm.nih.gov/26656183/,"Heart, Blood & Cardio",false
PubMed,26702404,https://pubmed.ncbi.nlm.nih.gov/26702404/,"Heart, Blood & Cardio",false
PubMed,26703965,https://pubmed.ncbi.nlm.nih.gov/26703965/,"Heart, Blood & Cardio",false
PubMed,26708108,https://pubmed.ncbi.nlm.nih.gov/26708108/,"Heart, Blood & Cardio",false
PubMed,26772776,https://pubmed.ncbi.nlm.nih.gov/26772776/,"Heart, Blood & Cardio",false
PubMed,26825517,https://pubmed.ncbi.nlm.nih.gov/26825517/,"Heart, Blood & Cardio",false
PubMed,26844976,https://pubmed.ncbi.nlm.nih.gov/26844976/,"Heart, Blood & Cardio",false
PubMed,27383573,https://pubmed.ncbi.nlm.nih.gov/27383573/,"Heart, Blood & Cardio",false
PubMed,28286481,https://pubmed.ncbi.nlm.nih.gov/28286481/,"Heart, Blood & Cardio",false
PubMed,28572770,https://pubmed.ncbi.nlm.nih.gov/28572770/,"Heart, Blood & Cardio",false
PubMed,28614793,https://pubmed.ncbi.nlm.nih.gov/28614793/,"Heart, Blood & Cardio",false
PubMed,28653665,https://pubmed.ncbi.nlm.nih.gov/28653665/,"Heart, Blood & Cardio",false
PubMed,28826540,https://pubmed.ncbi.nlm.nih.gov/28826540/,"Heart, Blood & Cardio",false
PubMed,28840009,https://pubmed.ncbi.nlm.nih.gov/28840009/,"Heart, Blood & Cardio",false
PubMed,28905873,https://pubmed.ncbi.nlm.nih.gov/28905873/,"Heart, Blood & Cardio",false
PubMed,29222605,https://pubmed.ncbi.nlm.nih.gov/29222605/,"Heart, Blood & Cardio",false
PubMed,29357394,https://pubmed.ncbi.nlm.nih.gov/29357394/,"Heart, Blood & Cardio",false
PubMed,29385080,https://pubmed.ncbi.nlm.nih.gov/29385080/,"Heart, Blood & Cardio",false
PubMed,29412125,https://pubmed.ncbi.nlm.nih.gov/29412125/,"Heart, Blood & Cardio",false
PubMed,29455452,https://pubmed.ncbi.nlm.nih.gov/29455452/,"Heart, Blood & Cardio",false
PubMed,29764302,https://pubmed.ncbi.nlm.nih.gov/29764302/,"Heart, Blood & Cardio",false
PubMed,29813086,https://pubmed.ncbi.nlm.nih.gov/29813086/,"Heart, Blood & Cardio",false
PubMed,29896112,https://pubmed.ncbi.nlm.nih.gov/29896112/,"Heart, Blood & Cardio",false
PubMed,30006489,https://pubmed.ncbi.nlm.nih.gov/30006489/,"Heart, Blood & Cardio",false
PubMed,30386532,https://pubmed.ncbi.nlm.nih.gov/30386532/,"Heart, Blood & Cardio",false
PubMed,30426899,https://pubmed.ncbi.nlm.nih.gov/30426899/,"Heart, Blood & Cardio",false
PubMed,30464888,https://pubmed.ncbi.nlm.nih.gov/30464888/,"Heart, Blood & Cardio",false
PubMed,30769363,https://pubmed.ncbi.nlm.nih.gov/30769363/,"Heart, Blood & Cardio",false
PubMed,30836069,https://pubmed.ncbi.nlm.nih.gov/30836069/,"Heart, Blood & Cardio",false
PubMed,30890410,https://pubmed.ncbi.nlm.nih.gov/30890410/,"Heart, Blood & Cardio",false
PubMed,30980200,https://pubmed.ncbi.nlm.nih.gov/30980200/,"Heart, Blood & Cardio",false
PubMed,31040502,https://pubmed.ncbi.nlm.nih.gov/31040502/,"Heart, Blood & Cardio",false
PubMed,31178718,https://pubmed.ncbi.nlm.nih.gov/31178718/,"Heart, Blood & Cardio",false
PubMed,31189399,https://pubmed.ncbi.nlm.nih.gov/31189399/,"Heart, Blood & Cardio",false
PubMed,31291873,https://pubmed.ncbi.nlm.nih.gov/31291873/,"Heart, Blood & Cardio",false
PubMed,31324618,https://pubmed.ncbi.nlm.nih.gov/31324618/,"Heart, Blood & Cardio",false
PubMed,31332735,https://pubmed.ncbi.nlm.nih.gov/31332735/,"Heart, Blood & Cardio",false
PubMed,31448709,https://pubmed.ncbi.nlm.nih.gov/31448709/,"Heart, Blood & Cardio",false
PubMed,31469200,https://pubmed.ncbi.nlm.nih.gov/31469200/,"Heart, Blood & Cardio",false
PubMed,31794870,https://pubmed.ncbi.nlm.nih.gov/31794870/,"Heart, Blood & Cardio",false
PubMed,31887202,https://pubmed.ncbi.nlm.nih.gov/31887202/,"Heart, Blood & Cardio",false
PubMed,32075117,https://pubmed.ncbi.nlm.nih.gov/32075117/,"Heart, Blood & Cardio",false
PubMed,32141630,https://pubmed.ncbi.nlm.nih.gov/32141630/,"Heart, Blood & Cardio",false
PubMed,32184122,https://pubmed.ncbi.nlm.nih.gov/32184122/,"Heart, Blood & Cardio",false
PubMed,32209959,https://pubmed.ncbi.nlm.nih.gov/32209959/,"Heart, Blood & Cardio",false
PubMed,32248195,https://pubmed.ncbi.nlm.nih.gov/32248195/,"Heart, Blood & Cardio",false
PubMed,32322675,https://pubmed.ncbi.nlm.nih.gov/32322675/,"Heart, Blood & Cardio",false
PubMed,32677481,https://pubmed.ncbi.nlm.nih.gov/32677481/,"Heart, Blood & Cardio",false
PubMed,32678452,https://pubmed.ncbi.nlm.nih.gov/32678452/,"Heart, Blood & Cardio",false
PubMed,32696508,https://pubmed.ncbi.nlm.nih.gov/32696508/,"Heart, Blood & Cardio",false
PubMed,32933892,https://pubmed.ncbi.nlm.nih.gov/32933892/,"Heart, Blood & Cardio",false
PubMed,32937917,https://pubmed.ncbi.nlm.nih.gov/32937917/,"Heart, Blood & Cardio",false
PubMed,32992900,https://pubmed.ncbi.nlm.nih.gov/32992900/,"Heart, Blood & Cardio",false
PubMed,32999428,https://pubmed.ncbi.nlm.nih.gov/32999428/,"Heart, Blood & Cardio",false
PubMed,33054426,https://pubmed.ncbi.nlm.nih.gov/33054426/,"Heart, Blood & Cardio",false
PubMed,33194003,https://pubmed.ncbi.nlm.nih.gov/33194003/,"Heart, Blood & Cardio",false
PubMed,33240693,https://pubmed.ncbi.nlm.nih.gov/33240693/,"Heart, Blood & Cardio",false
PubMed,33296532,https://pubmed.ncbi.nlm.nih.gov/33296532/,"Heart, Blood & Cardio",false
PubMed,33338514,https://pubmed.ncbi.nlm.nih.gov/33338514/,"Heart, Blood & Cardio",false
PubMed,33388673,https://pubmed.ncbi.nlm.nih.gov/33388673/,"Heart, Blood & Cardio",false
PubMed,33418866,https://pubmed.ncbi.nlm.nih.gov/33418866/,"Heart, Blood & Cardio",false
PubMed,33483174,https://pubmed.ncbi.nlm.nih.gov/33483174/,"Heart, Blood & Cardio",false
PubMed,33607150,https://pubmed.ncbi.nlm.nih.gov/33607150/,"Heart, Blood & Cardio",false
PubMed,33649360,https://pubmed.ncbi.nlm.nih.gov/33649360/,"Heart, Blood & Cardio",false
PubMed,33766515,https://pubmed.ncbi.nlm.nih.gov/33766515/,"Heart, Blood & Cardio",false
PubMed,33781184,https://pubmed.ncbi.nlm.nih.gov/33781184/,"Heart, Blood & Cardio",false
PubMed,33839941,https://pubmed.ncbi.nlm.nih.gov/33839941/,"Heart, Blood & Cardio",false
PubMed,33845747,https://pubmed.ncbi.nlm.nih.gov/33845747/,"Heart, Blood & Cardio",false
PubMed,33859746,https://pubmed.ncbi.nlm.nih.gov/33859746/,"Heart, Blood & Cardio",false
PubMed,33952424,https://pubmed.ncbi.nlm.nih.gov/33952424/,"Heart, Blood & Cardio",false
PubMed,34026562,https://pubmed.ncbi.nlm.nih.gov/34026562/,"Heart, Blood & Cardio",false
PubMed,34031697,https://pubmed.ncbi.nlm.nih.gov/34031697/,"Heart, Blood & Cardio",false
PubMed,34037390,https://pubmed.ncbi.nlm.nih.gov/34037390/,"Heart, Blood & Cardio",false
PubMed,34176244,https://pubmed.ncbi.nlm.nih.gov/34176244/,"Heart, Blood & Cardio",false
PubMed,34237389,https://pubmed.ncbi.nlm.nih.gov/34237389/,"Heart, Blood & Cardio",false
PubMed,34332376,https://pubmed.ncbi.nlm.nih.gov/34332376/,"Heart, Blood & Cardio",false
PubMed,34431445,https://pubmed.ncbi.nlm.nih.gov/34431445/,"Heart, Blood & Cardio",false
PubMed,34493564,https://pubmed.ncbi.nlm.nih.gov/34493564/,"Heart, Blood & Cardio",false
PubMed,34597522,https://pubmed.ncbi.nlm.nih.gov/34597522/,"Heart, Blood & Cardio",false
PubMed,34655603,https://pubmed.ncbi.nlm.nih.gov/34655603/,"Heart, Blood & Cardio",false
PubMed,34658439,https://pubmed.ncbi.nlm.nih.gov/34658439/,"Heart, Blood & Cardio",false
PubMed,34665890,https://pubmed.ncbi.nlm.nih.gov/34665890/,"Heart, Blood & Cardio",false
PubMed,34685434,https://pubmed.ncbi.nlm.nih.gov/34685434/,"Heart, Blood & Cardio",false
PubMed,34711111,https://pubmed.ncbi.nlm.nih.gov/34711111/,"Heart, Blood & Cardio",false
PubMed,34849432,https://pubmed.ncbi.nlm.nih.gov/34849432/,"Heart, Blood & Cardio",false
PubMed,34853764,https://pubmed.ncbi.nlm.nih.gov/34853764/,"Heart, Blood & Cardio",false
PubMed,34860602,https://pubmed.ncbi.nlm.nih.gov/34860602/,"Heart, Blood & Cardio",false
PubMed,34871975,https://pubmed.ncbi.nlm.nih.gov/34871975/,"Heart, Blood & Cardio",false
PubMed,34986651,https://pubmed.ncbi.nlm.nih.gov/34986651/,"Heart, Blood & Cardio",false
PubMed,35080922,https://pubmed.ncbi.nlm.nih.gov/35080922/,"Heart, Blood & Cardio",false
PubMed,35165641,https://pubmed.ncbi.nlm.nih.gov/35165641/,"Heart, Blood & Cardio",false
PubMed,35190698,https://pubmed.ncbi.nlm.nih.gov/35190698/,"Heart, Blood & Cardio",false
PubMed,35353598,https://pubmed.ncbi.nlm.nih.gov/35353598/,"Heart, Blood & Cardio",false
PubMed,35382895,https://pubmed.ncbi.nlm.nih.gov/35382895/,"Heart, Blood & Cardio",false
PubMed,35414120,https://pubmed.ncbi.nlm.nih.gov/35414120/,"Heart, Blood & Cardio",false
PubMed,35468673,https://pubmed.ncbi.nlm.nih.gov/35468673/,"Heart, Blood & Cardio",false
PubMed,35483477,https://pubmed.ncbi.nlm.nih.gov/35483477/,"Heart, Blood & Cardio",false
PubMed,35577625,https://pubmed.ncbi.nlm.nih.gov/35577625/,"Heart, Blood & Cardio",false
PubMed,35606921,https://pubmed.ncbi.nlm.nih.gov/35606921/,"Heart, Blood & Cardio",false
PubMed,35615681,https://pubmed.ncbi.nlm.nih.gov/35615681/,"Heart, Blood & Cardio",false
PubMed,35630804,https://pubmed.ncbi.nlm.nih.gov/35630804/,"Heart, Blood & Cardio",false
PubMed,35715056,https://pubmed.ncbi.nlm.nih.gov/35715056/,"Heart, Blood & Cardio",false
PubMed,35725675,https://pubmed.ncbi.nlm.nih.gov/35725675/,"Heart, Blood & Cardio",false
PubMed,35739093,https://pubmed.ncbi.nlm.nih.gov/35739093/,"Heart, Blood & Cardio",false
PubMed,35812088,https://pubmed.ncbi.nlm.nih.gov/35812088/,"Heart, Blood & Cardio",false
PubMed,35813492,https://pubmed.ncbi.nlm.nih.gov/35813492/,"Heart, Blood & Cardio",false
PubMed,35855878,https://pubmed.ncbi.nlm.nih.gov/35855878/,"Heart, Blood & Cardio",false
PubMed,35906756,https://pubmed.ncbi.nlm.nih.gov/35906756/,"Heart, Blood & Cardio",false
PubMed,35926578,https://pubmed.ncbi.nlm.nih.gov/35926578/,"Heart, Blood & Cardio",false
PubMed,35969136,https://pubmed.ncbi.nlm.nih.gov/35969136/,"Heart, Blood & Cardio",false
PubMed,36009180,https://pubmed.ncbi.nlm.nih.gov/36009180/,"Heart, Blood & Cardio",false
PubMed,36064830,https://pubmed.ncbi.nlm.nih.gov/36064830/,"Heart, Blood & Cardio",false
PubMed,36076543,https://pubmed.ncbi.nlm.nih.gov/36076543/,"Heart, Blood & Cardio",false
PubMed,36098056,https://pubmed.ncbi.nlm.nih.gov/36098056/,"Heart, Blood & Cardio",false
PubMed,36108317,https://pubmed.ncbi.nlm.nih.gov/36108317/,"Heart, Blood & Cardio",false
PubMed,36120288,https://pubmed.ncbi.nlm.nih.gov/36120288/,"Heart, Blood & Cardio",false
PubMed,36122382,https://pubmed.ncbi.nlm.nih.gov/36122382/,"Heart, Blood & Cardio",false
PubMed,36145339,https://pubmed.ncbi.nlm.nih.gov/36145339/,"Heart, Blood & Cardio",false
PubMed,36159363,https://pubmed.ncbi.nlm.nih.gov/36159363/,"Heart, Blood & Cardio",false
PubMed,36166341,https://pubmed.ncbi.nlm.nih.gov/36166341/,"Heart, Blood & Cardio",false
PubMed,36176375,https://pubmed.ncbi.nlm.nih.gov/36176375/,"Heart, Blood & Cardio",false
PubMed,36212793,https://pubmed.ncbi.nlm.nih.gov/36212793/,"Heart, Blood & Cardio",false
PubMed,36217821,https://pubmed.ncbi.nlm.nih.gov/36217821/,"Heart, Blood & Cardio",false
PubMed,36252353,https://pubmed.ncbi.nlm.nih.gov/36252353/,"Heart, Blood & Cardio",false
PubMed,36260649,https://pubmed.ncbi.nlm.nih.gov/36260649/,"Heart, Blood & Cardio",false
PubMed,36292471,https://pubmed.ncbi.nlm.nih.gov/36292471/,"Heart, Blood & Cardio",false
PubMed,36293543,https://pubmed.ncbi.nlm.nih.gov/36293543/,"Heart, Blood & Cardio",false
PubMed,36312282,https://pubmed.ncbi.nlm.nih.gov/36312282/,"Heart, Blood & Cardio",false
PubMed,36317321,https://pubmed.ncbi.nlm.nih.gov/36317321/,"Heart, Blood & Cardio",false
PubMed,36361721,https://pubmed.ncbi.nlm.nih.gov/36361721/,"Heart, Blood & Cardio",false
PubMed,36386386,https://pubmed.ncbi.nlm.nih.gov/36386386/,"Heart, Blood & Cardio",false
PubMed,36405229,https://pubmed.ncbi.nlm.nih.gov/36405229/,"Heart, Blood & Cardio",false
PubMed,36407955,https://pubmed.ncbi.nlm.nih.gov/36407955/,"Heart, Blood & Cardio",false
PubMed,36413342,https://pubmed.ncbi.nlm.nih.gov/36413342/,"Heart, Blood & Cardio",false
PubMed,36467784,https://pubmed.ncbi.nlm.nih.gov/36467784/,"Heart, Blood & Cardio",false
PubMed,36508270,https://pubmed.ncbi.nlm.nih.gov/36508270/,"Heart, Blood & Cardio",false
PubMed,36508880,https://pubmed.ncbi.nlm.nih.gov/36508880/,"Heart, Blood & Cardio",false
PubMed,36545898,https://pubmed.ncbi.nlm.nih.gov/36545898/,"Heart, Blood & Cardio",false
PubMed,36552027,https://pubmed.ncbi.nlm.nih.gov/36552027/,"Heart, Blood & Cardio",false
PubMed,36591655,https://pubmed.ncbi.nlm.nih.gov/36591655/,"Heart, Blood & Cardio",false
PubMed,36615797,https://pubmed.ncbi.nlm.nih.gov/36615797/,"Heart, Blood & Cardio",false
PubMed,36633888,https://pubmed.ncbi.nlm.nih.gov/36633888/,"Heart, Blood & Cardio",false
PubMed,36634588,https://pubmed.ncbi.nlm.nih.gov/36634588/,"Heart, Blood & Cardio",false
PubMed,36636553,https://pubmed.ncbi.nlm.nih.gov/36636553/,"Heart, Blood & Cardio",false
PubMed,36675144,https://pubmed.ncbi.nlm.nih.gov/36675144/,"Heart, Blood & Cardio",false
PubMed,36740601,https://pubmed.ncbi.nlm.nih.gov/36740601/,"Heart, Blood & Cardio",false
PubMed,36751116,https://pubmed.ncbi.nlm.nih.gov/36751116/,"Heart, Blood & Cardio",false
PubMed,36751195,https://pubmed.ncbi.nlm.nih.gov/36751195/,"Heart, Blood & Cardio",false
PubMed,36780785,https://pubmed.ncbi.nlm.nih.gov/36780785/,"Heart, Blood & Cardio",false
PubMed,36796231,https://pubmed.ncbi.nlm.nih.gov/36796231/,"Heart, Blood & Cardio",false
PubMed,36821365,https://pubmed.ncbi.nlm.nih.gov/36821365/,"Heart, Blood & Cardio",false
PubMed,36834530,https://pubmed.ncbi.nlm.nih.gov/36834530/,"Heart, Blood & Cardio",false
PubMed,36858942,https://pubmed.ncbi.nlm.nih.gov/36858942/,"Heart, Blood & Cardio",false
PubMed,36874042,https://pubmed.ncbi.nlm.nih.gov/36874042/,"Heart, Blood & Cardio",false
PubMed,36878471,https://pubmed.ncbi.nlm.nih.gov/36878471/,"Heart, Blood & Cardio",false
PubMed,37123084,https://pubmed.ncbi.nlm.nih.gov/37123084/,"Heart, Blood & Cardio",false
PubMed,37124964,https://pubmed.ncbi.nlm.nih.gov/37124964/,"Heart, Blood & Cardio",false
PubMed,37207967,https://pubmed.ncbi.nlm.nih.gov/37207967/,"Heart, Blood & Cardio",false
PubMed,38093188,https://pubmed.ncbi.nlm.nih.gov/38093188/,"Heart, Blood & Cardio",false
PubMed,638490,https://pubmed.ncbi.nlm.nih.gov/638490/,"Heart, Blood & Cardio",false
PubMed,872649,https://pubmed.ncbi.nlm.nih.gov/872649/,"Heart, Blood & Cardio",false
PubMed,8843898,https://pubmed.ncbi.nlm.nih.gov/8843898/,"Heart, Blood & Cardio",false
PubMed,9550942,https://pubmed.ncbi.nlm.nih.gov/9550942/,"Heart, Blood & Cardio",false
PubMed,9846953,https://pubmed.ncbi.nlm.nih.gov/9846953/,"Heart, Blood & Cardio",false
DOI,10.1002/cne.24868,https://doi.org/10.1002/cne.24868,"Hormones, reproduction & gender differences",false
DOI,10.1002/cpu.30719,https://doi.org/10.1002/cpu.30719,"Hormones, reproduction & gender differences",false
DOI,10.1002/dev.21944,https://doi.org/10.1002/dev.21944,"Hormones, reproduction & gender differences",false
DOI,10.1007/978-1-59259-710-9_45,https://doi.org/10.1007/978-1-59259-710-9_45,"Hormones, reproduction & gender differences",false
DOI,10.1007/978-3-030-67928-6_67-1,https://doi.org/10.1007/978-3-030-67928-6_67-1,"Hormones, reproduction & gender differences",false
DOI,10.1007/978-3-031-04874-6_15,https://doi.org/10.1007/978-3-031-04874-6_15,"Hormones, reproduction & gender differences",false
DOI,10.1007/s00213-008-1422-2,https://doi.org/10.1007/s00213-008-1422-2,"Hormones, reproduction & gender differences",false
DOI,10.1007/s00345-020-03110-5,https://doi.org/10.1007/s00345-020-03110-5,"Hormones, reproduction & gender differences",false
DOI,10.1007/s11113-022-09714-6,https://doi.org/10.1007/s11113-022-09714-6,"Hormones, reproduction & gender differences",false
DOI,10.1007/s11884-021-00632-5,https://doi.org/10.1007/s11884-021-00632-5,"Hormones, reproduction & gender differences",false
DOI,10.1007/s11916-020-00872-w,https://doi.org/10.1007/s11916-020-00872-w,"Hormones, reproduction & gender differences",false
DOI,10.1007/s11930-022-00339-6,https://doi.org/10.1007/s11930-022-00339-6,"Hormones, reproduction & gender differences",false
DOI,10.1007/s12403-023-00564-x,https://doi.org/10.1007/s12403-023-00564-x,"Hormones, reproduction & gender differences",false
DOI,10.1007/s40429-022-00419-6,https://doi.org/10.1007/s40429-022-00419-6,"Hormones, reproduction & gender differences",false
DOI,10.1016/s0140-6736(02)18499-6,https://doi.org/10.1016/s0140-6736(02)18499-6,"Hormones, reproduction & gender differences",false
DOI,10.1016/s0140-6736(02)18723-x,https://doi.org/10.1016/s0140-6736(02)18723-x,"Hormones, reproduction & gender differences",false
DOI,10.1055/s-0042-1749430,https://doi.org/10.1055/s-0042-1749430,"Hormones, reproduction & gender differences",false
DOI,10.1073/pnas.1416463112,https://doi.org/10.1073/pnas.1416463112,"Hormones, reproduction & gender differences",false
DOI,10.1089/can.2019.0056,https://doi.org/10.1089/can.2019.0056,"Hormones, reproduction & gender differences",false
DOI,10.1089/jwh.2020.8491,https://doi.org/10.1089/jwh.2020.8491,"Hormones, reproduction & gender differences",false
DOI,10.1093/humrep/dez098,https://doi.org/10.1093/humrep/dez098,"Hormones, reproduction & gender differences",false
DOI,10.1093/pch/pxac019,https://doi.org/10.1093/pch/pxac019,"Hormones, reproduction & gender differences",false
DOI,10.1096/fasebj.2022.36.s1.0r546,https://doi.org/10.1096/fasebj.2022.36.s1.0r546,"Hormones, reproduction & gender differences",false
DOI,10.1096/fasebj.2022.36.s1.r5135,https://doi.org/10.1096/fasebj.2022.36.s1.r5135,"Hormones, reproduction & gender differences",false
DOI,10.1096/fasebj.2022.36.s1.r5353,https://doi.org/10.1096/fasebj.2022.36.s1.r5353,"Hormones, reproduction & gender differences",false
DOI,10.1097/ju.0000000000003212.02,https://doi.org/10.1097/ju.0000000000003212.02,"Hormones, reproduction & gender differences",false
DOI,10.1097/ju.0000000000003212.06,https://doi.org/10.1097/ju.0000000000003212.06,"Hormones, reproduction & gender differences",false
DOI,10.1111/andr.12953,https://doi.org/10.1111/andr.12953,"Hormones, reproduction & gender differences",false
DOI,10.1111/jne.13034,https://doi.org/10.1111/jne.13034,"Hormones, reproduction & gender differences",false
DOI,10.1152/ajpcell.00190.2020,https://doi.org/10.1152/ajpcell.00190.2020,"Hormones, reproduction & gender differences",false
DOI,10.1152/physiol.2023.38.s1.5729959,https://doi.org/10.1152/physiol.2023.38.s1.5729959,"Hormones, reproduction & gender differences",false
DOI,10.1177/1557988319892464,https://doi.org/10.1177/1557988319892464,"Hormones, reproduction & gender differences",false
DOI,10.1177/22840265211011277,https://doi.org/10.1177/22840265211011277,"Hormones, reproduction & gender differences",false
DOI,10.1186/s12906-019-2541-5,https://doi.org/10.1186/s12906-019-2541-5,"Hormones, reproduction & gender differences",false
DOI,10.1186/s42238-020-0015-8,https://doi.org/10.1186/s42238-020-0015-8,"Hormones, reproduction & gender differences",false
DOI,10.1300/j175v02n03_02,https://doi.org/10.1300/j175v02n03_02,"Hormones, reproduction & gender differences",false
DOI,10.3389/fnsys.2019.00028,https://doi.org/10.3389/fnsys.2019.00028,"Hormones, reproduction & gender differences",false
DOI,10.3389/fphys.2021.667367,https://doi.org/10.3389/fphys.2021.667367,"Hormones, reproduction & gender differences",false
DOI,10.3389/fpsyg.2020.00816,https://doi.org/10.3389/fpsyg.2020.00816,"Hormones, reproduction & gender differences",false
PMC,PMC2972363,https://www.ncbi.nlm.nih.gov/pmc/articles/PMC2972363/,"Hormones, reproduction & gender differences",false
PMC,PMC8000565,https://www.ncbi.nlm.nih.gov/pmc/articles/PMC8000565/,"Hormones, reproduction & gender differences",false
PMC,PMC8090396,https://www.ncbi.nlm.nih.gov/pmc/articles/PMC8090396/,"Hormones, reproduction & gender differences",false
PMC,PMC8308542,https://www.ncbi.nlm.nih.gov/pmc/articles/PMC8308542/,"Hormones, reproduction & gender differences",false
PubMed,10208977,https://pubmed.ncbi.nlm.nih.gov/10208977/,"Hormones, reproduction & gender differences",false
PubMed,10420166,https://pubmed.ncbi.nlm.nih.gov/10420166/,"Hormones, reproduction & gender differences",false
PubMed,10462070,https://pubmed.ncbi.nlm.nih.gov/10462070/,"Hormones, reproduction & gender differences",false
PubMed,10631784,https://pubmed.ncbi.nlm.nih.gov/10631784/,"Hormones, reproduction & gender differences",false
PubMed,10776746,https://pubmed.ncbi.nlm.nih.gov/10776746/,"Hormones, reproduction & gender differences",false
PubMed,10806398,https://pubmed.ncbi.nlm.nih.gov/10806398/,"Hormones, reproduction & gender differences",false
PubMed,11106792,https://pubmed.ncbi.nlm.nih.gov/11106792/,"Hormones, reproduction & gender differences",false
PubMed,11158625,https://pubmed.ncbi.nlm.nih.gov/11158625/,"Hormones, reproduction & gender differences",false
PubMed,11279117,https://pubmed.ncbi.nlm.nih.gov/11279117/,"Hormones, reproduction & gender differences",false
PubMed,11353819,https://pubmed.ncbi.nlm.nih.gov/11353819/,"Hormones, reproduction & gender differences",false
PubMed,11426843,https://pubmed.ncbi.nlm.nih.gov/11426843/,"Hormones, reproduction & gender differences",false
PubMed,11707102,https://pubmed.ncbi.nlm.nih.gov/11707102/,"Hormones, reproduction & gender differences",false
PubMed,11818522,https://pubmed.ncbi.nlm.nih.gov/11818522/,"Hormones, reproduction & gender differences",true
PubMed,12148689,https://pubmed.ncbi.nlm.nih.gov/12148689/,"Hormones, reproduction & gender differences",false
PubMed,12568912,https://pubmed.ncbi.nlm.nih.gov/12568912/,"Hormones, reproduction & gender differences",false
PubMed,12678501,https://pubmed.ncbi.nlm.nih.gov/12678501/,"Hormones, reproduction & gender differences",false
PubMed,12679519,https://pubmed.ncbi.nlm.nih.gov/12679519/,"Hormones, reproduction & gender differences",false
PubMed,1270583,https://pubmed.ncbi.nlm.nih.gov/1270583/,"Hormones, reproduction & gender differences",false
PubMed,12710976,https://pubmed.ncbi.nlm.nih.gov/12710976/,"Hormones, reproduction & gender differences",false
PubMed,12752773,https://pubmed.ncbi.nlm.nih.gov/12752773/,"Hormones, reproduction & gender differences",false
PubMed,12798960,https://pubmed.ncbi.nlm.nih.gov/12798960/,"Hormones, reproduction & gender differences",false
PubMed,12829425,https://pubmed.ncbi.nlm.nih.gov/12829425/,"Hormones, reproduction & gender differences",false
PubMed,15203175,https://pubmed.ncbi.nlm.nih.gov/15203175/,"Hormones, reproduction & gender differences",false
PubMed,15378054,https://pubmed.ncbi.nlm.nih.gov/15378054/,"Hormones, reproduction & gender differences",false
PubMed,15545023,https://pubmed.ncbi.nlm.nih.gov/15545023/,"Hormones, reproduction & gender differences",false
PubMed,15563449,https://pubmed.ncbi.nlm.nih.gov/15563449/,"Hormones, reproduction & gender differences",false
PubMed,15601599,https://pubmed.ncbi.nlm.nih.gov/15601599/,"Hormones, reproduction & gender differences",false
PubMed,15607530,https://pubmed.ncbi.nlm.nih.gov/15607530/,"Hormones, reproduction & gender differences",false
PubMed,15734273,https://pubmed.ncbi.nlm.nih.gov/15734273/,"Hormones, reproduction & gender differences",false
PubMed,16120829,https://pubmed.ncbi.nlm.nih.gov/16120829/,"Hormones, reproduction & gender differences",false
PubMed,16204423,https://pubmed.ncbi.nlm.nih.gov/16204423/,"Hormones, reproduction & gender differences",false
PubMed,16306385,https://pubmed.ncbi.nlm.nih.gov/16306385/,"Hormones, reproduction & gender differences",false
PubMed,16458631,https://pubmed.ncbi.nlm.nih.gov/16458631/,"Hormones, reproduction & gender differences",false
PubMed,16682502,https://pubmed.ncbi.nlm.nih.gov/16682502/,"Hormones, reproduction & gender differences",false
PubMed,16876136,https://pubmed.ncbi.nlm.nih.gov/16876136/,"Hormones, reproduction & gender differences",false
PubMed,16886060,https://pubmed.ncbi.nlm.nih.gov/16886060/,"Hormones, reproduction & gender differences",true
PubMed,16911731,https://pubmed.ncbi.nlm.nih.gov/16911731/,"Hormones, reproduction & gender differences",false
PubMed,17222464,https://pubmed.ncbi.nlm.nih.gov/17222464/,"Hormones, reproduction & gender differences",false
PubMed,17259073,https://pubmed.ncbi.nlm.nih.gov/17259073/,"Hormones, reproduction & gender differences",false
PubMed,17525,https://pubmed.ncbi.nlm.nih.gov/17525/,"Hormones, reproduction & gender differences",false
PubMed,17525344,https://pubmed.ncbi.nlm.nih.gov/17525344/,"Hormones, reproduction & gender differences",false
PubMed,17578508,https://pubmed.ncbi.nlm.nih.gov/17578508/,"Hormones, reproduction & gender differences",false
PubMed,17762508,https://pubmed.ncbi.nlm.nih.gov/17762508/,"Hormones, reproduction & gender differences",false
PubMed,17805201,https://pubmed.ncbi.nlm.nih.gov/17805201/,"Hormones, reproduction & gender differences",false
PubMed,18042663,https://pubmed.ncbi.nlm.nih.gov/18042663/,"Hormones, reproduction & gender differences",false
PubMed,18322078,https://pubmed.ncbi.nlm.nih.gov/18322078/,"Hormones, reproduction & gender differences",false
PubMed,18328619,https://pubmed.ncbi.nlm.nih.gov/18328619/,"Hormones, reproduction & gender differences",false
PubMed,18426504,https://pubmed.ncbi.nlm.nih.gov/18426504/,"Hormones, reproduction & gender differences",false
PubMed,18426505,https://pubmed.ncbi.nlm.nih.gov/18426505/,"Hormones, reproduction & gender differences",false
PubMed,19083209,https://pubmed.ncbi.nlm.nih.gov/19083209/,"Hormones, reproduction & gender differences",false
PubMed,19103437,https://pubmed.ncbi.nlm.nih.gov/19103437/,"Hormones, reproduction & gender differences",false
PubMed,19238202,https://pubmed.ncbi.nlm.nih.gov/19238202/,"Hormones, reproduction & gender differences",false
PubMed,1935564,https://pubmed.ncbi.nlm.nih.gov/1935564/,"Hormones, reproduction & gender differences",false
PubMed,19394765,https://pubmed.ncbi.nlm.nih.gov/19394765/,"Hormones, reproduction & gender differences",false
PubMed,19602425,https://pubmed.ncbi.nlm.nih.gov/19602425/,"Hormones, reproduction & gender differences",false
PubMed,19733173,https://pubmed.ncbi.nlm.nih.gov/19733173/,"Hormones, reproduction & gender differences",false
PubMed,19758570,https://pubmed.ncbi.nlm.nih.gov/19758570/,"Hormones, reproduction & gender differences",false
PubMed,1979838,https://pubmed.ncbi.nlm.nih.gov/1979838/,"Hormones, reproduction & gender differences",false
PubMed,19819241,https://pubmed.ncbi.nlm.nih.gov/19819241/,"Hormones, reproduction & gender differences",false
PubMed,20302856,https://pubmed.ncbi.nlm.nih.gov/20302856/,"Hormones, reproduction & gender differences",false
PubMed,20303477,https://pubmed.ncbi.nlm.nih.gov/20303477/,"Hormones, reproduction & gender differences",false
PubMed,20369362,https://pubmed.ncbi.nlm.nih.gov/20369362/,"Hormones, reproduction & gender differences",false
PubMed,20590564,https://pubmed.ncbi.nlm.nih.gov/20590564/,"Hormones, reproduction & gender differences",false
PubMed,21057002,https://pubmed.ncbi.nlm.nih.gov/21057002/,"Hormones, reproduction & gender differences",false
PubMed,21227997,https://pubmed.ncbi.nlm.nih.gov/21227997/,"Hormones, reproduction & gender differences",false
PubMed,21595653,https://pubmed.ncbi.nlm.nih.gov/21595653/,"Hormones, reproduction & gender differences",false
PubMed,21631618,https://pubmed.ncbi.nlm.nih.gov/21631618/,"Hormones, reproduction & gender differences",true
PubMed,21797816,https://pubmed.ncbi.nlm.nih.gov/21797816/,"Hormones, reproduction & gender differences",false
PubMed,21820648,https://pubmed.ncbi.nlm.nih.gov/21820648/,"Hormones, reproduction & gender differences",false
PubMed,22701012,https://pubmed.ncbi.nlm.nih.gov/22701012/,"Hormones, reproduction & gender differences",false
PubMed,22728714,https://pubmed.ncbi.nlm.nih.gov/22728714/,"Hormones, reproduction & gender differences",false
PubMed,22789143,https://pubmed.ncbi.nlm.nih.gov/22789143/,"Hormones, reproduction & gender differences",false
PubMed,2294909,https://pubmed.ncbi.nlm.nih.gov/2294909/,"Hormones, reproduction & gender differences",false
PubMed,23177537,https://pubmed.ncbi.nlm.nih.gov/23177537/,"Hormones, reproduction & gender differences",false
PubMed,23178290,https://pubmed.ncbi.nlm.nih.gov/23178290/,"Hormones, reproduction & gender differences",false
PubMed,23372171,https://pubmed.ncbi.nlm.nih.gov/23372171/,"Hormones, reproduction & gender differences",false
PubMed,24275139,https://pubmed.ncbi.nlm.nih.gov/24275139/,"Hormones, reproduction & gender differences",false
PubMed,24361784,https://pubmed.ncbi.nlm.nih.gov/24361784/,"Hormones, reproduction & gender differences",false
PubMed,24469251,https://pubmed.ncbi.nlm.nih.gov/24469251/,"Hormones, reproduction & gender differences",false
PubMed,24798725,https://pubmed.ncbi.nlm.nih.gov/24798725/,"Hormones, reproduction & gender differences",false
PubMed,24819878,https://pubmed.ncbi.nlm.nih.gov/24819878/,"Hormones, reproduction & gender differences",false
PubMed,25030704,https://pubmed.ncbi.nlm.nih.gov/25030704/,"Hormones, reproduction & gender differences",false
PubMed,25134048,https://pubmed.ncbi.nlm.nih.gov/25134048/,"Hormones, reproduction & gender differences",false
PubMed,25618446,https://pubmed.ncbi.nlm.nih.gov/25618446/,"Hormones, reproduction & gender differences",false
PubMed,25974242,https://pubmed.ncbi.nlm.nih.gov/25974242/,"Hormones, reproduction & gender differences",false
PubMed,26283092,https://pubmed.ncbi.nlm.nih.gov/26283092/,"Hormones, reproduction & gender differences",false
PubMed,26401751,https://pubmed.ncbi.nlm.nih.gov/26401751/,"Hormones, reproduction & gender differences",false
PubMed,26408166,https://pubmed.ncbi.nlm.nih.gov/26408166/,"Hormones, reproduction & gender differences",false
PubMed,26578900,https://pubmed.ncbi.nlm.nih.gov/26578900/,"Hormones, reproduction & gender differences",false
PubMed,26638764,https://pubmed.ncbi.nlm.nih.gov/26638764/,"Hormones, reproduction & gender differences",false
PubMed,26656029,https://pubmed.ncbi.nlm.nih.gov/26656029/,"Hormones, reproduction & gender differences",false
PubMed,27163857,https://pubmed.ncbi.nlm.nih.gov/27163857/,"Hormones, reproduction & gender differences",false
PubMed,27569586,https://pubmed.ncbi.nlm.nih.gov/27569586/,"Hormones, reproduction & gender differences",false
PubMed,27806128,https://pubmed.ncbi.nlm.nih.gov/27806128/,"Hormones, reproduction & gender differences",false
PubMed,27884725,https://pubmed.ncbi.nlm.nih.gov/27884725/,"Hormones, reproduction & gender differences",false
PubMed,28082878,https://pubmed.ncbi.nlm.nih.gov/28082878/,"Hormones, reproduction & gender differences",false
PubMed,28346523,https://pubmed.ncbi.nlm.nih.gov/28346523/,"Hormones, reproduction & gender differences",false
PubMed,28476947,https://pubmed.ncbi.nlm.nih.gov/28476947/,"Hormones, reproduction & gender differences",false
PubMed,28826538,https://pubmed.ncbi.nlm.nih.gov/28826538/,"Hormones, reproduction & gender differences",false
PubMed,28861506,https://pubmed.ncbi.nlm.nih.gov/28861506/,"Hormones, reproduction & gender differences",false
PubMed,2907469,https://pubmed.ncbi.nlm.nih.gov/2907469/,"Hormones, reproduction & gender differences",false
PubMed,29102876,https://pubmed.ncbi.nlm.nih.gov/29102876/,"Hormones, reproduction & gender differences",false
PubMed,29110748,https://pubmed.ncbi.nlm.nih.gov/29110748/,"Hormones, reproduction & gender differences",false
PubMed,29273628,https://pubmed.ncbi.nlm.nih.gov/29273628/,"Hormones, reproduction & gender differences",false
PubMed,30128499,https://pubmed.ncbi.nlm.nih.gov/30128499/,"Hormones, reproduction & gender differences",false
PubMed,30282988,https://pubmed.ncbi.nlm.nih.gov/30282988/,"Hormones, reproduction & gender differences",false
PubMed,30374520,https://pubmed.ncbi.nlm.nih.gov/30374520/,"Hormones, reproduction & gender differences",false
PubMed,30618031,https://pubmed.ncbi.nlm.nih.gov/30618031/,"Hormones, reproduction & gender differences",false
PubMed,30646937,https://pubmed.ncbi.nlm.nih.gov/30646937/,"Hormones, reproduction & gender differences",false
PubMed,30776574,https://pubmed.ncbi.nlm.nih.gov/30776574/,"Hormones, reproduction & gender differences",false
PubMed,30832539,https://pubmed.ncbi.nlm.nih.gov/30832539/,"Hormones, reproduction & gender differences",false
PubMed,30833225,https://pubmed.ncbi.nlm.nih.gov/30833225/,"Hormones, reproduction & gender differences",false
PubMed,30912236,https://pubmed.ncbi.nlm.nih.gov/30912236/,"Hormones, reproduction & gender differences",false
PubMed,30944869,https://pubmed.ncbi.nlm.nih.gov/30944869/,"Hormones, reproduction & gender differences",false
PubMed,31267718,https://pubmed.ncbi.nlm.nih.gov/31267718/,"Hormones, reproduction & gender differences",false
PubMed,31313338,https://pubmed.ncbi.nlm.nih.gov/31313338/,"Hormones, reproduction & gender differences",false
PubMed,31454668,https://pubmed.ncbi.nlm.nih.gov/31454668/,"Hormones, reproduction & gender differences",false
PubMed,31611707,https://pubmed.ncbi.nlm.nih.gov/31611707/,"Hormones, reproduction & gender differences",false
PubMed,31711334,https://pubmed.ncbi.nlm.nih.gov/31711334/,"Hormones, reproduction & gender differences",false
PubMed,31730886,https://pubmed.ncbi.nlm.nih.gov/31730886/,"Hormones, reproduction & gender differences",false
PubMed,31861494,https://pubmed.ncbi.nlm.nih.gov/31861494/,"Hormones, reproduction & gender differences",false
PubMed,31926099,https://pubmed.ncbi.nlm.nih.gov/31926099/,"Hormones, reproduction & gender differences",false
PubMed,31931958,https://pubmed.ncbi.nlm.nih.gov/31931958/,"Hormones, reproduction & gender differences",false
PubMed,31953475,https://pubmed.ncbi.nlm.nih.gov/31953475/,"Hormones, reproduction & gender differences",false
PubMed,31990346,https://pubmed.ncbi.nlm.nih.gov/31990346/,"Hormones, reproduction & gender differences",false
PubMed,31992503,https://pubmed.ncbi.nlm.nih.gov/31992503/,"Hormones, reproduction & gender differences",false
PubMed,32001177,https://pubmed.ncbi.nlm.nih.gov/32001177/,"Hormones, reproduction & gender differences",false
PubMed,32017991,https://pubmed.ncbi.nlm.nih.gov/32017991/,"Hormones, reproduction & gender differences",false
PubMed,32064664,https://pubmed.ncbi.nlm.nih.gov/32064664/,"Hormones, reproduction & gender differences",false
PubMed,32075958,https://pubmed.ncbi.nlm.nih.gov/32075958/,"Hormones, reproduction & gender differences",false
PubMed,32198753,https://pubmed.ncbi.nlm.nih.gov/32198753/,"Hormones, reproduction & gender differences",false
PubMed,32221778,https://pubmed.ncbi.nlm.nih.gov/32221778/,"Hormones, reproduction & gender differences",false
PubMed,32308209,https://pubmed.ncbi.nlm.nih.gov/32308209/,"Hormones, reproduction & gender differences",false
PubMed,32315745,https://pubmed.ncbi.nlm.nih.gov/32315745/,"Hormones, reproduction & gender differences",false
PubMed,32325173,https://pubmed.ncbi.nlm.nih.gov/32325173/,"Hormones, reproduction & gender differences",false
PubMed,32338122,https://pubmed.ncbi.nlm.nih.gov/32338122/,"Hormones, reproduction & gender differences",false
PubMed,32347309,https://pubmed.ncbi.nlm.nih.gov/32347309/,"Hormones, reproduction & gender differences",false
PubMed,32357311,https://pubmed.ncbi.nlm.nih.gov/32357311/,"Hormones, reproduction & gender differences",false
PubMed,32462998,https://pubmed.ncbi.nlm.nih.gov/32462998/,"Hormones, reproduction & gender differences",false
PubMed,32497151,https://pubmed.ncbi.nlm.nih.gov/32497151/,"Hormones, reproduction & gender differences",false
PubMed,32507859,https://pubmed.ncbi.nlm.nih.gov/32507859/,"Hormones, reproduction & gender differences",false
PubMed,32568213,https://pubmed.ncbi.nlm.nih.gov/32568213/,"Hormones, reproduction & gender differences",false
PubMed,32605891,https://pubmed.ncbi.nlm.nih.gov/32605891/,"Hormones, reproduction & gender differences",false
PubMed,32647869,https://pubmed.ncbi.nlm.nih.gov/32647869/,"Hormones, reproduction & gender differences",false
PubMed,32744098,https://pubmed.ncbi.nlm.nih.gov/32744098/,"Hormones, reproduction & gender differences",false
PubMed,32770666,https://pubmed.ncbi.nlm.nih.gov/32770666/,"Hormones, reproduction & gender differences",false
PubMed,32778828,https://pubmed.ncbi.nlm.nih.gov/32778828/,"Hormones, reproduction & gender differences",false
PubMed,32815089,https://pubmed.ncbi.nlm.nih.gov/32815089/,"Hormones, reproduction & gender differences",false
PubMed,32833042,https://pubmed.ncbi.nlm.nih.gov/32833042/,"Hormones, reproduction & gender differences",false
PubMed,32954972,https://pubmed.ncbi.nlm.nih.gov/32954972/,"Hormones, reproduction & gender differences",false
PubMed,32971561,https://pubmed.ncbi.nlm.nih.gov/32971561/,"Hormones, reproduction & gender differences",false
PubMed,32992491,https://pubmed.ncbi.nlm.nih.gov/32992491/,"Hormones, reproduction & gender differences",false
PubMed,33093533,https://pubmed.ncbi.nlm.nih.gov/33093533/,"Hormones, reproduction & gender differences",false
PubMed,33105141,https://pubmed.ncbi.nlm.nih.gov/33105141/,"Hormones, reproduction & gender differences",false
PubMed,33216305,https://pubmed.ncbi.nlm.nih.gov/33216305/,"Hormones, reproduction & gender differences",false
PubMed,33252316,https://pubmed.ncbi.nlm.nih.gov/33252316/,"Hormones, reproduction & gender differences",false
PubMed,33256105,https://pubmed.ncbi.nlm.nih.gov/33256105/,"Hormones, reproduction & gender differences",false
PubMed,33278297,https://pubmed.ncbi.nlm.nih.gov/33278297/,"Hormones, reproduction & gender differences",false
PubMed,33308186,https://pubmed.ncbi.nlm.nih.gov/33308186/,"Hormones, reproduction & gender differences",false
PubMed,33311738,https://pubmed.ncbi.nlm.nih.gov/33311738/,"Hormones, reproduction & gender differences",false
PubMed,33390032,https://pubmed.ncbi.nlm.nih.gov/33390032/,"Hormones, reproduction & gender differences",false
PubMed,33398893,https://pubmed.ncbi.nlm.nih.gov/33398893/,"Hormones, reproduction & gender differences",false
PubMed,33407853,https://pubmed.ncbi.nlm.nih.gov/33407853/,"Hormones, reproduction & gender differences",false
PubMed,33421071,https://pubmed.ncbi.nlm.nih.gov/33421071/,"Hormones, reproduction & gender differences",false
PubMed,33469174,https://pubmed.ncbi.nlm.nih.gov/33469174/,"Hormones, reproduction & gender differences",false
PubMed,33478092,https://pubmed.ncbi.nlm.nih.gov/33478092/,"Hormones, reproduction & gender differences",false
PubMed,33511667,https://pubmed.ncbi.nlm.nih.gov/33511667/,"Hormones, reproduction & gender differences",false
PubMed,33519564,https://pubmed.ncbi.nlm.nih.gov/33519564/,"Hormones, reproduction & gender differences",false
PubMed,33531043,https://pubmed.ncbi.nlm.nih.gov/33531043/,"Hormones, reproduction & gender differences",false
PubMed,33531413,https://pubmed.ncbi.nlm.nih.gov/33531413/,"Hormones, reproduction & gender differences",false
PubMed,33551019,https://pubmed.ncbi.nlm.nih.gov/33551019/,"Hormones, reproduction & gender differences",false
PubMed,33561556,https://pubmed.ncbi.nlm.nih.gov/33561556/,"Hormones, reproduction & gender differences",false
PubMed,33562259,https://pubmed.ncbi.nlm.nih.gov/33562259/,"Hormones, reproduction & gender differences",false
PubMed,33576293,https://pubmed.ncbi.nlm.nih.gov/33576293/,"Hormones, reproduction & gender differences",false
PubMed,33712975,https://pubmed.ncbi.nlm.nih.gov/33712975/,"Hormones, reproduction & gender differences",false
PubMed,33759668,https://pubmed.ncbi.nlm.nih.gov/33759668/,"Hormones, reproduction & gender differences",false
PubMed,33800053,https://pubmed.ncbi.nlm.nih.gov/33800053/,"Hormones, reproduction & gender differences",false
PubMed,33840323,https://pubmed.ncbi.nlm.nih.gov/33840323/,"Hormones, reproduction & gender differences",false
PubMed,33848611,https://pubmed.ncbi.nlm.nih.gov/33848611/,"Hormones, reproduction & gender differences",false
PubMed,33887075,https://pubmed.ncbi.nlm.nih.gov/33887075/,"Hormones, reproduction & gender differences",false
PubMed,33892503,https://pubmed.ncbi.nlm.nih.gov/33892503/,"Hormones, reproduction & gender differences",false
PubMed,33912711,https://pubmed.ncbi.nlm.nih.gov/33912711/,"Hormones, reproduction & gender differences",false
PubMed,33931678,https://pubmed.ncbi.nlm.nih.gov/33931678/,"Hormones, reproduction & gender differences",false
PubMed,34001768,https://pubmed.ncbi.nlm.nih.gov/34001768/,"Hormones, reproduction & gender differences",false
PubMed,34008304,https://pubmed.ncbi.nlm.nih.gov/34008304/,"Hormones, reproduction & gender differences",false
PubMed,34038760,https://pubmed.ncbi.nlm.nih.gov/34038760/,"Hormones, reproduction & gender differences",false
PubMed,34049105,https://pubmed.ncbi.nlm.nih.gov/34049105/,"Hormones, reproduction & gender differences",false
PubMed,34075141,https://pubmed.ncbi.nlm.nih.gov/34075141/,"Hormones, reproduction & gender differences",false
PubMed,34126352,https://pubmed.ncbi.nlm.nih.gov/34126352/,"Hormones, reproduction & gender differences",false
PubMed,34165606,https://pubmed.ncbi.nlm.nih.gov/34165606/,"Hormones, reproduction & gender differences",false
PubMed,34168527,https://pubmed.ncbi.nlm.nih.gov/34168527/,"Hormones, reproduction & gender differences",false
PubMed,34171210,https://pubmed.ncbi.nlm.nih.gov/34171210/,"Hormones, reproduction & gender differences",false
PubMed,34193310,https://pubmed.ncbi.nlm.nih.gov/34193310/,"Hormones, reproduction & gender differences",false
PubMed,34263407,https://pubmed.ncbi.nlm.nih.gov/34263407/,"Hormones, reproduction & gender differences",false
PubMed,3429670,https://pubmed.ncbi.nlm.nih.gov/3429670/,"Hormones, reproduction & gender differences",false
PubMed,34302491,https://pubmed.ncbi.nlm.nih.gov/34302491/,"Hormones, reproduction & gender differences",false
PubMed,34367341,https://pubmed.ncbi.nlm.nih.gov/34367341/,"Hormones, reproduction & gender differences",false
PubMed,34410679,https://pubmed.ncbi.nlm.nih.gov/34410679/,"Hormones, reproduction & gender differences",false
PubMed,34435626,https://pubmed.ncbi.nlm.nih.gov/34435626/,"Hormones, reproduction & gender differences",false
PubMed,34450240,https://pubmed.ncbi.nlm.nih.gov/34450240/,"Hormones, reproduction & gender differences",false
PubMed,34460075,https://pubmed.ncbi.nlm.nih.gov/34460075/,"Hormones, reproduction & gender differences",false
PubMed,34483875,https://pubmed.ncbi.nlm.nih.gov/34483875/,"Hormones, reproduction & gender differences",false
PubMed,34493346,https://pubmed.ncbi.nlm.nih.gov/34493346/,"Hormones, reproduction & gender differences",false
PubMed,34521753,https://pubmed.ncbi.nlm.nih.gov/34521753/,"Hormones, reproduction & gender differences",false
PubMed,34570659,https://pubmed.ncbi.nlm.nih.gov/34570659/,"Hormones, reproduction & gender differences",false
PubMed,34590702,https://pubmed.ncbi.nlm.nih.gov/34590702/,"Hormones, reproduction & gender differences",false
PubMed,34598738,https://pubmed.ncbi.nlm.nih.gov/34598738/,"Hormones, reproduction & gender differences",false
PubMed,34610637,https://pubmed.ncbi.nlm.nih.gov/34610637/,"Hormones, reproduction & gender differences",false
PubMed,34637799,https://pubmed.ncbi.nlm.nih.gov/34637799/,"Hormones, reproduction & gender differences",false
PubMed,34699540,https://pubmed.ncbi.nlm.nih.gov/34699540/,"Hormones, reproduction & gender differences",false
PubMed,34736335,https://pubmed.ncbi.nlm.nih.gov/34736335/,"Hormones, reproduction & gender differences",false
PubMed,34749819,https://pubmed.ncbi.nlm.nih.gov/34749819/,"Hormones, reproduction & gender differences",false
PubMed,34767135,https://pubmed.ncbi.nlm.nih.gov/34767135/,"Hormones, reproduction & gender differences",false
PubMed,34774840,https://pubmed.ncbi.nlm.nih.gov/34774840/,"Hormones, reproduction & gender differences",false
PubMed,34782458,https://pubmed.ncbi.nlm.nih.gov/34782458/,"Hormones, reproduction & gender differences",false
PubMed,34791187,https://pubmed.ncbi.nlm.nih.gov/34791187/,"Hormones, reproduction & gender differences",false
PubMed,34839061,https://pubmed.ncbi.nlm.nih.gov/34839061/,"Hormones, reproduction & gender differences",false
PubMed,34840377,https://pubmed.ncbi.nlm.nih.gov/34840377/,"Hormones, reproduction & gender differences",false
PubMed,34856574,https://pubmed.ncbi.nlm.nih.gov/34856574/,"Hormones, reproduction & gender differences",false
PubMed,34865136,https://pubmed.ncbi.nlm.nih.gov/34865136/,"Hormones, reproduction & gender differences",false
PubMed,34870449,https://pubmed.ncbi.nlm.nih.gov/34870449/,"Hormones, reproduction & gender differences",false
PubMed,34871667,https://pubmed.ncbi.nlm.nih.gov/34871667/,"Hormones, reproduction & gender differences",false
PubMed,34882838,https://pubmed.ncbi.nlm.nih.gov/34882838/,"Hormones, reproduction & gender differences",false
PubMed,34915761,https://pubmed.ncbi.nlm.nih.gov/34915761/,"Hormones, reproduction & gender differences",false
PubMed,34930765,https://pubmed.ncbi.nlm.nih.gov/34930765/,"Hormones, reproduction & gender differences",false
PubMed,34936167,https://pubmed.ncbi.nlm.nih.gov/34936167/,"Hormones, reproduction & gender differences",false
PubMed,34959625,https://pubmed.ncbi.nlm.nih.gov/34959625/,"Hormones, reproduction & gender differences",false
PubMed,35042455,https://pubmed.ncbi.nlm.nih.gov/35042455/,"Hormones, reproduction & gender differences",false
PubMed,35075917,https://pubmed.ncbi.nlm.nih.gov/35075917/,"Hormones, reproduction & gender differences",false
PubMed,35084486,https://pubmed.ncbi.nlm.nih.gov/35084486/,"Hormones, reproduction & gender differences",false
PubMed,35089093,https://pubmed.ncbi.nlm.nih.gov/35089093/,"Hormones, reproduction & gender differences",false
PubMed,35090174,https://pubmed.ncbi.nlm.nih.gov/35090174/,"Hormones, reproduction & gender differences",false
PubMed,35090702,https://pubmed.ncbi.nlm.nih.gov/35090702/,"Hormones, reproduction & gender differences",false
PubMed,35093468,https://pubmed.ncbi.nlm.nih.gov/35093468/,"Hormones, reproduction & gender differences",false
PubMed,35097219,https://pubmed.ncbi.nlm.nih.gov/35097219/,"Hormones, reproduction & gender differences",false
PubMed,35118787,https://pubmed.ncbi.nlm.nih.gov/35118787/,"Hormones, reproduction & gender differences",false
PubMed,35145760,https://pubmed.ncbi.nlm.nih.gov/35145760/,"Hormones, reproduction & gender differences",false
PubMed,35150750,https://pubmed.ncbi.nlm.nih.gov/35150750/,"Hormones, reproduction & gender differences",false
PubMed,35168237,https://pubmed.ncbi.nlm.nih.gov/35168237/,"Hormones, reproduction & gender differences",false
PubMed,35195378,https://pubmed.ncbi.nlm.nih.gov/35195378/,"Hormones, reproduction & gender differences",false
PubMed,35216971,https://pubmed.ncbi.nlm.nih.gov/35216971/,"Hormones, reproduction & gender differences",false
PubMed,35235418,https://pubmed.ncbi.nlm.nih.gov/35235418/,"Hormones, reproduction & gender differences",false
PubMed,35293068,https://pubmed.ncbi.nlm.nih.gov/35293068/,"Hormones, reproduction & gender differences",false
PubMed,35314358,https://pubmed.ncbi.nlm.nih.gov/35314358/,"Hormones, reproduction & gender differences",false
PubMed,35318111,https://pubmed.ncbi.nlm.nih.gov/35318111/,"Hormones, reproduction & gender differences",false
PubMed,35346156,https://pubmed.ncbi.nlm.nih.gov/35346156/,"Hormones, reproduction & gender differences",false
PubMed,35357471,https://pubmed.ncbi.nlm.nih.gov/35357471/,"Hormones, reproduction & gender differences",false
PubMed,35368251,https://pubmed.ncbi.nlm.nih.gov/35368251/,"Hormones, reproduction & gender differences",false
PubMed,35378220,https://pubmed.ncbi.nlm.nih.gov/35378220/,"Hormones, reproduction & gender differences",false
PubMed,35396255,https://pubmed.ncbi.nlm.nih.gov/35396255/,"Hormones, reproduction & gender differences",false
PubMed,35400519,https://pubmed.ncbi.nlm.nih.gov/35400519/,"Hormones, reproduction & gender differences",false
PubMed,35416425,https://pubmed.ncbi.nlm.nih.gov/35416425/,"Hormones, reproduction & gender differences",false
PubMed,35438163,https://pubmed.ncbi.nlm.nih.gov/35438163/,"Hormones, reproduction & gender differences",false
PubMed,35438304,https://pubmed.ncbi.nlm.nih.gov/35438304/,"Hormones, reproduction & gender differences",false
PubMed,35466560,https://pubmed.ncbi.nlm.nih.gov/35466560/,"Hormones, reproduction & gender differences",false
PubMed,35476800,https://pubmed.ncbi.nlm.nih.gov/35476800/,"Hormones, reproduction & gender differences",false
PubMed,35524041,https://pubmed.ncbi.nlm.nih.gov/35524041/,"Hormones, reproduction & gender differences",false
PubMed,35580011,https://pubmed.ncbi.nlm.nih.gov/35580011/,"Hormones, reproduction & gender differences",false
PubMed,35588954,https://pubmed.ncbi.nlm.nih.gov/35588954/,"Hormones, reproduction & gender differences",false
PubMed,35617998,https://pubmed.ncbi.nlm.nih.gov/35617998/,"Hormones, reproduction & gender differences",false
PubMed,35628240,https://pubmed.ncbi.nlm.nih.gov/35628240/,"Hormones, reproduction & gender differences",false
PubMed,35642492,https://pubmed.ncbi.nlm.nih.gov/35642492/,"Hormones, reproduction & gender differences",false
PubMed,35662548,https://pubmed.ncbi.nlm.nih.gov/35662548/,"Hormones, reproduction & gender differences",false
PubMed,35672435,https://pubmed.ncbi.nlm.nih.gov/35672435/,"Hormones, reproduction & gender differences",false
PubMed,35674367,https://pubmed.ncbi.nlm.nih.gov/35674367/,"Hormones, reproduction & gender differences",false
PubMed,35675950,https://pubmed.ncbi.nlm.nih.gov/35675950/,"Hormones, reproduction & gender differences",false
PubMed,35687495,https://pubmed.ncbi.nlm.nih.gov/35687495/,"Hormones, reproduction & gender differences",false
PubMed,35691647,https://pubmed.ncbi.nlm.nih.gov/35691647/,"Hormones, reproduction & gender differences",false
PubMed,35716006,https://pubmed.ncbi.nlm.nih.gov/35716006/,"Hormones, reproduction & gender differences",false
PubMed,35718631,https://pubmed.ncbi.nlm.nih.gov/35718631/,"Hormones, reproduction & gender differences",false
PubMed,35722858,https://pubmed.ncbi.nlm.nih.gov/35722858/,"Hormones, reproduction & gender differences",false
PubMed,35781588,https://pubmed.ncbi.nlm.nih.gov/35781588/,"Hormones, reproduction & gender differences",false
PubMed,35851950,https://pubmed.ncbi.nlm.nih.gov/35851950/,"Hormones, reproduction & gender differences",false
PubMed,35868833,https://pubmed.ncbi.nlm.nih.gov/35868833/,"Hormones, reproduction & gender differences",true
PubMed,35872737,https://pubmed.ncbi.nlm.nih.gov/35872737/,"Hormones, reproduction & gender differences",false
PubMed,35876631,https://pubmed.ncbi.nlm.nih.gov/35876631/,"Hormones, reproduction & gender differences",false
PubMed,35882274,https://pubmed.ncbi.nlm.nih.gov/35882274/,"Hormones, reproduction & gender differences",false
PubMed,35887347,https://pubmed.ncbi.nlm.nih.gov/35887347/,"Hormones, reproduction & gender differences",false
PubMed,35894723,https://pubmed.ncbi.nlm.nih.gov/35894723/,"Hormones, reproduction & gender differences",false
PubMed,35901851,https://pubmed.ncbi.nlm.nih.gov/35901851/,"Hormones, reproduction & gender differences",false
PubMed,35903331,https://pubmed.ncbi.nlm.nih.gov/35903331/,"Hormones, reproduction & gender differences",false
PubMed,35925507,https://pubmed.ncbi.nlm.nih.gov/35925507/,"Hormones, reproduction & gender differences",false
PubMed,35940828,https://pubmed.ncbi.nlm.nih.gov/35940828/,"Hormones, reproduction & gender differences",false
PubMed,35970295,https://pubmed.ncbi.nlm.nih.gov/35970295/,"Hormones, reproduction & gender differences",false
PubMed,35970747,https://pubmed.ncbi.nlm.nih.gov/35970747/,"Hormones, reproduction & gender differences",false
PubMed,35976913,https://pubmed.ncbi.nlm.nih.gov/35976913/,"Hormones, reproduction & gender differences",false
PubMed,35985923,https://pubmed.ncbi.nlm.nih.gov/35985923/,"Hormones, reproduction & gender differences",false
PubMed,36007919,https://pubmed.ncbi.nlm.nih.gov/36007919/,"Hormones, reproduction & gender differences",false
PubMed,36009367,https://pubmed.ncbi.nlm.nih.gov/36009367/,"Hormones, reproduction & gender differences",false
PubMed,36010645,https://pubmed.ncbi.nlm.nih.gov/36010645/,"Hormones, reproduction & gender differences",false
PubMed,36028848,https://pubmed.ncbi.nlm.nih.gov/36028848/,"Hormones, reproduction & gender differences",false
PubMed,36039819,https://pubmed.ncbi.nlm.nih.gov/36039819/,"Hormones, reproduction & gender differences",false
PubMed,36042978,https://pubmed.ncbi.nlm.nih.gov/36042978/,"Hormones, reproduction & gender differences",false
PubMed,36047080,https://pubmed.ncbi.nlm.nih.gov/36047080/,"Hormones, reproduction & gender differences",false
PubMed,36058599,https://pubmed.ncbi.nlm.nih.gov/36058599/,"Hormones, reproduction & gender differences",false
PubMed,36080275,https://pubmed.ncbi.nlm.nih.gov/36080275/,"Hormones, reproduction & gender differences",false
PubMed,36085038,https://pubmed.ncbi.nlm.nih.gov/36085038/,"Hormones, reproduction & gender differences",false
PubMed,36085240,https://pubmed.ncbi.nlm.nih.gov/36085240/,"Hormones, reproduction & gender differences",false
PubMed,36111653,https://pubmed.ncbi.nlm.nih.gov/36111653/,"Hormones, reproduction & gender differences",false
PubMed,36125082,https://pubmed.ncbi.nlm.nih.gov/36125082/,"Hormones, reproduction & gender differences",false
PubMed,36148938,https://pubmed.ncbi.nlm.nih.gov/36148938/,"Hormones, reproduction & gender differences",false
PubMed,36150422,https://pubmed.ncbi.nlm.nih.gov/36150422/,"Hormones, reproduction & gender differences",false
PubMed,36171027,https://pubmed.ncbi.nlm.nih.gov/36171027/,"Hormones, reproduction & gender differences",false
PubMed,36171057,https://pubmed.ncbi.nlm.nih.gov/36171057/,"Hormones, reproduction & gender differences",false
PubMed,36177831,https://pubmed.ncbi.nlm.nih.gov/36177831/,"Hormones, reproduction & gender differences",false
PubMed,36189777,https://pubmed.ncbi.nlm.nih.gov/36189777/,"Hormones, reproduction & gender differences",false
PubMed,36192518,https://pubmed.ncbi.nlm.nih.gov/36192518/,"Hormones, reproduction & gender differences",false
PubMed,36192621,https://pubmed.ncbi.nlm.nih.gov/36192621/,"Hormones, reproduction & gender differences",false
PubMed,36195631,https://pubmed.ncbi.nlm.nih.gov/36195631/,"Hormones, reproduction & gender differences",false
PubMed,36203114,https://pubmed.ncbi.nlm.nih.gov/36203114/,"Hormones, reproduction & gender differences",false
PubMed,36206999,https://pubmed.ncbi.nlm.nih.gov/36206999/,"Hormones, reproduction & gender differences",false
PubMed,36207747,https://pubmed.ncbi.nlm.nih.gov/36207747/,"Hormones, reproduction & gender differences",false
PubMed,36212249,https://pubmed.ncbi.nlm.nih.gov/36212249/,"Hormones, reproduction & gender differences",false
PubMed,36216807,https://pubmed.ncbi.nlm.nih.gov/36216807/,"Hormones, reproduction & gender differences",false
PubMed,36226844,https://pubmed.ncbi.nlm.nih.gov/36226844/,"Hormones, reproduction & gender differences",false
PubMed,36255470,https://pubmed.ncbi.nlm.nih.gov/36255470/,"Hormones, reproduction & gender differences",false
PubMed,36291671,https://pubmed.ncbi.nlm.nih.gov/36291671/,"Hormones, reproduction & gender differences",false
PubMed,36293924,https://pubmed.ncbi.nlm.nih.gov/36293924/,"Hormones, reproduction & gender differences",false
PubMed,36304004,https://pubmed.ncbi.nlm.nih.gov/36304004/,"Hormones, reproduction & gender differences",false
PubMed,36305657,https://pubmed.ncbi.nlm.nih.gov/36305657/,"Hormones, reproduction & gender differences",false
PubMed,36310241,https://pubmed.ncbi.nlm.nih.gov/36310241/,"Hormones, reproduction & gender differences",false
PubMed,36342776,https://pubmed.ncbi.nlm.nih.gov/36342776/,"Hormones, reproduction & gender differences",false
PubMed,36383424,https://pubmed.ncbi.nlm.nih.gov/36383424/,"Hormones, reproduction & gender differences",false
PubMed,36395973,https://pubmed.ncbi.nlm.nih.gov/36395973/,"Hormones, reproduction & gender differences",false
PubMed,36404868,https://pubmed.ncbi.nlm.nih.gov/36404868/,"Hormones, reproduction & gender differences",false
PubMed,36417349,https://pubmed.ncbi.nlm.nih.gov/36417349/,"Hormones, reproduction & gender differences",false
PubMed,36424484,https://pubmed.ncbi.nlm.nih.gov/36424484/,"Hormones, reproduction & gender differences",false
PubMed,36424495,https://pubmed.ncbi.nlm.nih.gov/36424495/,"Hormones, reproduction & gender differences",false
PubMed,36446608,https://pubmed.ncbi.nlm.nih.gov/36446608/,"Hormones, reproduction & gender differences",false
PubMed,36470874,https://pubmed.ncbi.nlm.nih.gov/36470874/,"Hormones, reproduction & gender differences",false
PubMed,36471532,https://pubmed.ncbi.nlm.nih.gov/36471532/,"Hormones, reproduction & gender differences",false
PubMed,36519830,https://pubmed.ncbi.nlm.nih.gov/36519830/,"Hormones, reproduction & gender differences",false
PubMed,36524844,https://pubmed.ncbi.nlm.nih.gov/36524844/,"Hormones, reproduction & gender differences",false
PubMed,36529297,https://pubmed.ncbi.nlm.nih.gov/36529297/,"Hormones, reproduction & gender differences",false
PubMed,36542906,https://pubmed.ncbi.nlm.nih.gov/36542906/,"Hormones, reproduction & gender differences",false
PubMed,36555842,https://pubmed.ncbi.nlm.nih.gov/36555842/,"Hormones, reproduction & gender differences",false
PubMed,36578200,https://pubmed.ncbi.nlm.nih.gov/36578200/,"Hormones, reproduction & gender differences",false
PubMed,36588534,https://pubmed.ncbi.nlm.nih.gov/36588534/,"Hormones, reproduction & gender differences",false
PubMed,36612763,https://pubmed.ncbi.nlm.nih.gov/36612763/,"Hormones, reproduction & gender differences",false
PubMed,36617462,https://pubmed.ncbi.nlm.nih.gov/36617462/,"Hormones, reproduction & gender differences",false
PubMed,36617843,https://pubmed.ncbi.nlm.nih.gov/36617843/,"Hormones, reproduction & gender differences",false
PubMed,36627039,https://pubmed.ncbi.nlm.nih.gov/36627039/,"Hormones, reproduction & gender differences",false
PubMed,36636759,https://pubmed.ncbi.nlm.nih.gov/36636759/,"Hormones, reproduction & gender differences",false
PubMed,36638082,https://pubmed.ncbi.nlm.nih.gov/36638082/,"Hormones, reproduction & gender differences",false
PubMed,36643901,https://pubmed.ncbi.nlm.nih.gov/36643901/,"Hormones, reproduction & gender differences",false
PubMed,36658600,https://pubmed.ncbi.nlm.nih.gov/36658600/,"Hormones, reproduction & gender differences",false
PubMed,36662593,https://pubmed.ncbi.nlm.nih.gov/36662593/,"Hormones, reproduction & gender differences",false
PubMed,36672773,https://pubmed.ncbi.nlm.nih.gov/36672773/,"Hormones, reproduction & gender differences",false
PubMed,36691911,https://pubmed.ncbi.nlm.nih.gov/36691911/,"Hormones, reproduction & gender differences",false
PubMed,36697430,https://pubmed.ncbi.nlm.nih.gov/36697430/,"Hormones, reproduction & gender differences",false
PubMed,36707154,https://pubmed.ncbi.nlm.nih.gov/36707154/,"Hormones, reproduction & gender differences",false
PubMed,36710256,https://pubmed.ncbi.nlm.nih.gov/36710256/,"Hormones, reproduction & gender differences",false
PubMed,36716812,https://pubmed.ncbi.nlm.nih.gov/36716812/,"Hormones, reproduction & gender differences",false
PubMed,36730710,https://pubmed.ncbi.nlm.nih.gov/36730710/,"Hormones, reproduction & gender differences",false
PubMed,36733281,https://pubmed.ncbi.nlm.nih.gov/36733281/,"Hormones, reproduction & gender differences",false
PubMed,36734672,https://pubmed.ncbi.nlm.nih.gov/36734672/,"Hormones, reproduction & gender differences",false
PubMed,36740025,https://pubmed.ncbi.nlm.nih.gov/36740025/,"Hormones, reproduction & gender differences",false
PubMed,36745405,https://pubmed.ncbi.nlm.nih.gov/36745405/,"Hormones, reproduction & gender differences",false
PubMed,36746342,https://pubmed.ncbi.nlm.nih.gov/36746342/,"Hormones, reproduction & gender differences",false
PubMed,36749133,https://pubmed.ncbi.nlm.nih.gov/36749133/,"Hormones, reproduction & gender differences",false
PubMed,36763944,https://pubmed.ncbi.nlm.nih.gov/36763944/,"Hormones, reproduction & gender differences",false
PubMed,36791556,https://pubmed.ncbi.nlm.nih.gov/36791556/,"Hormones, reproduction & gender differences",false
PubMed,36796802,https://pubmed.ncbi.nlm.nih.gov/36796802/,"Hormones, reproduction & gender differences",false
PubMed,36810339,https://pubmed.ncbi.nlm.nih.gov/36810339/,"Hormones, reproduction & gender differences",false
PubMed,36810431,https://pubmed.ncbi.nlm.nih.gov/36810431/,"Hormones, reproduction & gender differences",false
PubMed,36810840,https://pubmed.ncbi.nlm.nih.gov/36810840/,"Hormones, reproduction & gender differences",true
PubMed,36815400,https://pubmed.ncbi.nlm.nih.gov/36815400/,"Hormones, reproduction & gender differences",false
PubMed,36823609,https://pubmed.ncbi.nlm.nih.gov/36823609/,"Hormones, reproduction & gender differences",false
PubMed,36834053,https://pubmed.ncbi.nlm.nih.gov/36834053/,"Hormones, reproduction & gender differences",false
PubMed,36840014,https://pubmed.ncbi.nlm.nih.gov/36840014/,"Hormones, reproduction & gender differences",false
PubMed,36840387,https://pubmed.ncbi.nlm.nih.gov/36840387/,"Hormones, reproduction & gender differences",false
PubMed,36864832,https://pubmed.ncbi.nlm.nih.gov/36864832/,"Hormones, reproduction & gender differences",false
PubMed,36865761,https://pubmed.ncbi.nlm.nih.gov/36865761/,"Hormones, reproduction & gender differences",false
PubMed,36883767,https://pubmed.ncbi.nlm.nih.gov/36883767/,"Hormones, reproduction & gender differences",false
PubMed,36926037,https://pubmed.ncbi.nlm.nih.gov/36926037/,"Hormones, reproduction & gender differences",false
PubMed,36937971,https://pubmed.ncbi.nlm.nih.gov/36937971/,"Hormones, reproduction & gender differences",false
PubMed,36959135,https://pubmed.ncbi.nlm.nih.gov/36959135/,"Hormones, reproduction & gender differences",false
PubMed,36965349,https://pubmed.ncbi.nlm.nih.gov/36965349/,"Hormones, reproduction & gender differences",false
PubMed,36979699,https://pubmed.ncbi.nlm.nih.gov/36979699/,"Hormones, reproduction & gender differences",false
PubMed,36981794,https://pubmed.ncbi.nlm.nih.gov/36981794/,"Hormones, reproduction & gender differences",false
PubMed,36982295,https://pubmed.ncbi.nlm.nih.gov/36982295/,"Hormones, reproduction & gender differences",false
PubMed,36990913,https://pubmed.ncbi.nlm.nih.gov/36990913/,"Hormones, reproduction & gender differences",false
PubMed,36997400,https://pubmed.ncbi.nlm.nih.gov/36997400/,"Hormones, reproduction & gender differences",false
PubMed,37004978,https://pubmed.ncbi.nlm.nih.gov/37004978/,"Hormones, reproduction & gender differences",false
PubMed,37042163,https://pubmed.ncbi.nlm.nih.gov/37042163/,"Hormones, reproduction & gender differences",false
PubMed,37072177,https://pubmed.ncbi.nlm.nih.gov/37072177/,"Hormones, reproduction & gender differences",false
PubMed,37092955,https://pubmed.ncbi.nlm.nih.gov/37092955/,"Hormones, reproduction & gender differences",false
PubMed,37097527,https://pubmed.ncbi.nlm.nih.gov/37097527/,"Hormones, reproduction & gender differences",false
PubMed,37105390,https://pubmed.ncbi.nlm.nih.gov/37105390/,"Hormones, reproduction & gender differences",false
PubMed,37108704,https://pubmed.ncbi.nlm.nih.gov/37108704/,"Hormones, reproduction & gender differences",false
PubMed,37118951,https://pubmed.ncbi.nlm.nih.gov/37118951/,"Hormones, reproduction & gender differences",false
PubMed,37122621,https://pubmed.ncbi.nlm.nih.gov/37122621/,"Hormones, reproduction & gender differences",false
PubMed,37166490,https://pubmed.ncbi.nlm.nih.gov/37166490/,"Hormones, reproduction & gender differences",false
PubMed,37174181,https://pubmed.ncbi.nlm.nih.gov/37174181/,"Hormones, reproduction & gender differences",false
PubMed,37174727,https://pubmed.ncbi.nlm.nih.gov/37174727/,"Hormones, reproduction & gender differences",false
PubMed,37196406,https://pubmed.ncbi.nlm.nih.gov/37196406/,"Hormones, reproduction & gender differences",false
PubMed,37196880,https://pubmed.ncbi.nlm.nih.gov/37196880/,"Hormones, reproduction & gender differences",false
PubMed,37198936,https://pubmed.ncbi.nlm.nih.gov/37198936/,"Hormones, reproduction & gender differences",false
PubMed,37217080,https://pubmed.ncbi.nlm.nih.gov/37217080/,"Hormones, reproduction & gender differences",false
PubMed,37218917,https://pubmed.ncbi.nlm.nih.gov/37218917/,"Hormones, reproduction & gender differences",false
PubMed,37222891,https://pubmed.ncbi.nlm.nih.gov/37222891/,"Hormones, reproduction & gender differences",false
PubMed,37231817,https://pubmed.ncbi.nlm.nih.gov/37231817/,"Hormones, reproduction & gender differences",false
PubMed,37260795,https://pubmed.ncbi.nlm.nih.gov/37260795/,"Hormones, reproduction & gender differences",false
PubMed,37278090,https://pubmed.ncbi.nlm.nih.gov/37278090/,"Hormones, reproduction & gender differences",false
PubMed,37283466,https://pubmed.ncbi.nlm.nih.gov/37283466/,"Hormones, reproduction & gender differences",false
PubMed,37290575,https://pubmed.ncbi.nlm.nih.gov/37290575/,"Hormones, reproduction & gender differences",false
PubMed,37303758,https://pubmed.ncbi.nlm.nih.gov/37303758/,"Hormones, reproduction & gender differences",false
PubMed,37314807,https://pubmed.ncbi.nlm.nih.gov/37314807/,"Hormones, reproduction & gender differences",false
PubMed,37318343,https://pubmed.ncbi.nlm.nih.gov/37318343/,"Hormones, reproduction & gender differences",false
PubMed,37318470,https://pubmed.ncbi.nlm.nih.gov/37318470/,"Hormones, reproduction & gender differences",false
PubMed,37324524,https://pubmed.ncbi.nlm.nih.gov/37324524/,"Hormones, reproduction & gender differences",false
PubMed,37330589,https://pubmed.ncbi.nlm.nih.gov/37330589/,"Hormones, reproduction & gender differences",false
PubMed,37354692,https://pubmed.ncbi.nlm.nih.gov/37354692/,"Hormones, reproduction & gender differences",false
PubMed,37367494,https://pubmed.ncbi.nlm.nih.gov/37367494/,"Hormones, reproduction & gender differences",false
PubMed,37376115,https://pubmed.ncbi.nlm.nih.gov/37376115/,"Hormones, reproduction & gender differences",false
PubMed,37383100,https://pubmed.ncbi.nlm.nih.gov/37383100/,"Hormones, reproduction & gender differences",false
PubMed,37385302,https://pubmed.ncbi.nlm.nih.gov/37385302/,"Hormones, reproduction & gender differences",false
PubMed,37391024,https://pubmed.ncbi.nlm.nih.gov/37391024/,"Hormones, reproduction & gender differences",false
PubMed,37415206,https://pubmed.ncbi.nlm.nih.gov/37415206/,"Hormones, reproduction & gender differences",false
PubMed,37423518,https://pubmed.ncbi.nlm.nih.gov/37423518/,"Hormones, reproduction & gender differences",false
PubMed,37430350,https://pubmed.ncbi.nlm.nih.gov/37430350/,"Hormones, reproduction & gender differences",false
PubMed,37433966,https://pubmed.ncbi.nlm.nih.gov/37433966/,"Hormones, reproduction & gender differences",false
PubMed,37437668,https://pubmed.ncbi.nlm.nih.gov/37437668/,"Hormones, reproduction & gender differences",false
PubMed,37442248,https://pubmed.ncbi.nlm.nih.gov/37442248/,"Hormones, reproduction & gender differences",false
PubMed,37466775,https://pubmed.ncbi.nlm.nih.gov/37466775/,"Hormones, reproduction & gender differences",false
PubMed,37473409,https://pubmed.ncbi.nlm.nih.gov/37473409/,"Hormones, reproduction & gender differences",false
PubMed,37480292,https://pubmed.ncbi.nlm.nih.gov/37480292/,"Hormones, reproduction & gender differences",false
PubMed,37490827,https://pubmed.ncbi.nlm.nih.gov/37490827/,"Hormones, reproduction & gender differences",false
PubMed,37491043,https://pubmed.ncbi.nlm.nih.gov/37491043/,"Hormones, reproduction & gender differences",false
PubMed,37524258,https://pubmed.ncbi.nlm.nih.gov/37524258/,"Hormones, reproduction & gender differences",false
PubMed,37525013,https://pubmed.ncbi.nlm.nih.gov/37525013/,"Hormones, reproduction & gender differences",false
PubMed,37543311,https://pubmed.ncbi.nlm.nih.gov/37543311/,"Hormones, reproduction & gender differences",false
PubMed,37547668,https://pubmed.ncbi.nlm.nih.gov/37547668/,"Hormones, reproduction & gender differences",false
PubMed,37562055,https://pubmed.ncbi.nlm.nih.gov/37562055/,"Hormones, reproduction & gender differences",false
PubMed,37567336,https://pubmed.ncbi.nlm.nih.gov/37567336/,"Hormones, reproduction & gender differences",false
PubMed,37583903,https://pubmed.ncbi.nlm.nih.gov/37583903/,"Hormones, reproduction & gender differences",false
PubMed,37589991,https://pubmed.ncbi.nlm.nih.gov/37589991/,"Hormones, reproduction & gender differences",false
PubMed,37855429,https://pubmed.ncbi.nlm.nih.gov/37855429/,"Hormones, reproduction & gender differences",false
PubMed,38150302,https://pubmed.ncbi.nlm.nih.gov/38150302/,"Hormones, reproduction & gender differences",false
PubMed,598898,https://pubmed.ncbi.nlm.nih.gov/598898/,"Hormones, reproduction & gender differences",false
PubMed,6297308,https://pubmed.ncbi.nlm.nih.gov/6297308/,"Hormones, reproduction & gender differences",false
PubMed,6604464,https://pubmed.ncbi.nlm.nih.gov/6604464/,"Hormones, reproduction & gender differences",false
PubMed,7753807,https://pubmed.ncbi.nlm.nih.gov/7753807/,"Hormones, reproduction & gender differences",false
PubMed,8121737,https://pubmed.ncbi.nlm.nih.gov/8121737/,"Hormones, reproduction & gender differences",false
PubMed,8257923,https://pubmed.ncbi.nlm.nih.gov/8257923/,"Hormones, reproduction & gender differences",false
PubMed,8306433,https://pubmed.ncbi.nlm.nih.gov/8306433/,"Hormones, reproduction & gender differences",false
PubMed,8387642,https://pubmed.ncbi.nlm.nih.gov/8387642/,"Hormones, reproduction & gender differences",false
PubMed,8453049,https://pubmed.ncbi.nlm.nih.gov/8453049/,"Hormones, reproduction & gender differences",false
PubMed,8774060,https://pubmed.ncbi.nlm.nih.gov/8774060/,"Hormones, reproduction & gender differences",false
PubMed,8879486,https://pubmed.ncbi.nlm.nih.gov/8879486/,"Hormones, reproduction & gender differences",false
PubMed,9108127,https://pubmed.ncbi.nlm.nih.gov/9108127/,"Hormones, reproduction & gender differences",false
PubMed,913356,https://pubmed.ncbi.nlm.nih.gov/913356/,"Hormones, reproduction & gender differences",false
PubMed,9183820,https://pubmed.ncbi.nlm.nih.gov/9183820/,"Hormones, reproduction & gender differences",false
PubMed,9199480,https://pubmed.ncbi.nlm.nih.gov/9199480/,"Hormones, reproduction & gender differences",false
PubMed,9200364,https://pubmed.ncbi.nlm.nih.gov/9200364/,"Hormones, reproduction & gender differences",false
PubMed,9466436,https://pubmed.ncbi.nlm.nih.gov/9466436/,"Hormones, reproduction & gender differences",false
PubMed,9757010,https://pubmed.ncbi.nlm.nih.gov/9757010/,"Hormones, reproduction & gender differences",false
DOI,10.1002/app.41588,https://doi.org/10.1002/app.41588,Immune System & Autoimmune,false
DOI,10.1002/glia.23738,https://doi.org/10.1002/glia.23738,Immune System & Autoimmune,false
DOI,10.1002/jac5.1584,https://doi.org/10.1002/jac5.1584,Immune System & Autoimmune,false
DOI,10.1002/oby.22916,https://doi.org/10.1002/oby.22916,Immune System & Autoimmune,false
DOI,10.1002/ptr.6891,https://doi.org/10.1002/ptr.6891,Immune System & Autoimmune,false
DOI,10.1002/ptr.6978,https://doi.org/10.1002/ptr.6978,Immune System & Autoimmune,false
DOI,10.1002/ptr.7420,https://doi.org/10.1002/ptr.7420,Immune System & Autoimmune,false
DOI,10.1007/978-3-031-15052-4_21,https://doi.org/10.1007/978-3-031-15052-4_21,Immune System & Autoimmune,false
DOI,10.1007/s40267-022-00954-2,https://doi.org/10.1007/s40267-022-00954-2,Immune System & Autoimmune,false
DOI,10.1021/np8002673,https://doi.org/10.1021/np8002673,Immune System & Autoimmune,false
DOI,10.1055/s-0043-1764161,https://doi.org/10.1055/s-0043-1764161,Immune System & Autoimmune,false
DOI,10.1080/87559129.2019.1600539,https://doi.org/10.1080/87559129.2019.1600539,Immune System & Autoimmune,false
DOI,10.1089/can.2016.0002,https://doi.org/10.1089/can.2016.0002,Immune System & Autoimmune,false
DOI,10.1089/can.2018.0073,https://doi.org/10.1089/can.2018.0073,Immune System & Autoimmune,false
DOI,10.1089/can.2019.0060,https://doi.org/10.1089/can.2019.0060,Immune System & Autoimmune,false
DOI,10.1089/can.2020.0002,https://doi.org/10.1089/can.2020.0002,Immune System & Autoimmune,false
DOI,10.1089/can.2020.0035,https://doi.org/10.1089/can.2020.0035,Immune System & Autoimmune,false
DOI,10.1089/can.2020.0043,https://doi.org/10.1089/can.2020.0043,Immune System & Autoimmune,false
DOI,10.1089/can.2020.0109,https://doi.org/10.1089/can.2020.0109,Immune System & Autoimmune,false
DOI,10.1089/can.2020.0167,https://doi.org/10.1089/can.2020.0167,Immune System & Autoimmune,false
DOI,10.1089/can.2022.0034,https://doi.org/10.1089/can.2022.0034,Immune System & Autoimmune,false
DOI,10.1096/fasebj.2022.36.s1.0r810,https://doi.org/10.1096/fasebj.2022.36.s1.0r810,Immune System & Autoimmune,false
DOI,10.1111/bph.15157,https://doi.org/10.1111/bph.15157,Immune System & Autoimmune,false
DOI,10.1111/jcmm.15883,https://doi.org/10.1111/jcmm.15883,Immune System & Autoimmune,false
DOI,10.1164/ajrccm-conference.2022.205.1_meetingabstracts.a3174,https://doi.org/10.1164/ajrccm-conference.2022.205.1_meetingabstracts.a3174,Immune System & Autoimmune,false
DOI,10.1177/00405175221114929,https://doi.org/10.1177/00405175221114929,Immune System & Autoimmune,false
DOI,10.1300/j175v02n01_03,https://doi.org/10.1300/j175v02n01_03,Immune System & Autoimmune,false
DOI,10.1371/journal.pone.0033961,https://doi.org/10.1371/journal.pone.0033961,Immune System & Autoimmune,false
DOI,10.3389/fneur.2020.00087,https://doi.org/10.3389/fneur.2020.00087,Immune System & Autoimmune,false
PMC,PMC3679685,https://www.ncbi.nlm.nih.gov/pmc/articles/PMC3679685/,Immune System & Autoimmune,false
PMC,PMC3691072,https://www.ncbi.nlm.nih.gov/pmc/articles/PMC3691072/,Immune System & Autoimmune,false
PMC,PMC5023687,https://www.ncbi.nlm.nih.gov/pmc/articles/PMC5023687/,Immune System & Autoimmune,false
PMC,PMC6387311,https://www.ncbi.nlm.nih.gov/pmc/articles/PMC6387311/,Immune System & Autoimmune,false
PMC,PMC6631254,https://www.ncbi.nlm.nih.gov/pmc/articles/PMC6631254/,Immune System & Autoimmune,false
PMC,PMC6747004,https://www.ncbi.nlm.nih.gov/pmc/articles/PMC6747004/,Immune System & Autoimmune,false
PMC,PMC7236677,https://www.ncbi.nlm.nih.gov/pmc/articles/PMC7236677/,Immune System & Autoimmune,false
PMC,PMC7277103,https://www.ncbi.nlm.nih.gov/pmc/articles/PMC7277103/,Immune System & Autoimmune,false
PMC,PMC7590463,https://www.ncbi.nlm.nih.gov/pmc/articles/PMC7590463/,Immune System & Autoimmune,false
PMC,PMC7861619,https://www.ncbi.nlm.nih.gov/pmc/articles/PMC7861619/,Immune System & Autoimmune,false
PMC,PMC8475390,https://www.ncbi.nlm.nih.gov/pmc/articles/PMC8475390/,Immune System & Autoimmune,false
PMC,PMC86187,https://www.ncbi.nlm.nih.gov/pmc/articles/PMC86187/,Immune System & Autoimmune,false
PMC,PMC9349800,https://www.ncbi.nlm.nih.gov/pmc/articles/PMC9349800/,Immune System & Autoimmune,false
PubMed,10022233,https://pubmed.ncbi.nlm.nih.gov/10022233/,Immune System & Autoimmune,false
PubMed,10462064,https://pubmed.ncbi.nlm.nih.gov/10462064/,Immune System & Autoimmune,false
PubMed,1085130,https://pubmed.ncbi.nlm.nih.gov/1085130/,Immune System & Autoimmune,false
PubMed,10920191,https://pubmed.ncbi.nlm.nih.gov/10920191/,Immune System & Autoimmune,false
PubMed,11106790,https://pubmed.ncbi.nlm.nih.gov/11106790/,Immune System & Autoimmune,false
PubMed,11448490,https://pubmed.ncbi.nlm.nih.gov/11448490/,Immune System & Autoimmune,false
PubMed,11854771,https://pubmed.ncbi.nlm.nih.gov/11854771/,Immune System & Autoimmune,false
PubMed,11996531,https://pubmed.ncbi.nlm.nih.gov/11996531/,Immune System & Autoimmune,false
PubMed,12620517,https://pubmed.ncbi.nlm.nih.gov/12620517/,Immune System & Autoimmune,false
PubMed,12711605,https://pubmed.ncbi.nlm.nih.gov/12711605/,Immune System & Autoimmune,false
PubMed,12835895,https://pubmed.ncbi.nlm.nih.gov/12835895/,Immune System & Autoimmune,false
PubMed,12915426,https://pubmed.ncbi.nlm.nih.gov/12915426/,Immune System & Autoimmune,false
PubMed,12960289,https://pubmed.ncbi.nlm.nih.gov/12960289/,Immune System & Autoimmune,false
PubMed,12965981,https://pubmed.ncbi.nlm.nih.gov/12965981/,Immune System & Autoimmune,false
PubMed,1320592,https://pubmed.ncbi.nlm.nih.gov/1320592/,Immune System & Autoimmune,false
PubMed,14741442,https://pubmed.ncbi.nlm.nih.gov/14741442/,Immune System & Autoimmune,false
PubMed,14966196,https://pubmed.ncbi.nlm.nih.gov/14966196/,Immune System & Autoimmune,false
PubMed,15187170,https://pubmed.ncbi.nlm.nih.gov/15187170/,Immune System & Autoimmune,false
PubMed,15369590,https://pubmed.ncbi.nlm.nih.gov/15369590/,Immune System & Autoimmune,false
PubMed,15390110,https://pubmed.ncbi.nlm.nih.gov/15390110/,Immune System & Autoimmune,false
PubMed,15669919,https://pubmed.ncbi.nlm.nih.gov/15669919/,Immune System & Autoimmune,false
PubMed,15892090,https://pubmed.ncbi.nlm.nih.gov/15892090/,Immune System & Autoimmune,false
PubMed,16023222,https://pubmed.ncbi.nlm.nih.gov/16023222/,Immune System & Autoimmune,false
PubMed,16039398,https://pubmed.ncbi.nlm.nih.gov/16039398/,Immune System & Autoimmune,false
PubMed,16111718,https://pubmed.ncbi.nlm.nih.gov/16111718/,Immune System & Autoimmune,false
PubMed,16504929,https://pubmed.ncbi.nlm.nih.gov/16504929/,Immune System & Autoimmune,false
PubMed,16672367,https://pubmed.ncbi.nlm.nih.gov/16672367/,Immune System & Autoimmune,false
PubMed,16705373,https://pubmed.ncbi.nlm.nih.gov/16705373/,Immune System & Autoimmune,false
PubMed,16918439,https://pubmed.ncbi.nlm.nih.gov/16918439/,Immune System & Autoimmune,false
PubMed,16924491,https://pubmed.ncbi.nlm.nih.gov/16924491/,Immune System & Autoimmune,false
PubMed,16957511,https://pubmed.ncbi.nlm.nih.gov/16957511/,Immune System & Autoimmune,false
PubMed,17004927,https://pubmed.ncbi.nlm.nih.gov/17004927/,Immune System & Autoimmune,false
PubMed,17166495,https://pubmed.ncbi.nlm.nih.gov/17166495/,Immune System & Autoimmune,false
PubMed,17296917,https://pubmed.ncbi.nlm.nih.gov/17296917/,Immune System & Autoimmune,false
PubMed,17339608,https://pubmed.ncbi.nlm.nih.gov/17339608/,Immune System & Autoimmune,false
PubMed,17396241,https://pubmed.ncbi.nlm.nih.gov/17396241/,Immune System & Autoimmune,false
PubMed,17466911,https://pubmed.ncbi.nlm.nih.gov/17466911/,Immune System & Autoimmune,false
PubMed,17556587,https://pubmed.ncbi.nlm.nih.gov/17556587/,Immune System & Autoimmune,false
PubMed,17592514,https://pubmed.ncbi.nlm.nih.gov/17592514/,Immune System & Autoimmune,false
PubMed,17726158,https://pubmed.ncbi.nlm.nih.gov/17726158/,Immune System & Autoimmune,false
PubMed,17974490,https://pubmed.ncbi.nlm.nih.gov/17974490/,Immune System & Autoimmune,false
PubMed,17982478,https://pubmed.ncbi.nlm.nih.gov/17982478/,Immune System & Autoimmune,false
PubMed,18037916,https://pubmed.ncbi.nlm.nih.gov/18037916/,Immune System & Autoimmune,false
PubMed,18266975,https://pubmed.ncbi.nlm.nih.gov/18266975/,Immune System & Autoimmune,false
PubMed,18287809,https://pubmed.ncbi.nlm.nih.gov/18287809/,Immune System & Autoimmune,false
PubMed,18395993,https://pubmed.ncbi.nlm.nih.gov/18395993/,Immune System & Autoimmune,false
PubMed,18404144,https://pubmed.ncbi.nlm.nih.gov/18404144/,Immune System & Autoimmune,false
PubMed,18426495,https://pubmed.ncbi.nlm.nih.gov/18426495/,Immune System & Autoimmune,false
PubMed,18656454,https://pubmed.ncbi.nlm.nih.gov/18656454/,Immune System & Autoimmune,false
PubMed,18681481,https://pubmed.ncbi.nlm.nih.gov/18681481/,Immune System & Autoimmune,false
PubMed,18688212,https://pubmed.ncbi.nlm.nih.gov/18688212/,Immune System & Autoimmune,false
PubMed,18792785,https://pubmed.ncbi.nlm.nih.gov/18792785/,Immune System & Autoimmune,false
PubMed,19152719,https://pubmed.ncbi.nlm.nih.gov/19152719/,Immune System & Autoimmune,false
PubMed,19457575,https://pubmed.ncbi.nlm.nih.gov/19457575/,Immune System & Autoimmune,false
PubMed,19596672,https://pubmed.ncbi.nlm.nih.gov/19596672/,Immune System & Autoimmune,false
PubMed,19647124,https://pubmed.ncbi.nlm.nih.gov/19647124/,Immune System & Autoimmune,false
PubMed,19757078,https://pubmed.ncbi.nlm.nih.gov/19757078/,Immune System & Autoimmune,false
PubMed,19800360,https://pubmed.ncbi.nlm.nih.gov/19800360/,Immune System & Autoimmune,false
PubMed,20007734,https://pubmed.ncbi.nlm.nih.gov/20007734/,Immune System & Autoimmune,false
PubMed,20153077,https://pubmed.ncbi.nlm.nih.gov/20153077/,Immune System & Autoimmune,false
PubMed,20219697,https://pubmed.ncbi.nlm.nih.gov/20219697/,Immune System & Autoimmune,false
PubMed,21042286,https://pubmed.ncbi.nlm.nih.gov/21042286/,Immune System & Autoimmune,false
PubMed,21483776,https://pubmed.ncbi.nlm.nih.gov/21483776/,Immune System & Autoimmune,false
PubMed,21533029,https://pubmed.ncbi.nlm.nih.gov/21533029/,Immune System & Autoimmune,false
PubMed,21626285,https://pubmed.ncbi.nlm.nih.gov/21626285/,Immune System & Autoimmune,false
PubMed,21673072,https://pubmed.ncbi.nlm.nih.gov/21673072/,Immune System & Autoimmune,false
PubMed,22209002,https://pubmed.ncbi.nlm.nih.gov/22209002/,Immune System & Autoimmune,false
PubMed,22265864,https://pubmed.ncbi.nlm.nih.gov/22265864/,Immune System & Autoimmune,false
PubMed,22367605,https://pubmed.ncbi.nlm.nih.gov/22367605/,Immune System & Autoimmune,false
PubMed,22465144,https://pubmed.ncbi.nlm.nih.gov/22465144/,Immune System & Autoimmune,false
PubMed,22517772,https://pubmed.ncbi.nlm.nih.gov/22517772/,Immune System & Autoimmune,false
PubMed,22730275,https://pubmed.ncbi.nlm.nih.gov/22730275/,Immune System & Autoimmune,false
PubMed,23085269,https://pubmed.ncbi.nlm.nih.gov/23085269/,Immune System & Autoimmune,false
PubMed,23173851,https://pubmed.ncbi.nlm.nih.gov/23173851/,Immune System & Autoimmune,false
PubMed,23261520,https://pubmed.ncbi.nlm.nih.gov/23261520/,Immune System & Autoimmune,false
PubMed,23299999,https://pubmed.ncbi.nlm.nih.gov/23299999/,Immune System & Autoimmune,false
PubMed,23471521,https://pubmed.ncbi.nlm.nih.gov/23471521/,Immune System & Autoimmune,false
PubMed,23620805,https://pubmed.ncbi.nlm.nih.gov/23620805/,Immune System & Autoimmune,false
PubMed,23811492,https://pubmed.ncbi.nlm.nih.gov/23811492/,Immune System & Autoimmune,false
PubMed,23824763,https://pubmed.ncbi.nlm.nih.gov/23824763/,Immune System & Autoimmune,false
PubMed,23892791,https://pubmed.ncbi.nlm.nih.gov/23892791/,Immune System & Autoimmune,false
PubMed,239651,https://pubmed.ncbi.nlm.nih.gov/239651/,Immune System & Autoimmune,false
PubMed,24204926,https://pubmed.ncbi.nlm.nih.gov/24204926/,Immune System & Autoimmune,false
PubMed,24319288,https://pubmed.ncbi.nlm.nih.gov/24319288/,Immune System & Autoimmune,false
PubMed,24400995,https://pubmed.ncbi.nlm.nih.gov/24400995/,Immune System & Autoimmune,false
PubMed,24644287,https://pubmed.ncbi.nlm.nih.gov/24644287/,Immune System & Autoimmune,false
PubMed,24699635,https://pubmed.ncbi.nlm.nih.gov/24699635/,Immune System & Autoimmune,false
PubMed,24704332,https://pubmed.ncbi.nlm.nih.gov/24704332/,Immune System & Autoimmune,false
PubMed,24742657,https://pubmed.ncbi.nlm.nih.gov/24742657/,Immune System & Autoimmune,false
PubMed,24841204,https://pubmed.ncbi.nlm.nih.gov/24841204/,Immune System & Autoimmune,false
PubMed,24911431,https://pubmed.ncbi.nlm.nih.gov/24911431/,Immune System & Autoimmune,false
PubMed,24963491,https://pubmed.ncbi.nlm.nih.gov/24963491/,Immune System & Autoimmune,false
PubMed,25015040,https://pubmed.ncbi.nlm.nih.gov/25015040/,Immune System & Autoimmune,false
PubMed,25053565,https://pubmed.ncbi.nlm.nih.gov/25053565/,Immune System & Autoimmune,false
PubMed,25113915,https://pubmed.ncbi.nlm.nih.gov/25113915/,Immune System & Autoimmune,false
PubMed,25378491,https://pubmed.ncbi.nlm.nih.gov/25378491/,Immune System & Autoimmune,false
PubMed,25389027,https://pubmed.ncbi.nlm.nih.gov/25389027/,Immune System & Autoimmune,false
PubMed,25425209,https://pubmed.ncbi.nlm.nih.gov/25425209/,Immune System & Autoimmune,false
PubMed,25486617,https://pubmed.ncbi.nlm.nih.gov/25486617/,Immune System & Autoimmune,false
PubMed,25517414,https://pubmed.ncbi.nlm.nih.gov/25517414/,Immune System & Autoimmune,false
PubMed,25585882,https://pubmed.ncbi.nlm.nih.gov/25585882/,Immune System & Autoimmune,false
PubMed,25595981,https://pubmed.ncbi.nlm.nih.gov/25595981/,Immune System & Autoimmune,false
PubMed,25614186,https://pubmed.ncbi.nlm.nih.gov/25614186/,Immune System & Autoimmune,false
PubMed,25721168,https://pubmed.ncbi.nlm.nih.gov/25721168/,Immune System & Autoimmune,false
PubMed,2578567,https://pubmed.ncbi.nlm.nih.gov/2578567/,Immune System & Autoimmune,false
PubMed,25826533,https://pubmed.ncbi.nlm.nih.gov/25826533/,Immune System & Autoimmune,false
PubMed,25876735,https://pubmed.ncbi.nlm.nih.gov/25876735/,Immune System & Autoimmune,false
PubMed,25900076,https://pubmed.ncbi.nlm.nih.gov/25900076/,Immune System & Autoimmune,false
PubMed,25917103,https://pubmed.ncbi.nlm.nih.gov/25917103/,Immune System & Autoimmune,false
PubMed,26033282,https://pubmed.ncbi.nlm.nih.gov/26033282/,Immune System & Autoimmune,false
PubMed,26034207,https://pubmed.ncbi.nlm.nih.gov/26034207/,Immune System & Autoimmune,false
PubMed,26054900,https://pubmed.ncbi.nlm.nih.gov/26054900/,Immune System & Autoimmune,false
PubMed,26059175,https://pubmed.ncbi.nlm.nih.gov/26059175/,Immune System & Autoimmune,false
PubMed,26408161,https://pubmed.ncbi.nlm.nih.gov/26408161/,Immune System & Autoimmune,false
PubMed,26463937,https://pubmed.ncbi.nlm.nih.gov/26463937/,Immune System & Autoimmune,false
PubMed,26467187,https://pubmed.ncbi.nlm.nih.gov/26467187/,Immune System & Autoimmune,false
PubMed,26607731,https://pubmed.ncbi.nlm.nih.gov/26607731/,Immune System & Autoimmune,false
PubMed,26758668,https://pubmed.ncbi.nlm.nih.gov/26758668/,Immune System & Autoimmune,false
PubMed,26767993,https://pubmed.ncbi.nlm.nih.gov/26767993/,Immune System & Autoimmune,false
PubMed,27064137,https://pubmed.ncbi.nlm.nih.gov/27064137/,Immune System & Autoimmune,false
PubMed,27268054,https://pubmed.ncbi.nlm.nih.gov/27268054/,Immune System & Autoimmune,false
PubMed,27428009,https://pubmed.ncbi.nlm.nih.gov/27428009/,Immune System & Autoimmune,false
PubMed,27597829,https://pubmed.ncbi.nlm.nih.gov/27597829/,Immune System & Autoimmune,false
PubMed,27686726,https://pubmed.ncbi.nlm.nih.gov/27686726/,Immune System & Autoimmune,false
PubMed,27694494,https://pubmed.ncbi.nlm.nih.gov/27694494/,Immune System & Autoimmune,false
PubMed,27865421,https://pubmed.ncbi.nlm.nih.gov/27865421/,Immune System & Autoimmune,false
PubMed,28250664,https://pubmed.ncbi.nlm.nih.gov/28250664/,Immune System & Autoimmune,false
PubMed,28364261,https://pubmed.ncbi.nlm.nih.gov/28364261/,Immune System & Autoimmune,false
PubMed,2838862,https://pubmed.ncbi.nlm.nih.gov/2838862/,Immune System & Autoimmune,false
PubMed,28861491,https://pubmed.ncbi.nlm.nih.gov/28861491/,Immune System & Autoimmune,false
PubMed,28886714,https://pubmed.ncbi.nlm.nih.gov/28886714/,Immune System & Autoimmune,false
PubMed,29109461,https://pubmed.ncbi.nlm.nih.gov/29109461/,Immune System & Autoimmune,false
PubMed,29151103,https://pubmed.ncbi.nlm.nih.gov/29151103/,Immune System & Autoimmune,false
PubMed,29176975,https://pubmed.ncbi.nlm.nih.gov/29176975/,Immune System & Autoimmune,false
PubMed,29461346,https://pubmed.ncbi.nlm.nih.gov/29461346/,Immune System & Autoimmune,false
PubMed,29655919,https://pubmed.ncbi.nlm.nih.gov/29655919/,Immune System & Autoimmune,false
PubMed,29694791,https://pubmed.ncbi.nlm.nih.gov/29694791/,Immune System & Autoimmune,false
PubMed,29784129,https://pubmed.ncbi.nlm.nih.gov/29784129/,Immune System & Autoimmune,false
PubMed,29885369,https://pubmed.ncbi.nlm.nih.gov/29885369/,Immune System & Autoimmune,false
PubMed,2997805,https://pubmed.ncbi.nlm.nih.gov/2997805/,Immune System & Autoimmune,false
PubMed,30140459,https://pubmed.ncbi.nlm.nih.gov/30140459/,Immune System & Autoimmune,false
PubMed,30416422,https://pubmed.ncbi.nlm.nih.gov/30416422/,Immune System & Autoimmune,false
PubMed,30550002,https://pubmed.ncbi.nlm.nih.gov/30550002/,Immune System & Autoimmune,false
PubMed,30585986,https://pubmed.ncbi.nlm.nih.gov/30585986/,Immune System & Autoimmune,false
PubMed,30720730,https://pubmed.ncbi.nlm.nih.gov/30720730/,Immune System & Autoimmune,false
PubMed,30728209,https://pubmed.ncbi.nlm.nih.gov/30728209/,Immune System & Autoimmune,false
PubMed,30799631,https://pubmed.ncbi.nlm.nih.gov/30799631/,Immune System & Autoimmune,false
PubMed,31013912,https://pubmed.ncbi.nlm.nih.gov/31013912/,Immune System & Autoimmune,false
PubMed,31195754,https://pubmed.ncbi.nlm.nih.gov/31195754/,Immune System & Autoimmune,false
PubMed,313368,https://pubmed.ncbi.nlm.nih.gov/313368/,Immune System & Autoimmune,false
PubMed,31356922,https://pubmed.ncbi.nlm.nih.gov/31356922/,Immune System & Autoimmune,false
PubMed,31363952,https://pubmed.ncbi.nlm.nih.gov/31363952/,Immune System & Autoimmune,false
PubMed,31478302,https://pubmed.ncbi.nlm.nih.gov/31478302/,Immune System & Autoimmune,false
PubMed,31498490,https://pubmed.ncbi.nlm.nih.gov/31498490/,Immune System & Autoimmune,false
PubMed,31501406,https://pubmed.ncbi.nlm.nih.gov/31501406/,Immune System & Autoimmune,false
PubMed,31539547,https://pubmed.ncbi.nlm.nih.gov/31539547/,Immune System & Autoimmune,false
PubMed,31647138,https://pubmed.ncbi.nlm.nih.gov/31647138/,Immune System & Autoimmune,false
PubMed,31738771,https://pubmed.ncbi.nlm.nih.gov/31738771/,Immune System & Autoimmune,false
PubMed,31771129,https://pubmed.ncbi.nlm.nih.gov/31771129/,Immune System & Autoimmune,false
PubMed,31964686,https://pubmed.ncbi.nlm.nih.gov/31964686/,Immune System & Autoimmune,false
PubMed,32012340,https://pubmed.ncbi.nlm.nih.gov/32012340/,Immune System & Autoimmune,false
PubMed,32012914,https://pubmed.ncbi.nlm.nih.gov/32012914/,Immune System & Autoimmune,false
PubMed,32139776,https://pubmed.ncbi.nlm.nih.gov/32139776/,Immune System & Autoimmune,false
PubMed,32168104,https://pubmed.ncbi.nlm.nih.gov/32168104/,Immune System & Autoimmune,false
PubMed,32294120,https://pubmed.ncbi.nlm.nih.gov/32294120/,Immune System & Autoimmune,false
PubMed,32296832,https://pubmed.ncbi.nlm.nih.gov/32296832/,Immune System & Autoimmune,false
PubMed,32315753,https://pubmed.ncbi.nlm.nih.gov/32315753/,Immune System & Autoimmune,false
PubMed,32346098,https://pubmed.ncbi.nlm.nih.gov/32346098/,Immune System & Autoimmune,false
PubMed,32360437,https://pubmed.ncbi.nlm.nih.gov/32360437/,Immune System & Autoimmune,false
PubMed,32374168,https://pubmed.ncbi.nlm.nih.gov/32374168/,Immune System & Autoimmune,false
PubMed,32385136,https://pubmed.ncbi.nlm.nih.gov/32385136/,Immune System & Autoimmune,false
PubMed,32431124,https://pubmed.ncbi.nlm.nih.gov/32431124/,Immune System & Autoimmune,false
PubMed,32471847,https://pubmed.ncbi.nlm.nih.gov/32471847/,Immune System & Autoimmune,false
PubMed,32573828,https://pubmed.ncbi.nlm.nih.gov/32573828/,Immune System & Autoimmune,false
PubMed,32585801,https://pubmed.ncbi.nlm.nih.gov/32585801/,Immune System & Autoimmune,false
PubMed,32612530,https://pubmed.ncbi.nlm.nih.gov/32612530/,Immune System & Autoimmune,false
PubMed,32687963,https://pubmed.ncbi.nlm.nih.gov/32687963/,Immune System & Autoimmune,false
PubMed,32748649,https://pubmed.ncbi.nlm.nih.gov/32748649/,Immune System & Autoimmune,false
PubMed,32792528,https://pubmed.ncbi.nlm.nih.gov/32792528/,Immune System & Autoimmune,false
PubMed,32824356,https://pubmed.ncbi.nlm.nih.gov/32824356/,Immune System & Autoimmune,false
PubMed,32835160,https://pubmed.ncbi.nlm.nih.gov/32835160/,Immune System & Autoimmune,false
PubMed,32865042,https://pubmed.ncbi.nlm.nih.gov/32865042/,Immune System & Autoimmune,false
PubMed,32872332,https://pubmed.ncbi.nlm.nih.gov/32872332/,Immune System & Autoimmune,false
PubMed,32903924,https://pubmed.ncbi.nlm.nih.gov/32903924/,Immune System & Autoimmune,false
PubMed,32905460,https://pubmed.ncbi.nlm.nih.gov/32905460/,Immune System & Autoimmune,false
PubMed,32951441,https://pubmed.ncbi.nlm.nih.gov/32951441/,Immune System & Autoimmune,false
PubMed,32968547,https://pubmed.ncbi.nlm.nih.gov/32968547/,Immune System & Autoimmune,false
PubMed,33004171,https://pubmed.ncbi.nlm.nih.gov/33004171/,Immune System & Autoimmune,false
PubMed,33027805,https://pubmed.ncbi.nlm.nih.gov/33027805/,Immune System & Autoimmune,false
PubMed,33034400,https://pubmed.ncbi.nlm.nih.gov/33034400/,Immune System & Autoimmune,false
PubMed,33036231,https://pubmed.ncbi.nlm.nih.gov/33036231/,Immune System & Autoimmune,false
PubMed,33093361,https://pubmed.ncbi.nlm.nih.gov/33093361/,Immune System & Autoimmune,false
PubMed,33093370,https://pubmed.ncbi.nlm.nih.gov/33093370/,Immune System & Autoimmune,false
PubMed,33118602,https://pubmed.ncbi.nlm.nih.gov/33118602/,Immune System & Autoimmune,false
PubMed,33190277,https://pubmed.ncbi.nlm.nih.gov/33190277/,Immune System & Autoimmune,false
PubMed,33337931,https://pubmed.ncbi.nlm.nih.gov/33337931/,Immune System & Autoimmune,false
PubMed,33388214,https://pubmed.ncbi.nlm.nih.gov/33388214/,Immune System & Autoimmune,false
PubMed,33400996,https://pubmed.ncbi.nlm.nih.gov/33400996/,Immune System & Autoimmune,false
PubMed,33482616,https://pubmed.ncbi.nlm.nih.gov/33482616/,Immune System & Autoimmune,false
PubMed,33526114,https://pubmed.ncbi.nlm.nih.gov/33526114/,Immune System & Autoimmune,false
PubMed,33570460,https://pubmed.ncbi.nlm.nih.gov/33570460/,Immune System & Autoimmune,false
PubMed,33587986,https://pubmed.ncbi.nlm.nih.gov/33587986/,Immune System & Autoimmune,false
PubMed,33597032,https://pubmed.ncbi.nlm.nih.gov/33597032/,Immune System & Autoimmune,false
PubMed,33625115,https://pubmed.ncbi.nlm.nih.gov/33625115/,Immune System & Autoimmune,false
PubMed,33636368,https://pubmed.ncbi.nlm.nih.gov/33636368/,Immune System & Autoimmune,false
PubMed,33649972,https://pubmed.ncbi.nlm.nih.gov/33649972/,Immune System & Autoimmune,false
PubMed,33658314,https://pubmed.ncbi.nlm.nih.gov/33658314/,Immune System & Autoimmune,false
PubMed,33673103,https://pubmed.ncbi.nlm.nih.gov/33673103/,Immune System & Autoimmune,false
PubMed,33683968,https://pubmed.ncbi.nlm.nih.gov/33683968/,Immune System & Autoimmune,false
PubMed,33736974,https://pubmed.ncbi.nlm.nih.gov/33736974/,Immune System & Autoimmune,false
PubMed,33758843,https://pubmed.ncbi.nlm.nih.gov/33758843/,Immune System & Autoimmune,false
PubMed,33888802,https://pubmed.ncbi.nlm.nih.gov/33888802/,Immune System & Autoimmune,false
PubMed,33892823,https://pubmed.ncbi.nlm.nih.gov/33892823/,Immune System & Autoimmune,false
PubMed,33992787,https://pubmed.ncbi.nlm.nih.gov/33992787/,Immune System & Autoimmune,false
PubMed,34030476,https://pubmed.ncbi.nlm.nih.gov/34030476/,Immune System & Autoimmune,false
PubMed,34042520,https://pubmed.ncbi.nlm.nih.gov/34042520/,Immune System & Autoimmune,false
PubMed,34050525,https://pubmed.ncbi.nlm.nih.gov/34050525/,Immune System & Autoimmune,false
PubMed,34053085,https://pubmed.ncbi.nlm.nih.gov/34053085/,Immune System & Autoimmune,false
PubMed,34054510,https://pubmed.ncbi.nlm.nih.gov/34054510/,Immune System & Autoimmune,false
PubMed,34107381,https://pubmed.ncbi.nlm.nih.gov/34107381/,Immune System & Autoimmune,false
PubMed,34180721,https://pubmed.ncbi.nlm.nih.gov/34180721/,Immune System & Autoimmune,false
PubMed,34206839,https://pubmed.ncbi.nlm.nih.gov/34206839/,Immune System & Autoimmune,false
PubMed,34207524,https://pubmed.ncbi.nlm.nih.gov/34207524/,Immune System & Autoimmune,false
PubMed,34267099,https://pubmed.ncbi.nlm.nih.gov/34267099/,Immune System & Autoimmune,false
PubMed,34277815,https://pubmed.ncbi.nlm.nih.gov/34277815/,Immune System & Autoimmune,false
PubMed,34298921,https://pubmed.ncbi.nlm.nih.gov/34298921/,Immune System & Autoimmune,false
PubMed,34322454,https://pubmed.ncbi.nlm.nih.gov/34322454/,Immune System & Autoimmune,false
PubMed,34324720,https://pubmed.ncbi.nlm.nih.gov/34324720/,Immune System & Autoimmune,false
PubMed,34335317,https://pubmed.ncbi.nlm.nih.gov/34335317/,Immune System & Autoimmune,false
PubMed,34405764,https://pubmed.ncbi.nlm.nih.gov/34405764/,Immune System & Autoimmune,false
PubMed,34427866,https://pubmed.ncbi.nlm.nih.gov/34427866/,Immune System & Autoimmune,false
PubMed,34468900,https://pubmed.ncbi.nlm.nih.gov/34468900/,Immune System & Autoimmune,false
PubMed,34514519,https://pubmed.ncbi.nlm.nih.gov/34514519/,Immune System & Autoimmune,false
PubMed,34539415,https://pubmed.ncbi.nlm.nih.gov/34539415/,Immune System & Autoimmune,false
PubMed,34598736,https://pubmed.ncbi.nlm.nih.gov/34598736/,Immune System & Autoimmune,false
PubMed,34619044,https://pubmed.ncbi.nlm.nih.gov/34619044/,Immune System & Autoimmune,false
PubMed,34638139,https://pubmed.ncbi.nlm.nih.gov/34638139/,Immune System & Autoimmune,false
PubMed,34638886,https://pubmed.ncbi.nlm.nih.gov/34638886/,Immune System & Autoimmune,false
PubMed,34643000,https://pubmed.ncbi.nlm.nih.gov/34643000/,Immune System & Autoimmune,false
PubMed,34748370,https://pubmed.ncbi.nlm.nih.gov/34748370/,Immune System & Autoimmune,false
PubMed,34856202,https://pubmed.ncbi.nlm.nih.gov/34856202/,Immune System & Autoimmune,false
PubMed,34876238,https://pubmed.ncbi.nlm.nih.gov/34876238/,Immune System & Autoimmune,false
PubMed,34885798,https://pubmed.ncbi.nlm.nih.gov/34885798/,Immune System & Autoimmune,false
PubMed,34893392,https://pubmed.ncbi.nlm.nih.gov/34893392/,Immune System & Autoimmune,false
PubMed,34918945,https://pubmed.ncbi.nlm.nih.gov/34918945/,Immune System & Autoimmune,false
PubMed,34995385,https://pubmed.ncbi.nlm.nih.gov/34995385/,Immune System & Autoimmune,false
PubMed,34996989,https://pubmed.ncbi.nlm.nih.gov/34996989/,Immune System & Autoimmune,false
PubMed,35007072,https://pubmed.ncbi.nlm.nih.gov/35007072/,Immune System & Autoimmune,false
PubMed,35011295,https://pubmed.ncbi.nlm.nih.gov/35011295/,Immune System & Autoimmune,false
PubMed,35091344,https://pubmed.ncbi.nlm.nih.gov/35091344/,Immune System & Autoimmune,false
PubMed,35157986,https://pubmed.ncbi.nlm.nih.gov/35157986/,Immune System & Autoimmune,false
PubMed,35183882,https://pubmed.ncbi.nlm.nih.gov/35183882/,Immune System & Autoimmune,false
PubMed,35203372,https://pubmed.ncbi.nlm.nih.gov/35203372/,Immune System & Autoimmune,false
PubMed,35215365,https://pubmed.ncbi.nlm.nih.gov/35215365/,Immune System & Autoimmune,false
PubMed,35242142,https://pubmed.ncbi.nlm.nih.gov/35242142/,Immune System & Autoimmune,false
PubMed,35262598,https://pubmed.ncbi.nlm.nih.gov/35262598/,Immune System & Autoimmune,false
PubMed,35277472,https://pubmed.ncbi.nlm.nih.gov/35277472/,Immune System & Autoimmune,false
PubMed,35364254,https://pubmed.ncbi.nlm.nih.gov/35364254/,Immune System & Autoimmune,false
PubMed,35382723,https://pubmed.ncbi.nlm.nih.gov/35382723/,Immune System & Autoimmune,false
PubMed,35399958,https://pubmed.ncbi.nlm.nih.gov/35399958/,Immune System & Autoimmune,false
PubMed,35411398,https://pubmed.ncbi.nlm.nih.gov/35411398/,Immune System & Autoimmune,false
PubMed,35433589,https://pubmed.ncbi.nlm.nih.gov/35433589/,Immune System & Autoimmune,false
PubMed,35440801,https://pubmed.ncbi.nlm.nih.gov/35440801/,Immune System & Autoimmune,false
PubMed,35472594,https://pubmed.ncbi.nlm.nih.gov/35472594/,Immune System & Autoimmune,false
PubMed,35485445,https://pubmed.ncbi.nlm.nih.gov/35485445/,Immune System & Autoimmune,false
PubMed,35512732,https://pubmed.ncbi.nlm.nih.gov/35512732/,Immune System & Autoimmune,false
PubMed,35534212,https://pubmed.ncbi.nlm.nih.gov/35534212/,Immune System & Autoimmune,false
PubMed,35566019,https://pubmed.ncbi.nlm.nih.gov/35566019/,Immune System & Autoimmune,false
PubMed,35568225,https://pubmed.ncbi.nlm.nih.gov/35568225/,Immune System & Autoimmune,false
PubMed,35609718,https://pubmed.ncbi.nlm.nih.gov/35609718/,Immune System & Autoimmune,false
PubMed,35632821,https://pubmed.ncbi.nlm.nih.gov/35632821/,Immune System & Autoimmune,false
PubMed,35642061,https://pubmed.ncbi.nlm.nih.gov/35642061/,Immune System & Autoimmune,false
PubMed,35648433,https://pubmed.ncbi.nlm.nih.gov/35648433/,Immune System & Autoimmune,false
PubMed,35649233,https://pubmed.ncbi.nlm.nih.gov/35649233/,Immune System & Autoimmune,false
PubMed,35651623,https://pubmed.ncbi.nlm.nih.gov/35651623/,Immune System & Autoimmune,false
PubMed,35661329,https://pubmed.ncbi.nlm.nih.gov/35661329/,Immune System & Autoimmune,false
PubMed,35683028,https://pubmed.ncbi.nlm.nih.gov/35683028/,Immune System & Autoimmune,false
PubMed,35734843,https://pubmed.ncbi.nlm.nih.gov/35734843/,Immune System & Autoimmune,false
PubMed,35810663,https://pubmed.ncbi.nlm.nih.gov/35810663/,Immune System & Autoimmune,false
PubMed,35843343,https://pubmed.ncbi.nlm.nih.gov/35843343/,Immune System & Autoimmune,false
PubMed,35853383,https://pubmed.ncbi.nlm.nih.gov/35853383/,Immune System & Autoimmune,false
PubMed,35881839,https://pubmed.ncbi.nlm.nih.gov/35881839/,Immune System & Autoimmune,false
PubMed,35884978,https://pubmed.ncbi.nlm.nih.gov/35884978/,Immune System & Autoimmune,false
PubMed,35887146,https://pubmed.ncbi.nlm.nih.gov/35887146/,Immune System & Autoimmune,false
PubMed,35893119,https://pubmed.ncbi.nlm.nih.gov/35893119/,Immune System & Autoimmune,false
PubMed,35897117,https://pubmed.ncbi.nlm.nih.gov/35897117/,Immune System & Autoimmune,false
PubMed,35910331,https://pubmed.ncbi.nlm.nih.gov/35910331/,Immune System & Autoimmune,false
PubMed,35912836,https://pubmed.ncbi.nlm.nih.gov/35912836/,Immune System & Autoimmune,false
PubMed,35920857,https://pubmed.ncbi.nlm.nih.gov/35920857/,Immune System & Autoimmune,false
PubMed,35930236,https://pubmed.ncbi.nlm.nih.gov/35930236/,Immune System & Autoimmune,false
PubMed,35942197,https://pubmed.ncbi.nlm.nih.gov/35942197/,Immune System & Autoimmune,false
PubMed,35954130,https://pubmed.ncbi.nlm.nih.gov/35954130/,Immune System & Autoimmune,false
PubMed,35988425,https://pubmed.ncbi.nlm.nih.gov/35988425/,Immune System & Autoimmune,false
PubMed,35990782,https://pubmed.ncbi.nlm.nih.gov/35990782/,Immune System & Autoimmune,false
PubMed,35994572,https://pubmed.ncbi.nlm.nih.gov/35994572/,Immune System & Autoimmune,false
PubMed,35999445,https://pubmed.ncbi.nlm.nih.gov/35999445/,Immune System & Autoimmune,false
PubMed,36009504,https://pubmed.ncbi.nlm.nih.gov/36009504/,Immune System & Autoimmune,false
PubMed,36041548,https://pubmed.ncbi.nlm.nih.gov/36041548/,Immune System & Autoimmune,false
PubMed,36043749,https://pubmed.ncbi.nlm.nih.gov/36043749/,Immune System & Autoimmune,false
PubMed,36084236,https://pubmed.ncbi.nlm.nih.gov/36084236/,Immune System & Autoimmune,false
PubMed,36096938,https://pubmed.ncbi.nlm.nih.gov/36096938/,Immune System & Autoimmune,false
PubMed,36143430,https://pubmed.ncbi.nlm.nih.gov/36143430/,Immune System & Autoimmune,false
PubMed,36144858,https://pubmed.ncbi.nlm.nih.gov/36144858/,Immune System & Autoimmune,false
PubMed,36155693,https://pubmed.ncbi.nlm.nih.gov/36155693/,Immune System & Autoimmune,false
PubMed,36159203,https://pubmed.ncbi.nlm.nih.gov/36159203/,Immune System & Autoimmune,false
PubMed,36168590,https://pubmed.ncbi.nlm.nih.gov/36168590/,Immune System & Autoimmune,false
PubMed,36202161,https://pubmed.ncbi.nlm.nih.gov/36202161/,Immune System & Autoimmune,false
PubMed,36210711,https://pubmed.ncbi.nlm.nih.gov/36210711/,Immune System & Autoimmune,false
PubMed,36228902,https://pubmed.ncbi.nlm.nih.gov/36228902/,Immune System & Autoimmune,false
PubMed,36248834,https://pubmed.ncbi.nlm.nih.gov/36248834/,Immune System & Autoimmune,false
PubMed,36252151,https://pubmed.ncbi.nlm.nih.gov/36252151/,Immune System & Autoimmune,false
PubMed,36260055,https://pubmed.ncbi.nlm.nih.gov/36260055/,Immune System & Autoimmune,false
PubMed,36280137,https://pubmed.ncbi.nlm.nih.gov/36280137/,Immune System & Autoimmune,false
PubMed,36297340,https://pubmed.ncbi.nlm.nih.gov/36297340/,Immune System & Autoimmune,false
PubMed,36333278,https://pubmed.ncbi.nlm.nih.gov/36333278/,Immune System & Autoimmune,false
PubMed,36342567,https://pubmed.ncbi.nlm.nih.gov/36342567/,Immune System & Autoimmune,false
PubMed,36349504,https://pubmed.ncbi.nlm.nih.gov/36349504/,Immune System & Autoimmune,false
PubMed,36350125,https://pubmed.ncbi.nlm.nih.gov/36350125/,Immune System & Autoimmune,false
PubMed,36357780,https://pubmed.ncbi.nlm.nih.gov/36357780/,Immune System & Autoimmune,false
PubMed,36381652,https://pubmed.ncbi.nlm.nih.gov/36381652/,Immune System & Autoimmune,false
PubMed,36384984,https://pubmed.ncbi.nlm.nih.gov/36384984/,Immune System & Autoimmune,false
PubMed,36413346,https://pubmed.ncbi.nlm.nih.gov/36413346/,Immune System & Autoimmune,false
PubMed,36416285,https://pubmed.ncbi.nlm.nih.gov/36416285/,Immune System & Autoimmune,false
PubMed,36417942,https://pubmed.ncbi.nlm.nih.gov/36417942/,Immune System & Autoimmune,false
PubMed,36455453,https://pubmed.ncbi.nlm.nih.gov/36455453/,Immune System & Autoimmune,false
PubMed,36472458,https://pubmed.ncbi.nlm.nih.gov/36472458/,Immune System & Autoimmune,false
PubMed,36510483,https://pubmed.ncbi.nlm.nih.gov/36510483/,Immune System & Autoimmune,false
PubMed,36548655,https://pubmed.ncbi.nlm.nih.gov/36548655/,Immune System & Autoimmune,false
PubMed,36551156,https://pubmed.ncbi.nlm.nih.gov/36551156/,Immune System & Autoimmune,false
PubMed,36551926,https://pubmed.ncbi.nlm.nih.gov/36551926/,Immune System & Autoimmune,false
PubMed,36556483,https://pubmed.ncbi.nlm.nih.gov/36556483/,Immune System & Autoimmune,false
PubMed,36557613,https://pubmed.ncbi.nlm.nih.gov/36557613/,Immune System & Autoimmune,false
PubMed,36572832,https://pubmed.ncbi.nlm.nih.gov/36572832/,Immune System & Autoimmune,false
PubMed,36582392,https://pubmed.ncbi.nlm.nih.gov/36582392/,Immune System & Autoimmune,false
PubMed,36583016,https://pubmed.ncbi.nlm.nih.gov/36583016/,Immune System & Autoimmune,false
PubMed,36615263,https://pubmed.ncbi.nlm.nih.gov/36615263/,Immune System & Autoimmune,false
PubMed,36624391,https://pubmed.ncbi.nlm.nih.gov/36624391/,Immune System & Autoimmune,false
PubMed,36626776,https://pubmed.ncbi.nlm.nih.gov/36626776/,Immune System & Autoimmune,false
PubMed,36671418,https://pubmed.ncbi.nlm.nih.gov/36671418/,Immune System & Autoimmune,false
PubMed,36674922,https://pubmed.ncbi.nlm.nih.gov/36674922/,Immune System & Autoimmune,false
PubMed,36697976,https://pubmed.ncbi.nlm.nih.gov/36697976/,Immune System & Autoimmune,false
PubMed,36726540,https://pubmed.ncbi.nlm.nih.gov/36726540/,Immune System & Autoimmune,false
PubMed,36831255,https://pubmed.ncbi.nlm.nih.gov/36831255/,Immune System & Autoimmune,false
PubMed,36834537,https://pubmed.ncbi.nlm.nih.gov/36834537/,Immune System & Autoimmune,false
PubMed,36834757,https://pubmed.ncbi.nlm.nih.gov/36834757/,Immune System & Autoimmune,false
PubMed,36851787,https://pubmed.ncbi.nlm.nih.gov/36851787/,Immune System & Autoimmune,false
PubMed,36881078,https://pubmed.ncbi.nlm.nih.gov/36881078/,Immune System & Autoimmune,false
PubMed,36890518,https://pubmed.ncbi.nlm.nih.gov/36890518/,Immune System & Autoimmune,false
PubMed,36978106,https://pubmed.ncbi.nlm.nih.gov/36978106/,Immune System & Autoimmune,false
PubMed,36979647,https://pubmed.ncbi.nlm.nih.gov/36979647/,Immune System & Autoimmune,false
PubMed,36980189,https://pubmed.ncbi.nlm.nih.gov/36980189/,Immune System & Autoimmune,false
PubMed,36984882,https://pubmed.ncbi.nlm.nih.gov/36984882/,Immune System & Autoimmune,false
PubMed,36992332,https://pubmed.ncbi.nlm.nih.gov/36992332/,Immune System & Autoimmune,false
PubMed,37027347,https://pubmed.ncbi.nlm.nih.gov/37027347/,Immune System & Autoimmune,false
PubMed,37033914,https://pubmed.ncbi.nlm.nih.gov/37033914/,Immune System & Autoimmune,false
PubMed,37083031,https://pubmed.ncbi.nlm.nih.gov/37083031/,Immune System & Autoimmune,false
PubMed,37344646,https://pubmed.ncbi.nlm.nih.gov/37344646/,Immune System & Autoimmune,false
PubMed,37503517,https://pubmed.ncbi.nlm.nih.gov/37503517/,Immune System & Autoimmune,false
PubMed,37762267,https://pubmed.ncbi.nlm.nih.gov/37762267/,Immune System & Autoimmune,false
PubMed,38302704,https://pubmed.ncbi.nlm.nih.gov/38302704/,Immune System & Autoimmune,false
PubMed,6105088,https://pubmed.ncbi.nlm.nih.gov/6105088/,Immune System & Autoimmune,false
PubMed,6301598,https://pubmed.ncbi.nlm.nih.gov/6301598/,Immune System & Autoimmune,false
PubMed,7153877,https://pubmed.ncbi.nlm.nih.gov/7153877/,Immune System & Autoimmune,false
PubMed,7504099,https://pubmed.ncbi.nlm.nih.gov/7504099/,Immune System & Autoimmune,false
PubMed,8700141,https://pubmed.ncbi.nlm.nih.gov/8700141/,Immune System & Autoimmune,false
PubMed,8732433,https://pubmed.ncbi.nlm.nih.gov/8732433/,Immune System & Autoimmune,false
PubMed,8937419,https://pubmed.ncbi.nlm.nih.gov/8937419/,Immune System & Autoimmune,false
PubMed,9012363,https://pubmed.ncbi.nlm.nih.gov/9012363/,Immune System & Autoimmune,false
PubMed,9070350,https://pubmed.ncbi.nlm.nih.gov/9070350/,Immune System & Autoimmune,false
PubMed,9172018,https://pubmed.ncbi.nlm.nih.gov/9172018/,Immune System & Autoimmune,false
PubMed,9610678,https://pubmed.ncbi.nlm.nih.gov/9610678/,Immune System & Autoimmune,false
PubMed,9610679,https://pubmed.ncbi.nlm.nih.gov/9610679/,Immune System & Autoimmune,false
PubMed,9610680,https://pubmed.ncbi.nlm.nih.gov/9610680/,Immune System & Autoimmune,false
PubMed,9718090,https://pubmed.ncbi.nlm.nih.gov/9718090/,Immune System & Autoimmune,false
PubMed,9858061,https://pubmed.ncbi.nlm.nih.gov/9858061/,Immune System & Autoimmune,false
DOI,10.1002/cpt.2071,https://doi.org/10.1002/cpt.2071,Liver,false
DOI,10.1002/iid3.338,https://doi.org/10.1002/iid3.338,Liver,false
DOI,10.1002/jcph.1412,https://doi.org/10.1002/jcph.1412,Liver,false
DOI,10.1007/s00210-020-01878-2,https://doi.org/10.1007/s00210-020-01878-2,Liver,false
DOI,10.1007/s11419-011-0112-7,https://doi.org/10.1007/s11419-011-0112-7,Liver,false
DOI,10.1007/s11606-020-06504-8,https://doi.org/10.1007/s11606-020-06504-8,Liver,false
DOI,10.1089/can.2019.0098,https://doi.org/10.1089/can.2019.0098,Liver,false
DOI,10.1089/can.2021.0114,https://doi.org/10.1089/can.2021.0114,Liver,false
DOI,10.1093/ajhp/zxaa268,https://doi.org/10.1093/ajhp/zxaa268,Liver,false
DOI,10.1096/fasebj.2020.34.s1.08813,https://doi.org/10.1096/fasebj.2020.34.s1.08813,Liver,false
DOI,10.1096/fasebj.2021.35.s1.03121,https://doi.org/10.1096/fasebj.2021.35.s1.03121,Liver,false
DOI,10.1096/fasebj.2021.35.s1.03383,https://doi.org/10.1096/fasebj.2021.35.s1.03383,Liver,false
DOI,10.1096/fasebj.2022.36.s1.r5623,https://doi.org/10.1096/fasebj.2022.36.s1.r5623,Liver,false
DOI,10.1111/ane.13305,https://doi.org/10.1111/ane.13305,Liver,false
DOI,10.1111/apt.12673,https://doi.org/10.1111/apt.12673,Liver,false
DOI,10.1111/epi.16355,https://doi.org/10.1111/epi.16355,Liver,false
DOI,10.1111/epi.16674,https://doi.org/10.1111/epi.16674,Liver,false
DOI,10.1111/fcp.12373,https://doi.org/10.1111/fcp.12373,Liver,false
DOI,10.1111/j.1476-5381.2009.00589.x,https://doi.org/10.1111/j.1476-5381.2009.00589.x,Liver,false
DOI,10.1111/j.1476-5381.2010.01179.x,https://doi.org/10.1111/j.1476-5381.2010.01179.x,Liver,false
DOI,10.1111/j.2042-7158.1976.tb04152.x,https://doi.org/10.1111/j.2042-7158.1976.tb04152.x,Liver,false
DOI,10.1111/liv.13696,https://doi.org/10.1111/liv.13696,Liver,false
DOI,10.1177/0018578720985438,https://doi.org/10.1177/0018578720985438,Liver,false
DOI,10.1177/0897190019828920,https://doi.org/10.1177/0897190019828920,Liver,false
DOI,10.1177/1078155218798150,https://doi.org/10.1177/1078155218798150,Liver,false
DOI,10.1177/2397847320922944,https://doi.org/10.1177/2397847320922944,Liver,false
DOI,10.11847/zgggws1135692,https://doi.org/10.11847/zgggws1135692,Liver,false
DOI,10.3389/fphar.2019.00627,https://doi.org/10.3389/fphar.2019.00627,Liver,false
PMC,PMC2328650,https://www.ncbi.nlm.nih.gov/pmc/articles/PMC2328650/,Liver,false
PMC,PMC4112960,https://www.ncbi.nlm.nih.gov/pmc/articles/PMC4112960/,Liver,false
PMC,PMC6298132,https://www.ncbi.nlm.nih.gov/pmc/articles/PMC6298132/,Liver,false
PMC,PMC7258262,https://www.ncbi.nlm.nih.gov/pmc/articles/PMC7258262/,Liver,false
PMC,PMC7366061,https://www.ncbi.nlm.nih.gov/pmc/articles/PMC7366061/,Liver,false
PMC,PMC7540496,https://www.ncbi.nlm.nih.gov/pmc/articles/PMC7540496/,Liver,false
PubMed,11433348,https://pubmed.ncbi.nlm.nih.gov/11433348/,Liver,false
PubMed,11872997,https://pubmed.ncbi.nlm.nih.gov/11872997/,Liver,false
PubMed,12163107,https://pubmed.ncbi.nlm.nih.gov/12163107/,Liver,false
PubMed,12538878,https://pubmed.ncbi.nlm.nih.gov/12538878/,Liver,false
PubMed,15482346,https://pubmed.ncbi.nlm.nih.gov/15482346/,Liver,false
PubMed,15753538,https://pubmed.ncbi.nlm.nih.gov/15753538/,Liver,false
PubMed,15765409,https://pubmed.ncbi.nlm.nih.gov/15765409/,Liver,false
PubMed,15804949,https://pubmed.ncbi.nlm.nih.gov/15804949/,Liver,false
PubMed,15841466,https://pubmed.ncbi.nlm.nih.gov/15841466/,Liver,false
PubMed,15864349,https://pubmed.ncbi.nlm.nih.gov/15864349/,Liver,false
PubMed,16102970,https://pubmed.ncbi.nlm.nih.gov/16102970/,Liver,false
PubMed,16112652,https://pubmed.ncbi.nlm.nih.gov/16112652/,Liver,false
PubMed,16162147,https://pubmed.ncbi.nlm.nih.gov/16162147/,Liver,false
PubMed,16418162,https://pubmed.ncbi.nlm.nih.gov/16418162/,Liver,false
PubMed,16432489,https://pubmed.ncbi.nlm.nih.gov/16432489/,Liver,false
PubMed,16751709,https://pubmed.ncbi.nlm.nih.gov/16751709/,Liver,false
PubMed,17298297,https://pubmed.ncbi.nlm.nih.gov/17298297/,Liver,false
PubMed,17440119,https://pubmed.ncbi.nlm.nih.gov/17440119/,Liver,false
PubMed,17526015,https://pubmed.ncbi.nlm.nih.gov/17526015/,Liver,false
PubMed,17952109,https://pubmed.ncbi.nlm.nih.gov/17952109/,Liver,false
PubMed,17975129,https://pubmed.ncbi.nlm.nih.gov/17975129/,Liver,false
PubMed,18006606,https://pubmed.ncbi.nlm.nih.gov/18006606/,Liver,false
PubMed,18026124,https://pubmed.ncbi.nlm.nih.gov/18026124/,Liver,false
PubMed,18029545,https://pubmed.ncbi.nlm.nih.gov/18029545/,Liver,false
PubMed,18052394,https://pubmed.ncbi.nlm.nih.gov/18052394/,Liver,false
PubMed,18239059,https://pubmed.ncbi.nlm.nih.gov/18239059/,Liver,false
PubMed,18242211,https://pubmed.ncbi.nlm.nih.gov/18242211/,Liver,false
PubMed,18242226,https://pubmed.ncbi.nlm.nih.gov/18242226/,Liver,false
PubMed,18292184,https://pubmed.ncbi.nlm.nih.gov/18292184/,Liver,false
PubMed,18426499,https://pubmed.ncbi.nlm.nih.gov/18426499/,Liver,false
PubMed,18677409,https://pubmed.ncbi.nlm.nih.gov/18677409/,Liver,false
PubMed,18703639,https://pubmed.ncbi.nlm.nih.gov/18703639/,Liver,false
PubMed,19005461,https://pubmed.ncbi.nlm.nih.gov/19005461/,Liver,true
PubMed,19208344,https://pubmed.ncbi.nlm.nih.gov/19208344/,Liver,false
PubMed,19219744,https://pubmed.ncbi.nlm.nih.gov/19219744/,Liver,false
PubMed,19282305,https://pubmed.ncbi.nlm.nih.gov/19282305/,Liver,false
PubMed,19285261,https://pubmed.ncbi.nlm.nih.gov/19285261/,Liver,false
PubMed,19513120,https://pubmed.ncbi.nlm.nih.gov/19513120/,Liver,false
PubMed,19840245,https://pubmed.ncbi.nlm.nih.gov/19840245/,Liver,false
PubMed,20110567,https://pubmed.ncbi.nlm.nih.gov/20110567/,Liver,false
PubMed,20117100,https://pubmed.ncbi.nlm.nih.gov/20117100/,Liver,false
PubMed,20204561,https://pubmed.ncbi.nlm.nih.gov/20204561/,Liver,false
PubMed,20391270,https://pubmed.ncbi.nlm.nih.gov/20391270/,Liver,false
PubMed,20410309,https://pubmed.ncbi.nlm.nih.gov/20410309/,Liver,false
PubMed,20597071,https://pubmed.ncbi.nlm.nih.gov/20597071/,Liver,false
PubMed,20600015,https://pubmed.ncbi.nlm.nih.gov/20600015/,Liver,false
PubMed,20602678,https://pubmed.ncbi.nlm.nih.gov/20602678/,Liver,false
PubMed,20934397,https://pubmed.ncbi.nlm.nih.gov/20934397/,Liver,false
PubMed,21145843,https://pubmed.ncbi.nlm.nih.gov/21145843/,Liver,false
PubMed,21254182,https://pubmed.ncbi.nlm.nih.gov/21254182/,Liver,false
PubMed,21356216,https://pubmed.ncbi.nlm.nih.gov/21356216/,Liver,false
PubMed,21362471,https://pubmed.ncbi.nlm.nih.gov/21362471/,Liver,false
PubMed,21383171,https://pubmed.ncbi.nlm.nih.gov/21383171/,Liver,false
PubMed,21449982,https://pubmed.ncbi.nlm.nih.gov/21449982/,Liver,false
PubMed,21457226,https://pubmed.ncbi.nlm.nih.gov/21457226/,Liver,false
PubMed,21490298,https://pubmed.ncbi.nlm.nih.gov/21490298/,Liver,false
PubMed,21611179,https://pubmed.ncbi.nlm.nih.gov/21611179/,Liver,false
PubMed,21654828,https://pubmed.ncbi.nlm.nih.gov/21654828/,Liver,false
PubMed,21693703,https://pubmed.ncbi.nlm.nih.gov/21693703/,Liver,false
PubMed,21821735,https://pubmed.ncbi.nlm.nih.gov/21821735/,Liver,true
PubMed,21863215,https://pubmed.ncbi.nlm.nih.gov/21863215/,Liver,false
PubMed,22073164,https://pubmed.ncbi.nlm.nih.gov/22073164/,Liver,false
PubMed,22160265,https://pubmed.ncbi.nlm.nih.gov/22160265/,Liver,false
PubMed,22166891,https://pubmed.ncbi.nlm.nih.gov/22166891/,Liver,false
PubMed,22184091,https://pubmed.ncbi.nlm.nih.gov/22184091/,Liver,false
PubMed,22307032,https://pubmed.ncbi.nlm.nih.gov/22307032/,Liver,false
PubMed,22927922,https://pubmed.ncbi.nlm.nih.gov/22927922/,Liver,false
PubMed,22989885,https://pubmed.ncbi.nlm.nih.gov/22989885/,Liver,false
PubMed,22994399,https://pubmed.ncbi.nlm.nih.gov/22994399/,Liver,false
PubMed,23023167,https://pubmed.ncbi.nlm.nih.gov/23023167/,Liver,false
PubMed,23197412,https://pubmed.ncbi.nlm.nih.gov/23197412/,Liver,false
PubMed,23251393,https://pubmed.ncbi.nlm.nih.gov/23251393/,Liver,false
PubMed,23295386,https://pubmed.ncbi.nlm.nih.gov/23295386/,Liver,false
PubMed,23295443,https://pubmed.ncbi.nlm.nih.gov/23295443/,Liver,false
PubMed,23315130,https://pubmed.ncbi.nlm.nih.gov/23315130/,Liver,false
PubMed,23318708,https://pubmed.ncbi.nlm.nih.gov/23318708/,Liver,false
PubMed,23333322,https://pubmed.ncbi.nlm.nih.gov/23333322/,Liver,false
PubMed,23452341,https://pubmed.ncbi.nlm.nih.gov/23452341/,Liver,false
PubMed,23567085,https://pubmed.ncbi.nlm.nih.gov/23567085/,Liver,false
PubMed,23806692,https://pubmed.ncbi.nlm.nih.gov/23806692/,Liver,false
PubMed,23811569,https://pubmed.ncbi.nlm.nih.gov/23811569/,Liver,false
PubMed,23828743,https://pubmed.ncbi.nlm.nih.gov/23828743/,Liver,false
PubMed,23832510,https://pubmed.ncbi.nlm.nih.gov/23832510/,Liver,false
PubMed,23877834,https://pubmed.ncbi.nlm.nih.gov/23877834/,Liver,false
PubMed,23890208,https://pubmed.ncbi.nlm.nih.gov/23890208/,Liver,false
PubMed,23894352,https://pubmed.ncbi.nlm.nih.gov/23894352/,Liver,false
PubMed,24160757,https://pubmed.ncbi.nlm.nih.gov/24160757/,Liver,true
PubMed,24612021,https://pubmed.ncbi.nlm.nih.gov/24612021/,Liver,false
PubMed,24657416,https://pubmed.ncbi.nlm.nih.gov/24657416/,Liver,false
PubMed,24667653,https://pubmed.ncbi.nlm.nih.gov/24667653/,Liver,false
PubMed,24864249,https://pubmed.ncbi.nlm.nih.gov/24864249/,Liver,false
PubMed,25064094,https://pubmed.ncbi.nlm.nih.gov/25064094/,Liver,false
PubMed,25136364,https://pubmed.ncbi.nlm.nih.gov/25136364/,Liver,false
PubMed,25406988,https://pubmed.ncbi.nlm.nih.gov/25406988/,Liver,false
PubMed,2550010,https://pubmed.ncbi.nlm.nih.gov/2550010/,Liver,false
PubMed,25580584,https://pubmed.ncbi.nlm.nih.gov/25580584/,Liver,false
PubMed,25595882,https://pubmed.ncbi.nlm.nih.gov/25595882/,Liver,false
PubMed,25749929,https://pubmed.ncbi.nlm.nih.gov/25749929/,Liver,false
PubMed,25999668,https://pubmed.ncbi.nlm.nih.gov/25999668/,Liver,false
PubMed,26114620,https://pubmed.ncbi.nlm.nih.gov/26114620/,Liver,true
PubMed,26187180,https://pubmed.ncbi.nlm.nih.gov/26187180/,Liver,false
PubMed,26202357,https://pubmed.ncbi.nlm.nih.gov/26202357/,Liver,false
PubMed,26320250,https://pubmed.ncbi.nlm.nih.gov/26320250/,Liver,false
PubMed,26348907,https://pubmed.ncbi.nlm.nih.gov/26348907/,Liver,false
PubMed,26353844,https://pubmed.ncbi.nlm.nih.gov/26353844/,Liver,false
PubMed,26475620,https://pubmed.ncbi.nlm.nih.gov/26475620/,Liver,false
PubMed,26884397,https://pubmed.ncbi.nlm.nih.gov/26884397/,Liver,false
PubMed,26967385,https://pubmed.ncbi.nlm.nih.gov/26967385/,Liver,false
PubMed,27014939,https://pubmed.ncbi.nlm.nih.gov/27014939/,Liver,false
PubMed,27073427,https://pubmed.ncbi.nlm.nih.gov/27073427/,Liver,false
PubMed,27100518,https://pubmed.ncbi.nlm.nih.gov/27100518/,Liver,false
PubMed,27117865,https://pubmed.ncbi.nlm.nih.gov/27117865/,Liver,false
PubMed,27196571,https://pubmed.ncbi.nlm.nih.gov/27196571/,Liver,false
PubMed,27225241,https://pubmed.ncbi.nlm.nih.gov/27225241/,Liver,false
PubMed,27346657,https://pubmed.ncbi.nlm.nih.gov/27346657/,Liver,false
PubMed,27525312,https://pubmed.ncbi.nlm.nih.gov/27525312/,Liver,false
PubMed,27552286,https://pubmed.ncbi.nlm.nih.gov/27552286/,Liver,false
PubMed,27662369,https://pubmed.ncbi.nlm.nih.gov/27662369/,Liver,false
PubMed,28107775,https://pubmed.ncbi.nlm.nih.gov/28107775/,Liver,false
PubMed,28315398,https://pubmed.ncbi.nlm.nih.gov/28315398/,Liver,false
PubMed,28380440,https://pubmed.ncbi.nlm.nih.gov/28380440/,Liver,false
PubMed,28441459,https://pubmed.ncbi.nlm.nih.gov/28441459/,Liver,false
PubMed,28469090,https://pubmed.ncbi.nlm.nih.gov/28469090/,Liver,false
PubMed,28782097,https://pubmed.ncbi.nlm.nih.gov/28782097/,Liver,false
PubMed,28837063,https://pubmed.ncbi.nlm.nih.gov/28837063/,Liver,false
PubMed,28842619,https://pubmed.ncbi.nlm.nih.gov/28842619/,Liver,false
PubMed,28861484,https://pubmed.ncbi.nlm.nih.gov/28861484/,Liver,false
PubMed,28905185,https://pubmed.ncbi.nlm.nih.gov/28905185/,Liver,false
PubMed,28972119,https://pubmed.ncbi.nlm.nih.gov/28972119/,Liver,false
PubMed,29033935,https://pubmed.ncbi.nlm.nih.gov/29033935/,Liver,false
PubMed,29049354,https://pubmed.ncbi.nlm.nih.gov/29049354/,Liver,false
PubMed,29082802,https://pubmed.ncbi.nlm.nih.gov/29082802/,Liver,false
PubMed,29107297,https://pubmed.ncbi.nlm.nih.gov/29107297/,Liver,false
PubMed,29138223,https://pubmed.ncbi.nlm.nih.gov/29138223/,Liver,false
PubMed,29186065,https://pubmed.ncbi.nlm.nih.gov/29186065/,Liver,false
PubMed,29307784,https://pubmed.ncbi.nlm.nih.gov/29307784/,Liver,false
PubMed,29319619,https://pubmed.ncbi.nlm.nih.gov/29319619/,Liver,false
PubMed,29387536,https://pubmed.ncbi.nlm.nih.gov/29387536/,Liver,true
PubMed,29414765,https://pubmed.ncbi.nlm.nih.gov/29414765/,Liver,false
PubMed,29540584,https://pubmed.ncbi.nlm.nih.gov/29540584/,Liver,false
PubMed,29617419,https://pubmed.ncbi.nlm.nih.gov/29617419/,Liver,false
PubMed,29763591,https://pubmed.ncbi.nlm.nih.gov/29763591/,Liver,false
PubMed,29843404,https://pubmed.ncbi.nlm.nih.gov/29843404/,Liver,false
PubMed,29890719,https://pubmed.ncbi.nlm.nih.gov/29890719/,Liver,false
PubMed,30052163,https://pubmed.ncbi.nlm.nih.gov/30052163/,Liver,false
PubMed,30203570,https://pubmed.ncbi.nlm.nih.gov/30203570/,Liver,false
PubMed,30234644,https://pubmed.ncbi.nlm.nih.gov/30234644/,Liver,false
PubMed,30345261,https://pubmed.ncbi.nlm.nih.gov/30345261/,Liver,false
PubMed,30583596,https://pubmed.ncbi.nlm.nih.gov/30583596/,Liver,false
PubMed,30776990,https://pubmed.ncbi.nlm.nih.gov/30776990/,Liver,false
PubMed,30791225,https://pubmed.ncbi.nlm.nih.gov/30791225/,Liver,false
PubMed,30921490,https://pubmed.ncbi.nlm.nih.gov/30921490/,Liver,false
PubMed,31012522,https://pubmed.ncbi.nlm.nih.gov/31012522/,Liver,true
PubMed,31032942,https://pubmed.ncbi.nlm.nih.gov/31032942/,Liver,false
PubMed,31041021,https://pubmed.ncbi.nlm.nih.gov/31041021/,Liver,false
PubMed,31048404,https://pubmed.ncbi.nlm.nih.gov/31048404/,Liver,false
PubMed,31071346,https://pubmed.ncbi.nlm.nih.gov/31071346/,Liver,false
PubMed,31105045,https://pubmed.ncbi.nlm.nih.gov/31105045/,Liver,false
PubMed,31121839,https://pubmed.ncbi.nlm.nih.gov/31121839/,Liver,false
PubMed,31211851,https://pubmed.ncbi.nlm.nih.gov/31211851/,Liver,false
PubMed,31212965,https://pubmed.ncbi.nlm.nih.gov/31212965/,Liver,false
PubMed,31265740,https://pubmed.ncbi.nlm.nih.gov/31265740/,Liver,false
PubMed,31288397,https://pubmed.ncbi.nlm.nih.gov/31288397/,Liver,false
PubMed,31294362,https://pubmed.ncbi.nlm.nih.gov/31294362/,Liver,false
PubMed,31308686,https://pubmed.ncbi.nlm.nih.gov/31308686/,Liver,false
PubMed,31382177,https://pubmed.ncbi.nlm.nih.gov/31382177/,Liver,false
PubMed,31389521,https://pubmed.ncbi.nlm.nih.gov/31389521/,Liver,false
PubMed,31431849,https://pubmed.ncbi.nlm.nih.gov/31431849/,Liver,false
PubMed,31433338,https://pubmed.ncbi.nlm.nih.gov/31433338/,Liver,false
PubMed,31653030,https://pubmed.ncbi.nlm.nih.gov/31653030/,Liver,false
PubMed,31941642,https://pubmed.ncbi.nlm.nih.gov/31941642/,Liver,false
PubMed,32033504,https://pubmed.ncbi.nlm.nih.gov/32033504/,Liver,false
PubMed,32167157,https://pubmed.ncbi.nlm.nih.gov/32167157/,Liver,false
PubMed,32350749,https://pubmed.ncbi.nlm.nih.gov/32350749/,Liver,false
PubMed,32587099,https://pubmed.ncbi.nlm.nih.gov/32587099/,Liver,false
PubMed,32614070,https://pubmed.ncbi.nlm.nih.gov/32614070/,Liver,false
PubMed,32615127,https://pubmed.ncbi.nlm.nih.gov/32615127/,Liver,false
PubMed,32851114,https://pubmed.ncbi.nlm.nih.gov/32851114/,Liver,false
PubMed,32969022,https://pubmed.ncbi.nlm.nih.gov/32969022/,Liver,false
PubMed,33096940,https://pubmed.ncbi.nlm.nih.gov/33096940/,Liver,false
PubMed,33157269,https://pubmed.ncbi.nlm.nih.gov/33157269/,Liver,false
PubMed,33210603,https://pubmed.ncbi.nlm.nih.gov/33210603/,Liver,false
PubMed,33298885,https://pubmed.ncbi.nlm.nih.gov/33298885/,Liver,false
PubMed,33341026,https://pubmed.ncbi.nlm.nih.gov/33341026/,Liver,false
PubMed,33381645,https://pubmed.ncbi.nlm.nih.gov/33381645/,Liver,false
PubMed,33406299,https://pubmed.ncbi.nlm.nih.gov/33406299/,Liver,false
PubMed,33498537,https://pubmed.ncbi.nlm.nih.gov/33498537/,Liver,false
PubMed,33672787,https://pubmed.ncbi.nlm.nih.gov/33672787/,Liver,false
PubMed,33951339,https://pubmed.ncbi.nlm.nih.gov/33951339/,Liver,false
PubMed,34121064,https://pubmed.ncbi.nlm.nih.gov/34121064/,Liver,false
PubMed,34181150,https://pubmed.ncbi.nlm.nih.gov/34181150/,Liver,false
PubMed,34257720,https://pubmed.ncbi.nlm.nih.gov/34257720/,Liver,false
PubMed,34491040,https://pubmed.ncbi.nlm.nih.gov/34491040/,Liver,false
PubMed,34499619,https://pubmed.ncbi.nlm.nih.gov/34499619/,Liver,false
PubMed,34779413,https://pubmed.ncbi.nlm.nih.gov/34779413/,Liver,false
PubMed,35012687,https://pubmed.ncbi.nlm.nih.gov/35012687/,Liver,false
PubMed,35115300,https://pubmed.ncbi.nlm.nih.gov/35115300/,Liver,true
PubMed,36012687,https://pubmed.ncbi.nlm.nih.gov/36012687/,Liver,false
PubMed,36317739,https://pubmed.ncbi.nlm.nih.gov/36317739/,Liver,false
PubMed,36339540,https://pubmed.ncbi.nlm.nih.gov/36339540/,Liver,false
PubMed,36384377,https://pubmed.ncbi.nlm.nih.gov/36384377/,Liver,false
PubMed,36459036,https://pubmed.ncbi.nlm.nih.gov/36459036/,Liver,false
PubMed,37047034,https://pubmed.ncbi.nlm.nih.gov/37047034/,Liver,false
PubMed,497524,https://pubmed.ncbi.nlm.nih.gov/497524/,Liver,false
PubMed,8043019,https://pubmed.ncbi.nlm.nih.gov/8043019/,Liver,false
PubMed,8287029,https://pubmed.ncbi.nlm.nih.gov/8287029/,Liver,false
PubMed,9000780,https://pubmed.ncbi.nlm.nih.gov/9000780/,Liver,false
PubMed,9242356,https://pubmed.ncbi.nlm.nih.gov/9242356/,Liver,false
DOI,10.1007/s10753-022-01688-z,https://doi.org/10.1007/s10753-022-01688-z,Lungs,false
DOI,10.1021/acs.estlett.2c00148,https://doi.org/10.1021/acs.estlett.2c00148,Lungs,false
DOI,10.1021/acs.estlett.2c00311,https://doi.org/10.1021/acs.estlett.2c00311,Lungs,false
DOI,10.1148/radiol.212611,https://doi.org/10.1148/radiol.212611,Lungs,false
DOI,10.1164/ajrccm-conference.2020.201.1_meetingabstracts.a1198,https://doi.org/10.1164/ajrccm-conference.2020.201.1_meetingabstracts.a1198,Lungs,false
DOI,10.1164/ajrccm-conference.2021.203.1_meetingabstracts.a4363,https://doi.org/10.1164/ajrccm-conference.2021.203.1_meetingabstracts.a4363,Lungs,false
DOI,10.1164/ajrccm-conference.2022.205.1_meetingabstracts.a4007,https://doi.org/10.1164/ajrccm-conference.2022.205.1_meetingabstracts.a4007,Lungs,false
DOI,10.1165/rcmb.2021-0285le,https://doi.org/10.1165/rcmb.2021-0285le,Lungs,false
DOI,10.3892/etm.2022.11756,https://doi.org/10.3892/etm.2022.11756,Lungs,false
DOI,10.4038/cmj.v67i1.9558,https://doi.org/10.4038/cmj.v67i1.9558,Lungs,false
PMC,PMC7462485,https://www.ncbi.nlm.nih.gov/pmc/articles/PMC7462485/,Lungs,false
PubMed,10340948,https://pubmed.ncbi.nlm.nih.gov/10340948/,Lungs,false
PubMed,10613339,https://pubmed.ncbi.nlm.nih.gov/10613339/,Lungs,false
PubMed,10722775,https://pubmed.ncbi.nlm.nih.gov/10722775/,Lungs,false
PubMed,10928980,https://pubmed.ncbi.nlm.nih.gov/10928980/,Lungs,false
PubMed,1099949,https://pubmed.ncbi.nlm.nih.gov/1099949/,Lungs,false
PubMed,11081515,https://pubmed.ncbi.nlm.nih.gov/11081515/,Lungs,false
PubMed,11224724,https://pubmed.ncbi.nlm.nih.gov/11224724/,Lungs,false
PubMed,11226144,https://pubmed.ncbi.nlm.nih.gov/11226144/,Lungs,false
PubMed,11245634,https://pubmed.ncbi.nlm.nih.gov/11245634/,Lungs,false
PubMed,11485387,https://pubmed.ncbi.nlm.nih.gov/11485387/,Lungs,false
PubMed,11508050,https://pubmed.ncbi.nlm.nih.gov/11508050/,Lungs,false
PubMed,11719752,https://pubmed.ncbi.nlm.nih.gov/11719752/,Lungs,false
PubMed,12037239,https://pubmed.ncbi.nlm.nih.gov/12037239/,Lungs,false
PubMed,12144608,https://pubmed.ncbi.nlm.nih.gov/12144608/,Lungs,false
PubMed,12411414,https://pubmed.ncbi.nlm.nih.gov/12411414/,Lungs,false
PubMed,12412839,https://pubmed.ncbi.nlm.nih.gov/12412839/,Lungs,false
PubMed,12492044,https://pubmed.ncbi.nlm.nih.gov/12492044/,Lungs,false
PubMed,12505536,https://pubmed.ncbi.nlm.nih.gov/12505536/,Lungs,false
PubMed,12533310,https://pubmed.ncbi.nlm.nih.gov/12533310/,Lungs,false
PubMed,12668119,https://pubmed.ncbi.nlm.nih.gov/12668119/,Lungs,false
PubMed,12954367,https://pubmed.ncbi.nlm.nih.gov/12954367/,Lungs,false
PubMed,12970104,https://pubmed.ncbi.nlm.nih.gov/12970104/,Lungs,false
PubMed,15173020,https://pubmed.ncbi.nlm.nih.gov/15173020/,Lungs,false
PubMed,15306537,https://pubmed.ncbi.nlm.nih.gov/15306537/,Lungs,false
PubMed,15516313,https://pubmed.ncbi.nlm.nih.gov/15516313/,Lungs,false
PubMed,15693925,https://pubmed.ncbi.nlm.nih.gov/15693925/,Lungs,false
PubMed,15888960,https://pubmed.ncbi.nlm.nih.gov/15888960/,Lungs,false
PubMed,16054989,https://pubmed.ncbi.nlm.nih.gov/16054989/,Lungs,false
PubMed,16103691,https://pubmed.ncbi.nlm.nih.gov/16103691/,Lungs,false
PubMed,16128224,https://pubmed.ncbi.nlm.nih.gov/16128224/,Lungs,false
PubMed,16174182,https://pubmed.ncbi.nlm.nih.gov/16174182/,Lungs,false
PubMed,16414979,https://pubmed.ncbi.nlm.nih.gov/16414979/,Lungs,false
PubMed,16419389,https://pubmed.ncbi.nlm.nih.gov/16419389/,Lungs,false
PubMed,16449781,https://pubmed.ncbi.nlm.nih.gov/16449781/,Lungs,false
PubMed,16574961,https://pubmed.ncbi.nlm.nih.gov/16574961/,Lungs,false
PubMed,1660230,https://pubmed.ncbi.nlm.nih.gov/1660230/,Lungs,false
PubMed,1666923,https://pubmed.ncbi.nlm.nih.gov/1666923/,Lungs,false
PubMed,1666924,https://pubmed.ncbi.nlm.nih.gov/1666924/,Lungs,false
PubMed,1666925,https://pubmed.ncbi.nlm.nih.gov/1666925/,Lungs,false
PubMed,1668226,https://pubmed.ncbi.nlm.nih.gov/1668226/,Lungs,false
PubMed,16729923,https://pubmed.ncbi.nlm.nih.gov/16729923/,Lungs,false
PubMed,16832000,https://pubmed.ncbi.nlm.nih.gov/16832000/,Lungs,false
PubMed,17296876,https://pubmed.ncbi.nlm.nih.gov/17296876/,Lungs,false
PubMed,17379256,https://pubmed.ncbi.nlm.nih.gov/17379256/,Lungs,false
PubMed,17409920,https://pubmed.ncbi.nlm.nih.gov/17409920/,Lungs,false
PubMed,17457271,https://pubmed.ncbi.nlm.nih.gov/17457271/,Lungs,false
PubMed,17558435,https://pubmed.ncbi.nlm.nih.gov/17558435/,Lungs,false
PubMed,17621270,https://pubmed.ncbi.nlm.nih.gov/17621270/,Lungs,false
PubMed,17643417,https://pubmed.ncbi.nlm.nih.gov/17643417/,Lungs,false
PubMed,17666437,https://pubmed.ncbi.nlm.nih.gov/17666437/,Lungs,false
PubMed,17909899,https://pubmed.ncbi.nlm.nih.gov/17909899/,Lungs,false
PubMed,17931876,https://pubmed.ncbi.nlm.nih.gov/17931876/,Lungs,false
PubMed,18025140,https://pubmed.ncbi.nlm.nih.gov/18025140/,Lungs,false
PubMed,18062674,https://pubmed.ncbi.nlm.nih.gov/18062674/,Lungs,true
PubMed,1806951,https://pubmed.ncbi.nlm.nih.gov/1806951/,Lungs,false
PubMed,18073275,https://pubmed.ncbi.nlm.nih.gov/18073275/,Lungs,false
PubMed,18197922,https://pubmed.ncbi.nlm.nih.gov/18197922/,Lungs,false
PubMed,18235388,https://pubmed.ncbi.nlm.nih.gov/18235388/,Lungs,false
PubMed,18238942,https://pubmed.ncbi.nlm.nih.gov/18238942/,Lungs,false
PubMed,18238947,https://pubmed.ncbi.nlm.nih.gov/18238947/,Lungs,false
PubMed,18312888,https://pubmed.ncbi.nlm.nih.gov/18312888/,Lungs,false
PubMed,18515251,https://pubmed.ncbi.nlm.nih.gov/18515251/,Lungs,false
PubMed,18556036,https://pubmed.ncbi.nlm.nih.gov/18556036/,Lungs,false
PubMed,18695648,https://pubmed.ncbi.nlm.nih.gov/18695648/,Lungs,false
PubMed,1879257,https://pubmed.ncbi.nlm.nih.gov/1879257/,Lungs,false
PubMed,19004418,https://pubmed.ncbi.nlm.nih.gov/19004418/,Lungs,false
PubMed,19057263,https://pubmed.ncbi.nlm.nih.gov/19057263/,Lungs,false
PubMed,19151803,https://pubmed.ncbi.nlm.nih.gov/19151803/,Lungs,false
PubMed,19255745,https://pubmed.ncbi.nlm.nih.gov/19255745/,Lungs,false
PubMed,19364790,https://pubmed.ncbi.nlm.nih.gov/19364790/,Lungs,false
PubMed,19376623,https://pubmed.ncbi.nlm.nih.gov/19376623/,Lungs,false
PubMed,19423532,https://pubmed.ncbi.nlm.nih.gov/19423532/,Lungs,false
PubMed,19638490,https://pubmed.ncbi.nlm.nih.gov/19638490/,Lungs,false
PubMed,19642428,https://pubmed.ncbi.nlm.nih.gov/19642428/,Lungs,false
PubMed,19679602,https://pubmed.ncbi.nlm.nih.gov/19679602/,Lungs,false
PubMed,19947653,https://pubmed.ncbi.nlm.nih.gov/19947653/,Lungs,false
PubMed,20044454,https://pubmed.ncbi.nlm.nih.gov/20044454/,Lungs,false
PubMed,20118579,https://pubmed.ncbi.nlm.nih.gov/20118579/,Lungs,false
PubMed,20150748,https://pubmed.ncbi.nlm.nih.gov/20150748/,Lungs,false
PubMed,2024820,https://pubmed.ncbi.nlm.nih.gov/2024820/,Lungs,false
PubMed,20506708,https://pubmed.ncbi.nlm.nih.gov/20506708/,Lungs,false
PubMed,21056512,https://pubmed.ncbi.nlm.nih.gov/21056512/,Lungs,false
PubMed,21132143,https://pubmed.ncbi.nlm.nih.gov/21132143/,Lungs,false
PubMed,21348589,https://pubmed.ncbi.nlm.nih.gov/21348589/,Lungs,false
PubMed,21436223,https://pubmed.ncbi.nlm.nih.gov/21436223/,Lungs,false
PubMed,21716266,https://pubmed.ncbi.nlm.nih.gov/21716266/,Lungs,false
PubMed,21763088,https://pubmed.ncbi.nlm.nih.gov/21763088/,Lungs,false
PubMed,21859273,https://pubmed.ncbi.nlm.nih.gov/21859273/,Lungs,false
PubMed,21943539,https://pubmed.ncbi.nlm.nih.gov/21943539/,Lungs,false
PubMed,22235088,https://pubmed.ncbi.nlm.nih.gov/22235088/,Lungs,false
PubMed,22345916,https://pubmed.ncbi.nlm.nih.gov/22345916/,Lungs,false
PubMed,22545056,https://pubmed.ncbi.nlm.nih.gov/22545056/,Lungs,false
PubMed,22550189,https://pubmed.ncbi.nlm.nih.gov/22550189/,Lungs,false
PubMed,2267014,https://pubmed.ncbi.nlm.nih.gov/2267014/,Lungs,false
PubMed,22704530,https://pubmed.ncbi.nlm.nih.gov/22704530/,Lungs,false
PubMed,23152191,https://pubmed.ncbi.nlm.nih.gov/23152191/,Lungs,false
PubMed,23542559,https://pubmed.ncbi.nlm.nih.gov/23542559/,Lungs,false
PubMed,23609259,https://pubmed.ncbi.nlm.nih.gov/23609259/,Lungs,false
PubMed,23619207,https://pubmed.ncbi.nlm.nih.gov/23619207/,Lungs,false
PubMed,23645642,https://pubmed.ncbi.nlm.nih.gov/23645642/,Lungs,false
PubMed,23664286,https://pubmed.ncbi.nlm.nih.gov/23664286/,Lungs,false
PubMed,23715638,https://pubmed.ncbi.nlm.nih.gov/23715638/,Lungs,false
PubMed,23802821,https://pubmed.ncbi.nlm.nih.gov/23802821/,Lungs,false
PubMed,23802822,https://pubmed.ncbi.nlm.nih.gov/23802822/,Lungs,false
PubMed,23846283,https://pubmed.ncbi.nlm.nih.gov/23846283/,Lungs,false
PubMed,24351902,https://pubmed.ncbi.nlm.nih.gov/24351902/,Lungs,false
PubMed,24384575,https://pubmed.ncbi.nlm.nih.gov/24384575/,Lungs,false
PubMed,24467410,https://pubmed.ncbi.nlm.nih.gov/24467410/,Lungs,false
PubMed,24511405,https://pubmed.ncbi.nlm.nih.gov/24511405/,Lungs,false
PubMed,24585646,https://pubmed.ncbi.nlm.nih.gov/24585646/,Lungs,false
PubMed,24612782,https://pubmed.ncbi.nlm.nih.gov/24612782/,Lungs,false
PubMed,24831571,https://pubmed.ncbi.nlm.nih.gov/24831571/,Lungs,false
PubMed,24862082,https://pubmed.ncbi.nlm.nih.gov/24862082/,Lungs,false
PubMed,24947688,https://pubmed.ncbi.nlm.nih.gov/24947688/,Lungs,false
PubMed,25012035,https://pubmed.ncbi.nlm.nih.gov/25012035/,Lungs,false
PubMed,25326203,https://pubmed.ncbi.nlm.nih.gov/25326203/,Lungs,false
PubMed,25356537,https://pubmed.ncbi.nlm.nih.gov/25356537/,Lungs,false
PubMed,25401045,https://pubmed.ncbi.nlm.nih.gov/25401045/,Lungs,false
PubMed,25521349,https://pubmed.ncbi.nlm.nih.gov/25521349/,Lungs,false
PubMed,25587109,https://pubmed.ncbi.nlm.nih.gov/25587109/,Lungs,false
PubMed,25624312,https://pubmed.ncbi.nlm.nih.gov/25624312/,Lungs,false
PubMed,25655949,https://pubmed.ncbi.nlm.nih.gov/25655949/,Lungs,false
PubMed,25706487,https://pubmed.ncbi.nlm.nih.gov/25706487/,Lungs,false
PubMed,25736926,https://pubmed.ncbi.nlm.nih.gov/25736926/,Lungs,false
PubMed,25837035,https://pubmed.ncbi.nlm.nih.gov/25837035/,Lungs,false
PubMed,25866824,https://pubmed.ncbi.nlm.nih.gov/25866824/,Lungs,false
PubMed,25957157,https://pubmed.ncbi.nlm.nih.gov/25957157/,Lungs,false
PubMed,25996274,https://pubmed.ncbi.nlm.nih.gov/25996274/,Lungs,false
PubMed,26056987,https://pubmed.ncbi.nlm.nih.gov/26056987/,Lungs,false
PubMed,26101464,https://pubmed.ncbi.nlm.nih.gov/26101464/,Lungs,false
PubMed,26130771,https://pubmed.ncbi.nlm.nih.gov/26130771/,Lungs,false
PubMed,26139312,https://pubmed.ncbi.nlm.nih.gov/26139312/,Lungs,false
PubMed,26426981,https://pubmed.ncbi.nlm.nih.gov/26426981/,Lungs,false
PubMed,26433192,https://pubmed.ncbi.nlm.nih.gov/26433192/,Lungs,false
PubMed,26640135,https://pubmed.ncbi.nlm.nih.gov/26640135/,Lungs,false
PubMed,26808080,https://pubmed.ncbi.nlm.nih.gov/26808080/,Lungs,false
PubMed,26850094,https://pubmed.ncbi.nlm.nih.gov/26850094/,Lungs,false
PubMed,26896777,https://pubmed.ncbi.nlm.nih.gov/26896777/,Lungs,false
PubMed,27034462,https://pubmed.ncbi.nlm.nih.gov/27034462/,Lungs,false
PubMed,27043693,https://pubmed.ncbi.nlm.nih.gov/27043693/,Lungs,false
PubMed,27113618,https://pubmed.ncbi.nlm.nih.gov/27113618/,Lungs,false
PubMed,27216000,https://pubmed.ncbi.nlm.nih.gov/27216000/,Lungs,false
PubMed,27262587,https://pubmed.ncbi.nlm.nih.gov/27262587/,Lungs,false
PubMed,27421143,https://pubmed.ncbi.nlm.nih.gov/27421143/,Lungs,false
PubMed,27507173,https://pubmed.ncbi.nlm.nih.gov/27507173/,Lungs,false
PubMed,2751166,https://pubmed.ncbi.nlm.nih.gov/2751166/,Lungs,false
PubMed,27573646,https://pubmed.ncbi.nlm.nih.gov/27573646/,Lungs,false
PubMed,27641813,https://pubmed.ncbi.nlm.nih.gov/27641813/,Lungs,false
PubMed,27695418,https://pubmed.ncbi.nlm.nih.gov/27695418/,Lungs,false
PubMed,27763599,https://pubmed.ncbi.nlm.nih.gov/27763599/,Lungs,false
PubMed,27858495,https://pubmed.ncbi.nlm.nih.gov/27858495/,Lungs,false
PubMed,27883985,https://pubmed.ncbi.nlm.nih.gov/27883985/,Lungs,false
PubMed,27986504,https://pubmed.ncbi.nlm.nih.gov/27986504/,Lungs,false
PubMed,27992060,https://pubmed.ncbi.nlm.nih.gov/27992060/,Lungs,false
PubMed,28145759,https://pubmed.ncbi.nlm.nih.gov/28145759/,Lungs,false
PubMed,28226397,https://pubmed.ncbi.nlm.nih.gov/28226397/,Lungs,false
PubMed,28388598,https://pubmed.ncbi.nlm.nih.gov/28388598/,Lungs,false
PubMed,28422760,https://pubmed.ncbi.nlm.nih.gov/28422760/,Lungs,false
PubMed,28478515,https://pubmed.ncbi.nlm.nih.gov/28478515/,Lungs,false
PubMed,28483343,https://pubmed.ncbi.nlm.nih.gov/28483343/,Lungs,false
PubMed,28489809,https://pubmed.ncbi.nlm.nih.gov/28489809/,Lungs,false
PubMed,28605480,https://pubmed.ncbi.nlm.nih.gov/28605480/,Lungs,false
PubMed,28921405,https://pubmed.ncbi.nlm.nih.gov/28921405/,Lungs,false
PubMed,28931663,https://pubmed.ncbi.nlm.nih.gov/28931663/,Lungs,false
PubMed,28975065,https://pubmed.ncbi.nlm.nih.gov/28975065/,Lungs,false
PubMed,28992427,https://pubmed.ncbi.nlm.nih.gov/28992427/,Lungs,false
PubMed,29126755,https://pubmed.ncbi.nlm.nih.gov/29126755/,Lungs,false
PubMed,29192095,https://pubmed.ncbi.nlm.nih.gov/29192095/,Lungs,false
PubMed,29311913,https://pubmed.ncbi.nlm.nih.gov/29311913/,Lungs,false
PubMed,29330776,https://pubmed.ncbi.nlm.nih.gov/29330776/,Lungs,false
PubMed,29461930,https://pubmed.ncbi.nlm.nih.gov/29461930/,Lungs,false
PubMed,29571700,https://pubmed.ncbi.nlm.nih.gov/29571700/,Lungs,false
PubMed,29629404,https://pubmed.ncbi.nlm.nih.gov/29629404/,Lungs,false
PubMed,29629408,https://pubmed.ncbi.nlm.nih.gov/29629408/,Lungs,false
PubMed,29776705,https://pubmed.ncbi.nlm.nih.gov/29776705/,Lungs,false
PubMed,29778658,https://pubmed.ncbi.nlm.nih.gov/29778658/,Lungs,false
PubMed,29897665,https://pubmed.ncbi.nlm.nih.gov/29897665/,Lungs,false
PubMed,29928919,https://pubmed.ncbi.nlm.nih.gov/29928919/,Lungs,false
PubMed,29971337,https://pubmed.ncbi.nlm.nih.gov/29971337/,Lungs,false
PubMed,2999292,https://pubmed.ncbi.nlm.nih.gov/2999292/,Lungs,false
PubMed,29998053,https://pubmed.ncbi.nlm.nih.gov/29998053/,Lungs,false
PubMed,30077950,https://pubmed.ncbi.nlm.nih.gov/30077950/,Lungs,false
PubMed,3017628,https://pubmed.ncbi.nlm.nih.gov/3017628/,Lungs,false
PubMed,30186517,https://pubmed.ncbi.nlm.nih.gov/30186517/,Lungs,false
PubMed,3022096,https://pubmed.ncbi.nlm.nih.gov/3022096/,Lungs,false
PubMed,30348738,https://pubmed.ncbi.nlm.nih.gov/30348738/,Lungs,false
PubMed,30362881,https://pubmed.ncbi.nlm.nih.gov/30362881/,Lungs,false
PubMed,30366666,https://pubmed.ncbi.nlm.nih.gov/30366666/,Lungs,false
PubMed,3037193,https://pubmed.ncbi.nlm.nih.gov/3037193/,Lungs,false
PubMed,30419300,https://pubmed.ncbi.nlm.nih.gov/30419300/,Lungs,false
PubMed,30420278,https://pubmed.ncbi.nlm.nih.gov/30420278/,Lungs,false
PubMed,30466476,https://pubmed.ncbi.nlm.nih.gov/30466476/,Lungs,false
PubMed,30481497,https://pubmed.ncbi.nlm.nih.gov/30481497/,Lungs,false
PubMed,30808319,https://pubmed.ncbi.nlm.nih.gov/30808319/,Lungs,false
PubMed,30822695,https://pubmed.ncbi.nlm.nih.gov/30822695/,Lungs,false
PubMed,30854514,https://pubmed.ncbi.nlm.nih.gov/30854514/,Lungs,false
PubMed,30956805,https://pubmed.ncbi.nlm.nih.gov/30956805/,Lungs,false
PubMed,30976488,https://pubmed.ncbi.nlm.nih.gov/30976488/,Lungs,false
PubMed,31193599,https://pubmed.ncbi.nlm.nih.gov/31193599/,Lungs,false
PubMed,31206023,https://pubmed.ncbi.nlm.nih.gov/31206023/,Lungs,false
PubMed,31298945,https://pubmed.ncbi.nlm.nih.gov/31298945/,Lungs,false
PubMed,31304445,https://pubmed.ncbi.nlm.nih.gov/31304445/,Lungs,false
PubMed,31338289,https://pubmed.ncbi.nlm.nih.gov/31338289/,Lungs,false
PubMed,31351454,https://pubmed.ncbi.nlm.nih.gov/31351454/,Lungs,false
PubMed,31437494,https://pubmed.ncbi.nlm.nih.gov/31437494/,Lungs,false
PubMed,31481657,https://pubmed.ncbi.nlm.nih.gov/31481657/,Lungs,false
PubMed,31509994,https://pubmed.ncbi.nlm.nih.gov/31509994/,Lungs,false
PubMed,31511809,https://pubmed.ncbi.nlm.nih.gov/31511809/,Lungs,false
PubMed,31537703,https://pubmed.ncbi.nlm.nih.gov/31537703/,Lungs,false
PubMed,31557578,https://pubmed.ncbi.nlm.nih.gov/31557578/,Lungs,false
PubMed,31600764,https://pubmed.ncbi.nlm.nih.gov/31600764/,Lungs,false
PubMed,31646766,https://pubmed.ncbi.nlm.nih.gov/31646766/,Lungs,false
PubMed,31774524,https://pubmed.ncbi.nlm.nih.gov/31774524/,Lungs,false
PubMed,31799223,https://pubmed.ncbi.nlm.nih.gov/31799223/,Lungs,false
PubMed,31857382,https://pubmed.ncbi.nlm.nih.gov/31857382/,Lungs,false
PubMed,31861200,https://pubmed.ncbi.nlm.nih.gov/31861200/,Lungs,false
PubMed,31933805,https://pubmed.ncbi.nlm.nih.gov/31933805/,Lungs,false
PubMed,319717,https://pubmed.ncbi.nlm.nih.gov/319717/,Lungs,false
PubMed,32015926,https://pubmed.ncbi.nlm.nih.gov/32015926/,Lungs,false
PubMed,32019074,https://pubmed.ncbi.nlm.nih.gov/32019074/,Lungs,false
PubMed,32027949,https://pubmed.ncbi.nlm.nih.gov/32027949/,Lungs,false
PubMed,32042924,https://pubmed.ncbi.nlm.nih.gov/32042924/,Lungs,false
PubMed,32079671,https://pubmed.ncbi.nlm.nih.gov/32079671/,Lungs,false
PubMed,32182090,https://pubmed.ncbi.nlm.nih.gov/32182090/,Lungs,false
PubMed,32211110,https://pubmed.ncbi.nlm.nih.gov/32211110/,Lungs,false
PubMed,32226050,https://pubmed.ncbi.nlm.nih.gov/32226050/,Lungs,false
PubMed,32285993,https://pubmed.ncbi.nlm.nih.gov/32285993/,Lungs,false
PubMed,32286026,https://pubmed.ncbi.nlm.nih.gov/32286026/,Lungs,false
PubMed,32345986,https://pubmed.ncbi.nlm.nih.gov/32345986/,Lungs,false
PubMed,32416152,https://pubmed.ncbi.nlm.nih.gov/32416152/,Lungs,false
PubMed,32467020,https://pubmed.ncbi.nlm.nih.gov/32467020/,Lungs,false
PubMed,32653338,https://pubmed.ncbi.nlm.nih.gov/32653338/,Lungs,false
PubMed,32655771,https://pubmed.ncbi.nlm.nih.gov/32655771/,Lungs,false
PubMed,32763342,https://pubmed.ncbi.nlm.nih.gov/32763342/,Lungs,false
PubMed,32832534,https://pubmed.ncbi.nlm.nih.gov/32832534/,Lungs,false
PubMed,33336182,https://pubmed.ncbi.nlm.nih.gov/33336182/,Lungs,false
PubMed,3340105,https://pubmed.ncbi.nlm.nih.gov/3340105/,Lungs,false
PubMed,33526116,https://pubmed.ncbi.nlm.nih.gov/33526116/,Lungs,false
PubMed,33995054,https://pubmed.ncbi.nlm.nih.gov/33995054/,Lungs,false
PubMed,34058314,https://pubmed.ncbi.nlm.nih.gov/34058314/,Lungs,false
PubMed,34082108,https://pubmed.ncbi.nlm.nih.gov/34082108/,Lungs,false
PubMed,34321605,https://pubmed.ncbi.nlm.nih.gov/34321605/,Lungs,false
PubMed,34499005,https://pubmed.ncbi.nlm.nih.gov/34499005/,Lungs,false
PubMed,34579787,https://pubmed.ncbi.nlm.nih.gov/34579787/,Lungs,false
PubMed,34648805,https://pubmed.ncbi.nlm.nih.gov/34648805/,Lungs,false
PubMed,34697771,https://pubmed.ncbi.nlm.nih.gov/34697771/,Lungs,false
PubMed,34889611,https://pubmed.ncbi.nlm.nih.gov/34889611/,Lungs,false
PubMed,3492159,https://pubmed.ncbi.nlm.nih.gov/3492159/,Lungs,false
PubMed,3496818,https://pubmed.ncbi.nlm.nih.gov/3496818/,Lungs,false
PubMed,35073503,https://pubmed.ncbi.nlm.nih.gov/35073503/,Lungs,false
PubMed,35103554,https://pubmed.ncbi.nlm.nih.gov/35103554/,Lungs,false
PubMed,35240141,https://pubmed.ncbi.nlm.nih.gov/35240141/,Lungs,false
PubMed,35353170,https://pubmed.ncbi.nlm.nih.gov/35353170/,Lungs,false
PubMed,35383601,https://pubmed.ncbi.nlm.nih.gov/35383601/,Lungs,false
PubMed,35442765,https://pubmed.ncbi.nlm.nih.gov/35442765/,Lungs,false
PubMed,35509440,https://pubmed.ncbi.nlm.nih.gov/35509440/,Lungs,false
PubMed,3551865,https://pubmed.ncbi.nlm.nih.gov/3551865/,Lungs,false
PubMed,35559605,https://pubmed.ncbi.nlm.nih.gov/35559605/,Lungs,false
PubMed,35609784,https://pubmed.ncbi.nlm.nih.gov/35609784/,Lungs,false
PubMed,35664420,https://pubmed.ncbi.nlm.nih.gov/35664420/,Lungs,false
PubMed,35760496,https://pubmed.ncbi.nlm.nih.gov/35760496/,Lungs,false
PubMed,35801872,https://pubmed.ncbi.nlm.nih.gov/35801872/,Lungs,false
PubMed,35822508,https://pubmed.ncbi.nlm.nih.gov/35822508/,Lungs,false
PubMed,35900733,https://pubmed.ncbi.nlm.nih.gov/35900733/,Lungs,false
PubMed,36037897,https://pubmed.ncbi.nlm.nih.gov/36037897/,Lungs,false
PubMed,36115751,https://pubmed.ncbi.nlm.nih.gov/36115751/,Lungs,false
PubMed,36169637,https://pubmed.ncbi.nlm.nih.gov/36169637/,Lungs,false
PubMed,36280335,https://pubmed.ncbi.nlm.nih.gov/36280335/,Lungs,false
PubMed,36283465,https://pubmed.ncbi.nlm.nih.gov/36283465/,Lungs,false
PubMed,36296511,https://pubmed.ncbi.nlm.nih.gov/36296511/,Lungs,false
PubMed,36344209,https://pubmed.ncbi.nlm.nih.gov/36344209/,Lungs,false
PubMed,36372184,https://pubmed.ncbi.nlm.nih.gov/36372184/,Lungs,false
PubMed,36372912,https://pubmed.ncbi.nlm.nih.gov/36372912/,Lungs,false
PubMed,36396957,https://pubmed.ncbi.nlm.nih.gov/36396957/,Lungs,false
PubMed,36412279,https://pubmed.ncbi.nlm.nih.gov/36412279/,Lungs,false
PubMed,36414659,https://pubmed.ncbi.nlm.nih.gov/36414659/,Lungs,false
PubMed,36463179,https://pubmed.ncbi.nlm.nih.gov/36463179/,Lungs,false
PubMed,36467951,https://pubmed.ncbi.nlm.nih.gov/36467951/,Lungs,false
PubMed,36474298,https://pubmed.ncbi.nlm.nih.gov/36474298/,Lungs,false
PubMed,36481259,https://pubmed.ncbi.nlm.nih.gov/36481259/,Lungs,false
PubMed,36508081,https://pubmed.ncbi.nlm.nih.gov/36508081/,Lungs,false
PubMed,36559009,https://pubmed.ncbi.nlm.nih.gov/36559009/,Lungs,false
PubMed,36636876,https://pubmed.ncbi.nlm.nih.gov/36636876/,Lungs,false
PubMed,36682602,https://pubmed.ncbi.nlm.nih.gov/36682602/,Lungs,false
PubMed,36710966,https://pubmed.ncbi.nlm.nih.gov/36710966/,Lungs,false
PubMed,36716352,https://pubmed.ncbi.nlm.nih.gov/36716352/,Lungs,false
PubMed,36786640,https://pubmed.ncbi.nlm.nih.gov/36786640/,Lungs,false
PubMed,36802211,https://pubmed.ncbi.nlm.nih.gov/36802211/,Lungs,false
PubMed,36818264,https://pubmed.ncbi.nlm.nih.gov/36818264/,Lungs,false
PubMed,36823163,https://pubmed.ncbi.nlm.nih.gov/36823163/,Lungs,false
PubMed,36856931,https://pubmed.ncbi.nlm.nih.gov/36856931/,Lungs,false
PubMed,36868647,https://pubmed.ncbi.nlm.nih.gov/36868647/,Lungs,false
PubMed,36895540,https://pubmed.ncbi.nlm.nih.gov/36895540/,Lungs,false
PubMed,36939145,https://pubmed.ncbi.nlm.nih.gov/36939145/,Lungs,false
PubMed,36999736,https://pubmed.ncbi.nlm.nih.gov/36999736/,Lungs,false
PubMed,37047919,https://pubmed.ncbi.nlm.nih.gov/37047919/,Lungs,false
PubMed,37058911,https://pubmed.ncbi.nlm.nih.gov/37058911/,Lungs,false
PubMed,37074668,https://pubmed.ncbi.nlm.nih.gov/37074668/,Lungs,false
PubMed,37087352,https://pubmed.ncbi.nlm.nih.gov/37087352/,Lungs,false
PubMed,37181992,https://pubmed.ncbi.nlm.nih.gov/37181992/,Lungs,false
PubMed,38061443,https://pubmed.ncbi.nlm.nih.gov/38061443/,Lungs,false
PubMed,3873512,https://pubmed.ncbi.nlm.nih.gov/3873512/,Lungs,false
PubMed,4696254,https://pubmed.ncbi.nlm.nih.gov/4696254/,Lungs,false
PubMed,4718513,https://pubmed.ncbi.nlm.nih.gov/4718513/,Lungs,false
PubMed,4816823,https://pubmed.ncbi.nlm.nih.gov/4816823/,Lungs,false
PubMed,5574523,https://pubmed.ncbi.nlm.nih.gov/5574523/,Lungs,false
PubMed,6086435,https://pubmed.ncbi.nlm.nih.gov/6086435/,Lungs,false
PubMed,6149279,https://pubmed.ncbi.nlm.nih.gov/6149279/,Lungs,false
PubMed,6294352,https://pubmed.ncbi.nlm.nih.gov/6294352/,Lungs,false
PubMed,6305545,https://pubmed.ncbi.nlm.nih.gov/6305545/,Lungs,false
PubMed,6314043,https://pubmed.ncbi.nlm.nih.gov/6314043/,Lungs,false
PubMed,656294,https://pubmed.ncbi.nlm.nih.gov/656294/,Lungs,false
PubMed,6690168,https://pubmed.ncbi.nlm.nih.gov/6690168/,Lungs,false
PubMed,6848846,https://pubmed.ncbi.nlm.nih.gov/6848846/,Lungs,false
PubMed,6864971,https://pubmed.ncbi.nlm.nih.gov/6864971/,Lungs,false
PubMed,6865895,https://pubmed.ncbi.nlm.nih.gov/6865895/,Lungs,false
PubMed,7776850,https://pubmed.ncbi.nlm.nih.gov/7776850/,Lungs,false
PubMed,789025,https://pubmed.ncbi.nlm.nih.gov/789025/,Lungs,false
PubMed,7907538,https://pubmed.ncbi.nlm.nih.gov/7907538/,Lungs,false
PubMed,7931115,https://pubmed.ncbi.nlm.nih.gov/7931115/,Lungs,false
PubMed,797044,https://pubmed.ncbi.nlm.nih.gov/797044/,Lungs,false
PubMed,8323633,https://pubmed.ncbi.nlm.nih.gov/8323633/,Lungs,false
PubMed,9001303,https://pubmed.ncbi.nlm.nih.gov/9001303/,Lungs,false
PubMed,9266864,https://pubmed.ncbi.nlm.nih.gov/9266864/,Lungs,false
PubMed,9358987,https://pubmed.ncbi.nlm.nih.gov/9358987/,Lungs,false
PubMed,9408226,https://pubmed.ncbi.nlm.nih.gov/9408226/,Lungs,false
PubMed,9517614,https://pubmed.ncbi.nlm.nih.gov/9517614/,Lungs,false
PubMed,9719080,https://pubmed.ncbi.nlm.nih.gov/9719080/,Lungs,false
PubMed,9754939,https://pubmed.ncbi.nlm.nih.gov/9754939/,Lungs,false
PubMed,9926550,https://pubmed.ncbi.nlm.nih.gov/9926550/,Lungs,false
DOI,10.1002/adaw.33462,https://doi.org/10.1002/adaw.33462,Mental Health & ECS,false
DOI,10.1002/cne.24996,https://doi.org/10.1002/cne.24996,Mental Health & ECS,false
DOI,10.1002/cpu.30572,https://doi.org/10.1002/cpu.30572,Mental Health & ECS,false
DOI,10.1002/jnr.24716,https://doi.org/10.1002/jnr.24716,Mental Health & ECS,false
DOI,10.1002/ptr.7318,https://doi.org/10.1002/ptr.7318,Mental Health & ECS,false
DOI,10.1007/978-3-030-36391-8_12,https://doi.org/10.1007/978-3-030-36391-8_12,Mental Health & ECS,false
DOI,10.1007/978-3-030-67928-6_98-1,https://doi.org/10.1007/978-3-030-67928-6_98-1,Mental Health & ECS,false
DOI,10.1007/978-3-030-78559-8,https://doi.org/10.1007/978-3-030-78559-8,Mental Health & ECS,false
DOI,10.1007/978-3-030-97906-5_16,https://doi.org/10.1007/978-3-030-97906-5_16,Mental Health & ECS,false
DOI,10.1007/978-3-031-04874-6_12,https://doi.org/10.1007/978-3-031-04874-6_12,Mental Health & ECS,false
DOI,10.1007/978-3-031-04874-6_13,https://doi.org/10.1007/978-3-031-04874-6_13,Mental Health & ECS,false
DOI,10.1007/978-3-031-04874-6_3,https://doi.org/10.1007/978-3-031-04874-6_3,Mental Health & ECS,false
DOI,10.1007/978-981-19-7022-1_15,https://doi.org/10.1007/978-981-19-7022-1_15,Mental Health & ECS,false
DOI,10.1007/s00213-021-06029-w,https://doi.org/10.1007/s00213-021-06029-w,Mental Health & ECS,false
DOI,10.1007/s00406-002-0366-5,https://doi.org/10.1007/s00406-002-0366-5,Mental Health & ECS,false
DOI,10.1007/s00406-020-01191-2,https://doi.org/10.1007/s00406-020-01191-2,Mental Health & ECS,false
DOI,10.1007/s11055-020-00966-3,https://doi.org/10.1007/s11055-020-00966-3,Mental Health & ECS,false
DOI,10.1007/s11292-021-09464-z,https://doi.org/10.1007/s11292-021-09464-z,Mental Health & ECS,false
DOI,10.1007/s12031-020-01774-7,https://doi.org/10.1007/s12031-020-01774-7,Mental Health & ECS,false
DOI,10.1007/s40429-020-00342-8,https://doi.org/10.1007/s40429-020-00342-8,Mental Health & ECS,false
DOI,10.1007/s40429-022-00452-5,https://doi.org/10.1007/s40429-022-00452-5,Mental Health & ECS,false
DOI,10.1007/s40429-022-00453-4,https://doi.org/10.1007/s40429-022-00453-4,Mental Health & ECS,false
DOI,10.1007/s40473-021-00243-8,https://doi.org/10.1007/s40473-021-00243-8,Mental Health & ECS,false
DOI,10.1007/s40501-022-00260-8,https://doi.org/10.1007/s40501-022-00260-8,Mental Health & ECS,false
DOI,10.1007/s40501-022-00265-3,https://doi.org/10.1007/s40501-022-00265-3,Mental Health & ECS,false
DOI,10.1007/s42535-021-00308-9,https://doi.org/10.1007/s42535-021-00308-9,Mental Health & ECS,false
DOI,10.1007/s44192-022-00021-2,https://doi.org/10.1007/s44192-022-00021-2,Mental Health & ECS,false
DOI,10.1016/s0735-1097(22)02939-4,https://doi.org/10.1016/s0735-1097(22)02939-4,Mental Health & ECS,false
DOI,10.1021/acs.jmedchem.1c01432,https://doi.org/10.1021/acs.jmedchem.1c01432,Mental Health & ECS,false
DOI,10.1056/nejmoa040603,https://doi.org/10.1056/nejmoa040603,Mental Health & ECS,false
DOI,10.1080/02791072.2013.873843,https://doi.org/10.1080/02791072.2013.873843,Mental Health & ECS,false
DOI,10.1080/10550490802021937,https://doi.org/10.1080/10550490802021937,Mental Health & ECS,false
DOI,10.1080/14659891.2021.1968967,https://doi.org/10.1080/14659891.2021.1968967,Mental Health & ECS,false
DOI,10.1080/14659891.2021.1989510,https://doi.org/10.1080/14659891.2021.1989510,Mental Health & ECS,false
DOI,10.1080/14659891.2021.2006341,https://doi.org/10.1080/14659891.2021.2006341,Mental Health & ECS,false
DOI,10.1080/14659891.2022.2120425,https://doi.org/10.1080/14659891.2022.2120425,Mental Health & ECS,false
DOI,10.1080/15563650.2022.2138761,https://doi.org/10.1080/15563650.2022.2138761,Mental Health & ECS,false
DOI,10.1080/15622975.2022.2039408,https://doi.org/10.1080/15622975.2022.2039408,Mental Health & ECS,false
DOI,10.1080/16066359.2022.2160871,https://doi.org/10.1080/16066359.2022.2160871,Mental Health & ECS,false
DOI,10.1080/17522439.2021.1986123,https://doi.org/10.1080/17522439.2021.1986123,Mental Health & ECS,false
DOI,10.1089/can.2019.0041,https://doi.org/10.1089/can.2019.0041,Mental Health & ECS,false
DOI,10.1089/can.2020.0059,https://doi.org/10.1089/can.2020.0059,Mental Health & ECS,false
DOI,10.1089/can.2020.0076,https://doi.org/10.1089/can.2020.0076,Mental Health & ECS,false
DOI,10.1089/can.2020.0102,https://doi.org/10.1089/can.2020.0102,Mental Health & ECS,false
DOI,10.1089/can.2020.0132,https://doi.org/10.1089/can.2020.0132,Mental Health & ECS,false
DOI,10.1089/can.2020.0158,https://doi.org/10.1089/can.2020.0158,Mental Health & ECS,false
DOI,10.1089/imr.2022.0081,https://doi.org/10.1089/imr.2022.0081,Mental Health & ECS,false
DOI,10.1093/schbul/sbab153,https://doi.org/10.1093/schbul/sbab153,Mental Health & ECS,false
DOI,10.1093/toxres/tfaa021,https://doi.org/10.1093/toxres/tfaa021,Mental Health & ECS,false
DOI,10.1096/fasebj.2021.35.s1.02929,https://doi.org/10.1096/fasebj.2021.35.s1.02929,Mental Health & ECS,false
DOI,10.1096/fasebj.2022.36.s1.r2267,https://doi.org/10.1096/fasebj.2022.36.s1.r2267,Mental Health & ECS,false
DOI,10.1096/fasebj.2022.36.s1.r3142,https://doi.org/10.1096/fasebj.2022.36.s1.r3142,Mental Health & ECS,false
DOI,10.1096/fasebj.2022.36.s1.r3304,https://doi.org/10.1096/fasebj.2022.36.s1.r3304,Mental Health & ECS,false
DOI,10.1096/fasebj.2022.36.s1.r4810,https://doi.org/10.1096/fasebj.2022.36.s1.r4810,Mental Health & ECS,false
DOI,10.1111/adb.12971,https://doi.org/10.1111/adb.12971,Mental Health & ECS,false
DOI,10.1111/adb.13150,https://doi.org/10.1111/adb.13150,Mental Health & ECS,false
DOI,10.1111/bph.15793,https://doi.org/10.1111/bph.15793,Mental Health & ECS,false
DOI,10.1111/ejn.15129,https://doi.org/10.1111/ejn.15129,Mental Health & ECS,false
DOI,10.1111/febs.12260,https://doi.org/10.1111/febs.12260,Mental Health & ECS,false
DOI,10.1161/circ.144.suppl_1.14012,https://doi.org/10.1161/circ.144.suppl_1.14012,Mental Health & ECS,false
DOI,10.1176/appi.ajp.2021.21111134,https://doi.org/10.1176/appi.ajp.2021.21111134,Mental Health & ECS,false
DOI,10.1177/00111287221134488,https://doi.org/10.1177/00111287221134488,Mental Health & ECS,false
DOI,10.1177/00131245221124871,https://doi.org/10.1177/00131245221124871,Mental Health & ECS,false
DOI,10.1177/00220426211049356,https://doi.org/10.1177/00220426211049356,Mental Health & ECS,false
DOI,10.1177/00220426231185504,https://doi.org/10.1177/00220426231185504,Mental Health & ECS,false
DOI,10.1177/20503245221095228,https://doi.org/10.1177/20503245221095228,Mental Health & ECS,false
DOI,10.1177/24705470211011075,https://doi.org/10.1177/24705470211011075,Mental Health & ECS,false
DOI,10.1177/24705470221107290,https://doi.org/10.1177/24705470221107290,Mental Health & ECS,false
DOI,10.1177/87551225231180796,https://doi.org/10.1177/87551225231180796,Mental Health & ECS,false
DOI,10.1186/s13256-020-02478-7,https://doi.org/10.1186/s13256-020-02478-7,Mental Health & ECS,false
DOI,10.1186/s42238-019-0012-y,https://doi.org/10.1186/s42238-019-0012-y,Mental Health & ECS,false
DOI,10.1186/s42238-020-00055-9,https://doi.org/10.1186/s42238-020-00055-9,Mental Health & ECS,false
DOI,10.1186/s42238-021-00102-z,https://doi.org/10.1186/s42238-021-00102-z,Mental Health & ECS,false
DOI,10.1186/s43045-022-00173-5,https://doi.org/10.1186/s43045-022-00173-5,Mental Health & ECS,false
DOI,10.12968/bjnn.2022.18.5.232,https://doi.org/10.12968/bjnn.2022.18.5.232,Mental Health & ECS,false
DOI,10.1371/journal.pmed.0020392,https://doi.org/10.1371/journal.pmed.0020392,Mental Health & ECS,false
DOI,10.1371/journal.pone.0093771,https://doi.org/10.1371/journal.pone.0093771,Mental Health & ECS,false
DOI,10.1371/journal.pone.0263583,https://doi.org/10.1371/journal.pone.0263583,Mental Health & ECS,false
DOI,10.3138/jmvfh-2019-0028,https://doi.org/10.3138/jmvfh-2019-0028,Mental Health & ECS,false
DOI,10.3389/fphar.2021.614811,https://doi.org/10.3389/fphar.2021.614811,Mental Health & ECS,false
DOI,10.3389/neuro.09.053.2009,https://doi.org/10.3389/neuro.09.053.2009,Mental Health & ECS,false
DOI,10.3934/neuroscience.2021022,https://doi.org/10.3934/neuroscience.2021022,Mental Health & ECS,false
PMC,PMC2442437,https://www.ncbi.nlm.nih.gov/pmc/articles/PMC2442437/,Mental Health & ECS,false
PMC,PMC2697769,https://www.ncbi.nlm.nih.gov/pmc/articles/PMC2697769/,Mental Health & ECS,false
PMC,PMC2823358,https://www.ncbi.nlm.nih.gov/pmc/articles/PMC2823358/,Mental Health & ECS,false
PMC,PMC3062638,https://www.ncbi.nlm.nih.gov/pmc/articles/PMC3062638/,Mental Health & ECS,false
PMC,PMC3479587,https://www.ncbi.nlm.nih.gov/pmc/articles/PMC3479587/,Mental Health & ECS,false
PMC,PMC3481526,https://www.ncbi.nlm.nih.gov/pmc/articles/PMC3481526/,Mental Health & ECS,false
PMC,PMC3788575,https://www.ncbi.nlm.nih.gov/pmc/articles/PMC3788575/,Mental Health & ECS,false
PMC,PMC3817535,https://www.ncbi.nlm.nih.gov/pmc/articles/PMC3817535/,Mental Health & ECS,false
PMC,PMC5372283,https://www.ncbi.nlm.nih.gov/pmc/articles/PMC5372283/,Mental Health & ECS,false
PMC,PMC6390812,https://www.ncbi.nlm.nih.gov/pmc/articles/PMC6390812/,Mental Health & ECS,false
PMC,PMC6757237,https://www.ncbi.nlm.nih.gov/pmc/articles/PMC6757237/,Mental Health & ECS,false
PMC,PMC6777788,https://www.ncbi.nlm.nih.gov/pmc/articles/PMC6777788/,Mental Health & ECS,false
PMC,PMC6867758,https://www.ncbi.nlm.nih.gov/pmc/articles/PMC6867758/,Mental Health & ECS,false
PMC,PMC7067149,https://www.ncbi.nlm.nih.gov/pmc/articles/PMC7067149/,Mental Health & ECS,false
PMC,PMC7084484,https://www.ncbi.nlm.nih.gov/pmc/articles/PMC7084484/,Mental Health & ECS,false
PMC,PMC7146100,https://www.ncbi.nlm.nih.gov/pmc/articles/PMC7146100/,Mental Health & ECS,false
PMC,PMC7188370,https://www.ncbi.nlm.nih.gov/pmc/articles/PMC7188370/,Mental Health & ECS,false
PMC,PMC7197485,https://www.ncbi.nlm.nih.gov/pmc/articles/PMC7197485/,Mental Health & ECS,false
PMC,PMC7277553,https://www.ncbi.nlm.nih.gov/pmc/articles/PMC7277553/,Mental Health & ECS,false
PMC,PMC7309674,https://www.ncbi.nlm.nih.gov/pmc/articles/PMC7309674/,Mental Health & ECS,false
PMC,PMC7324885,https://www.ncbi.nlm.nih.gov/pmc/articles/PMC7324885/,Mental Health & ECS,false
PMC,PMC7348598,https://www.ncbi.nlm.nih.gov/pmc/articles/PMC7348598/,Mental Health & ECS,false
PMC,PMC7360849,https://www.ncbi.nlm.nih.gov/pmc/articles/PMC7360849/,Mental Health & ECS,false
PMC,PMC7363401,https://www.ncbi.nlm.nih.gov/pmc/articles/PMC7363401/,Mental Health & ECS,false
PMC,PMC7386570,https://www.ncbi.nlm.nih.gov/pmc/articles/PMC7386570/,Mental Health & ECS,false
PMC,PMC7480724,https://www.ncbi.nlm.nih.gov/pmc/articles/PMC7480724/,Mental Health & ECS,false
PMC,PMC8672965,https://www.ncbi.nlm.nih.gov/pmc/articles/PMC8672965/,Mental Health & ECS,false
PMC,PMC8862599,https://www.ncbi.nlm.nih.gov/pmc/articles/PMC8862599/,Mental Health & ECS,false
PubMed,10837858,https://pubmed.ncbi.nlm.nih.gov/10837858/,Mental Health & ECS,false
PubMed,11203736,https://pubmed.ncbi.nlm.nih.gov/11203736/,Mental Health & ECS,false
PubMed,11978807,https://pubmed.ncbi.nlm.nih.gov/11978807/,Mental Health & ECS,false
PubMed,12052029,https://pubmed.ncbi.nlm.nih.gov/12052029/,Mental Health & ECS,false
PubMed,12111342,https://pubmed.ncbi.nlm.nih.gov/12111342/,Mental Health & ECS,false
PubMed,12405999,https://pubmed.ncbi.nlm.nih.gov/12405999/,Mental Health & ECS,false
PubMed,14604824,https://pubmed.ncbi.nlm.nih.gov/14604824/,Mental Health & ECS,false
PubMed,14616175,https://pubmed.ncbi.nlm.nih.gov/14616175/,Mental Health & ECS,false
PubMed,15138755,https://pubmed.ncbi.nlm.nih.gov/15138755/,Mental Health & ECS,false
PubMed,15158372,https://pubmed.ncbi.nlm.nih.gov/15158372/,Mental Health & ECS,false
PubMed,15514394,https://pubmed.ncbi.nlm.nih.gov/15514394/,Mental Health & ECS,true
PubMed,15525997,https://pubmed.ncbi.nlm.nih.gov/15525997/,Mental Health & ECS,false
PubMed,15567426,https://pubmed.ncbi.nlm.nih.gov/15567426/,Mental Health & ECS,false
PubMed,15888515,https://pubmed.ncbi.nlm.nih.gov/15888515/,Mental Health & ECS,false
PubMed,16052245,https://pubmed.ncbi.nlm.nih.gov/16052245/,Mental Health & ECS,false
PubMed,16224541,https://pubmed.ncbi.nlm.nih.gov/16224541/,Mental Health & ECS,false
PubMed,16401651,https://pubmed.ncbi.nlm.nih.gov/16401651/,Mental Health & ECS,false
PubMed,16406104,https://pubmed.ncbi.nlm.nih.gov/16406104/,Mental Health & ECS,false
PubMed,16483675,https://pubmed.ncbi.nlm.nih.gov/16483675/,Mental Health & ECS,false
PubMed,16596784,https://pubmed.ncbi.nlm.nih.gov/16596784/,Mental Health & ECS,false
PubMed,16612464,https://pubmed.ncbi.nlm.nih.gov/16612464/,Mental Health & ECS,false
PubMed,16780966,https://pubmed.ncbi.nlm.nih.gov/16780966/,Mental Health & ECS,false
PubMed,1678894,https://pubmed.ncbi.nlm.nih.gov/1678894/,Mental Health & ECS,false
PubMed,16876926,https://pubmed.ncbi.nlm.nih.gov/16876926/,Mental Health & ECS,false
PubMed,17224719,https://pubmed.ncbi.nlm.nih.gov/17224719/,Mental Health & ECS,false
PubMed,17879702,https://pubmed.ncbi.nlm.nih.gov/17879702/,Mental Health & ECS,false
PubMed,17945507,https://pubmed.ncbi.nlm.nih.gov/17945507/,Mental Health & ECS,false
PubMed,18058088,https://pubmed.ncbi.nlm.nih.gov/18058088/,Mental Health & ECS,false
PubMed,18378995,https://pubmed.ncbi.nlm.nih.gov/18378995/,Mental Health & ECS,false
PubMed,18433869,https://pubmed.ncbi.nlm.nih.gov/18433869/,Mental Health & ECS,false
PubMed,18446323,https://pubmed.ncbi.nlm.nih.gov/18446323/,Mental Health & ECS,false
PubMed,18544469,https://pubmed.ncbi.nlm.nih.gov/18544469/,Mental Health & ECS,false
PubMed,18655899,https://pubmed.ncbi.nlm.nih.gov/18655899/,Mental Health & ECS,false
PubMed,18801823,https://pubmed.ncbi.nlm.nih.gov/18801823/,Mental Health & ECS,false
PubMed,19124693,https://pubmed.ncbi.nlm.nih.gov/19124693/,Mental Health & ECS,false
PubMed,19145562,https://pubmed.ncbi.nlm.nih.gov/19145562/,Mental Health & ECS,false
PubMed,19167098,https://pubmed.ncbi.nlm.nih.gov/19167098/,Mental Health & ECS,false
PubMed,19224107,https://pubmed.ncbi.nlm.nih.gov/19224107/,Mental Health & ECS,false
PubMed,19349314,https://pubmed.ncbi.nlm.nih.gov/19349314/,Mental Health & ECS,true
PubMed,19440079,https://pubmed.ncbi.nlm.nih.gov/19440079/,Mental Health & ECS,false
PubMed,19442178,https://pubmed.ncbi.nlm.nih.gov/19442178/,Mental Health & ECS,false
PubMed,19607961,https://pubmed.ncbi.nlm.nih.gov/19607961/,Mental Health & ECS,false
PubMed,19616342,https://pubmed.ncbi.nlm.nih.gov/19616342/,Mental Health & ECS,false
PubMed,19693792,https://pubmed.ncbi.nlm.nih.gov/19693792/,Mental Health & ECS,false
PubMed,1969666,https://pubmed.ncbi.nlm.nih.gov/1969666/,Mental Health & ECS,false
PubMed,19732971,https://pubmed.ncbi.nlm.nih.gov/19732971/,Mental Health & ECS,false
PubMed,19775500,https://pubmed.ncbi.nlm.nih.gov/19775500/,Mental Health & ECS,false
PubMed,19785914,https://pubmed.ncbi.nlm.nih.gov/19785914/,Mental Health & ECS,false
PubMed,19800921,https://pubmed.ncbi.nlm.nih.gov/19800921/,Mental Health & ECS,false
PubMed,19839936,https://pubmed.ncbi.nlm.nih.gov/19839936/,Mental Health & ECS,false
PubMed,19903506,https://pubmed.ncbi.nlm.nih.gov/19903506/,Mental Health & ECS,false
PubMed,19924114,https://pubmed.ncbi.nlm.nih.gov/19924114/,Mental Health & ECS,false
PubMed,19929814,https://pubmed.ncbi.nlm.nih.gov/19929814/,Mental Health & ECS,false
PubMed,19940171,https://pubmed.ncbi.nlm.nih.gov/19940171/,Mental Health & ECS,false
PubMed,19956405,https://pubmed.ncbi.nlm.nih.gov/19956405/,Mental Health & ECS,false
PubMed,20218784,https://pubmed.ncbi.nlm.nih.gov/20218784/,Mental Health & ECS,false
PubMed,20332000,https://pubmed.ncbi.nlm.nih.gov/20332000/,Mental Health & ECS,false
PubMed,20339735,https://pubmed.ncbi.nlm.nih.gov/20339735/,Mental Health & ECS,false
PubMed,20457188,https://pubmed.ncbi.nlm.nih.gov/20457188/,Mental Health & ECS,false
PubMed,20512271,https://pubmed.ncbi.nlm.nih.gov/20512271/,Mental Health & ECS,false
PubMed,20695034,https://pubmed.ncbi.nlm.nih.gov/20695034/,Mental Health & ECS,false
PubMed,20829306,https://pubmed.ncbi.nlm.nih.gov/20829306/,Mental Health & ECS,true
PubMed,20884945,https://pubmed.ncbi.nlm.nih.gov/20884945/,Mental Health & ECS,false
PubMed,20884951,https://pubmed.ncbi.nlm.nih.gov/20884951/,Mental Health & ECS,false
PubMed,20945065,https://pubmed.ncbi.nlm.nih.gov/20945065/,Mental Health & ECS,false
PubMed,21062637,https://pubmed.ncbi.nlm.nih.gov/21062637/,Mental Health & ECS,false
PubMed,21068301,https://pubmed.ncbi.nlm.nih.gov/21068301/,Mental Health & ECS,false
PubMed,21091640,https://pubmed.ncbi.nlm.nih.gov/21091640/,Mental Health & ECS,false
PubMed,21104389,https://pubmed.ncbi.nlm.nih.gov/21104389/,Mental Health & ECS,false
PubMed,21111017,https://pubmed.ncbi.nlm.nih.gov/21111017/,Mental Health & ECS,false
PubMed,21145341,https://pubmed.ncbi.nlm.nih.gov/21145341/,Mental Health & ECS,false
PubMed,21148020,https://pubmed.ncbi.nlm.nih.gov/21148020/,Mental Health & ECS,false
PubMed,21150914,https://pubmed.ncbi.nlm.nih.gov/21150914/,Mental Health & ECS,false
PubMed,21307846,https://pubmed.ncbi.nlm.nih.gov/21307846/,Mental Health & ECS,true
PubMed,21458498,https://pubmed.ncbi.nlm.nih.gov/21458498/,Mental Health & ECS,false
PubMed,21592732,https://pubmed.ncbi.nlm.nih.gov/21592732/,Mental Health & ECS,false
PubMed,21663537,https://pubmed.ncbi.nlm.nih.gov/21663537/,Mental Health & ECS,false
PubMed,21684528,https://pubmed.ncbi.nlm.nih.gov/21684528/,Mental Health & ECS,false
PubMed,21693551,https://pubmed.ncbi.nlm.nih.gov/21693551/,Mental Health & ECS,false
PubMed,21771609,https://pubmed.ncbi.nlm.nih.gov/21771609/,Mental Health & ECS,false
PubMed,21796370,https://pubmed.ncbi.nlm.nih.gov/21796370/,Mental Health & ECS,false
PubMed,21827834,https://pubmed.ncbi.nlm.nih.gov/21827834/,Mental Health & ECS,false
PubMed,21849983,https://pubmed.ncbi.nlm.nih.gov/21849983/,Mental Health & ECS,false
PubMed,21870037,https://pubmed.ncbi.nlm.nih.gov/21870037/,Mental Health & ECS,false
PubMed,21884761,https://pubmed.ncbi.nlm.nih.gov/21884761/,Mental Health & ECS,false
PubMed,21916860,https://pubmed.ncbi.nlm.nih.gov/21916860/,Mental Health & ECS,false
PubMed,21918503,https://pubmed.ncbi.nlm.nih.gov/21918503/,Mental Health & ECS,false
PubMed,21940435,https://pubmed.ncbi.nlm.nih.gov/21940435/,Mental Health & ECS,false
PubMed,22007164,https://pubmed.ncbi.nlm.nih.gov/22007164/,Mental Health & ECS,false
PubMed,22015924,https://pubmed.ncbi.nlm.nih.gov/22015924/,Mental Health & ECS,false
PubMed,22123166,https://pubmed.ncbi.nlm.nih.gov/22123166/,Mental Health & ECS,false
PubMed,22155492,https://pubmed.ncbi.nlm.nih.gov/22155492/,Mental Health & ECS,false
PubMed,22213786,https://pubmed.ncbi.nlm.nih.gov/22213786/,Mental Health & ECS,false
PubMed,22214537,https://pubmed.ncbi.nlm.nih.gov/22214537/,Mental Health & ECS,false
PubMed,22233782,https://pubmed.ncbi.nlm.nih.gov/22233782/,Mental Health & ECS,false
PubMed,22290123,https://pubmed.ncbi.nlm.nih.gov/22290123/,Mental Health & ECS,false
PubMed,22290374,https://pubmed.ncbi.nlm.nih.gov/22290374/,Mental Health & ECS,false
PubMed,22386778,https://pubmed.ncbi.nlm.nih.gov/22386778/,Mental Health & ECS,false
PubMed,22495620,https://pubmed.ncbi.nlm.nih.gov/22495620/,Mental Health & ECS,false
PubMed,22549120,https://pubmed.ncbi.nlm.nih.gov/22549120/,Mental Health & ECS,false
PubMed,22595870,https://pubmed.ncbi.nlm.nih.gov/22595870/,Mental Health & ECS,false
PubMed,22640758,https://pubmed.ncbi.nlm.nih.gov/22640758/,Mental Health & ECS,false
PubMed,22688188,https://pubmed.ncbi.nlm.nih.gov/22688188/,Mental Health & ECS,false
PubMed,22716133,https://pubmed.ncbi.nlm.nih.gov/22716133/,Mental Health & ECS,false
PubMed,22716146,https://pubmed.ncbi.nlm.nih.gov/22716146/,Mental Health & ECS,false
PubMed,22716153,https://pubmed.ncbi.nlm.nih.gov/22716153/,Mental Health & ECS,false
PubMed,22716160,https://pubmed.ncbi.nlm.nih.gov/22716160/,Mental Health & ECS,false
PubMed,22729452,https://pubmed.ncbi.nlm.nih.gov/22729452/,Mental Health & ECS,false
PubMed,22736575,https://pubmed.ncbi.nlm.nih.gov/22736575/,Mental Health & ECS,false
PubMed,22739983,https://pubmed.ncbi.nlm.nih.gov/22739983/,Mental Health & ECS,false
PubMed,22796109,https://pubmed.ncbi.nlm.nih.gov/22796109/,Mental Health & ECS,false
PubMed,22804774,https://pubmed.ncbi.nlm.nih.gov/22804774/,Mental Health & ECS,false
PubMed,22832859,https://pubmed.ncbi.nlm.nih.gov/22832859/,Mental Health & ECS,false
PubMed,22979992,https://pubmed.ncbi.nlm.nih.gov/22979992/,Mental Health & ECS,false
PubMed,23007604,https://pubmed.ncbi.nlm.nih.gov/23007604/,Mental Health & ECS,false
PubMed,23041353,https://pubmed.ncbi.nlm.nih.gov/23041353/,Mental Health & ECS,false
PubMed,23042808,https://pubmed.ncbi.nlm.nih.gov/23042808/,Mental Health & ECS,false
PubMed,23095052,https://pubmed.ncbi.nlm.nih.gov/23095052/,Mental Health & ECS,false
PubMed,23100412,https://pubmed.ncbi.nlm.nih.gov/23100412/,Mental Health & ECS,false
PubMed,23103902,https://pubmed.ncbi.nlm.nih.gov/23103902/,Mental Health & ECS,false
PubMed,23108553,https://pubmed.ncbi.nlm.nih.gov/23108553/,Mental Health & ECS,false
PubMed,23109356,https://pubmed.ncbi.nlm.nih.gov/23109356/,Mental Health & ECS,false
PubMed,23178193,https://pubmed.ncbi.nlm.nih.gov/23178193/,Mental Health & ECS,false
PubMed,23261685,https://pubmed.ncbi.nlm.nih.gov/23261685/,Mental Health & ECS,false
PubMed,23298518,https://pubmed.ncbi.nlm.nih.gov/23298518/,Mental Health & ECS,false
PubMed,23307069,https://pubmed.ncbi.nlm.nih.gov/23307069/,Mental Health & ECS,false
PubMed,23319626,https://pubmed.ncbi.nlm.nih.gov/23319626/,Mental Health & ECS,false
PubMed,23426383,https://pubmed.ncbi.nlm.nih.gov/23426383/,Mental Health & ECS,false
PubMed,23550724,https://pubmed.ncbi.nlm.nih.gov/23550724/,Mental Health & ECS,false
PubMed,23551849,https://pubmed.ncbi.nlm.nih.gov/23551849/,Mental Health & ECS,false
PubMed,23563893,https://pubmed.ncbi.nlm.nih.gov/23563893/,Mental Health & ECS,false
PubMed,23583622,https://pubmed.ncbi.nlm.nih.gov/23583622/,Mental Health & ECS,false
PubMed,23685330,https://pubmed.ncbi.nlm.nih.gov/23685330/,Mental Health & ECS,false
PubMed,23822951,https://pubmed.ncbi.nlm.nih.gov/23822951/,Mental Health & ECS,false
PubMed,23829364,https://pubmed.ncbi.nlm.nih.gov/23829364/,Mental Health & ECS,false
PubMed,23829366,https://pubmed.ncbi.nlm.nih.gov/23829366/,Mental Health & ECS,false
PubMed,23906663,https://pubmed.ncbi.nlm.nih.gov/23906663/,Mental Health & ECS,false
PubMed,23912944,https://pubmed.ncbi.nlm.nih.gov/23912944/,Mental Health & ECS,false
PubMed,23916480,https://pubmed.ncbi.nlm.nih.gov/23916480/,Mental Health & ECS,false
PubMed,23926240,https://pubmed.ncbi.nlm.nih.gov/23926240/,Mental Health & ECS,false
PubMed,23928295,https://pubmed.ncbi.nlm.nih.gov/23928295/,Mental Health & ECS,false
PubMed,23954749,https://pubmed.ncbi.nlm.nih.gov/23954749/,Mental Health & ECS,false
PubMed,23992650,https://pubmed.ncbi.nlm.nih.gov/23992650/,Mental Health & ECS,false
PubMed,24012796,https://pubmed.ncbi.nlm.nih.gov/24012796/,Mental Health & ECS,false
PubMed,24035186,https://pubmed.ncbi.nlm.nih.gov/24035186/,Mental Health & ECS,false
PubMed,24055595,https://pubmed.ncbi.nlm.nih.gov/24055595/,Mental Health & ECS,false
PubMed,24069004,https://pubmed.ncbi.nlm.nih.gov/24069004/,Mental Health & ECS,false
PubMed,24093525,https://pubmed.ncbi.nlm.nih.gov/24093525/,Mental Health & ECS,false
PubMed,24118015,https://pubmed.ncbi.nlm.nih.gov/24118015/,Mental Health & ECS,false
PubMed,24121737,https://pubmed.ncbi.nlm.nih.gov/24121737/,Mental Health & ECS,false
PubMed,24125890,https://pubmed.ncbi.nlm.nih.gov/24125890/,Mental Health & ECS,false
PubMed,24141570,https://pubmed.ncbi.nlm.nih.gov/24141570/,Mental Health & ECS,false
PubMed,24180398,https://pubmed.ncbi.nlm.nih.gov/24180398/,Mental Health & ECS,false
PubMed,24253425,https://pubmed.ncbi.nlm.nih.gov/24253425/,Mental Health & ECS,false
PubMed,24267894,https://pubmed.ncbi.nlm.nih.gov/24267894/,Mental Health & ECS,false
PubMed,24309013,https://pubmed.ncbi.nlm.nih.gov/24309013/,Mental Health & ECS,false
PubMed,24309088,https://pubmed.ncbi.nlm.nih.gov/24309088/,Mental Health & ECS,false
PubMed,24316201,https://pubmed.ncbi.nlm.nih.gov/24316201/,Mental Health & ECS,false
PubMed,24321837,https://pubmed.ncbi.nlm.nih.gov/24321837/,Mental Health & ECS,false
PubMed,24382324,https://pubmed.ncbi.nlm.nih.gov/24382324/,Mental Health & ECS,false
PubMed,24412475,https://pubmed.ncbi.nlm.nih.gov/24412475/,Mental Health & ECS,false
PubMed,24432945,https://pubmed.ncbi.nlm.nih.gov/24432945/,Mental Health & ECS,false
PubMed,24479995,https://pubmed.ncbi.nlm.nih.gov/24479995/,Mental Health & ECS,false
PubMed,24509089,https://pubmed.ncbi.nlm.nih.gov/24509089/,Mental Health & ECS,false
PubMed,24518289,https://pubmed.ncbi.nlm.nih.gov/24518289/,Mental Health & ECS,false
PubMed,24577206,https://pubmed.ncbi.nlm.nih.gov/24577206/,Mental Health & ECS,false
PubMed,24582908,https://pubmed.ncbi.nlm.nih.gov/24582908/,Mental Health & ECS,false
PubMed,24589297,https://pubmed.ncbi.nlm.nih.gov/24589297/,Mental Health & ECS,false
PubMed,24598271,https://pubmed.ncbi.nlm.nih.gov/24598271/,Mental Health & ECS,false
PubMed,24605939,https://pubmed.ncbi.nlm.nih.gov/24605939/,Mental Health & ECS,false
PubMed,24628830,https://pubmed.ncbi.nlm.nih.gov/24628830/,Mental Health & ECS,false
PubMed,24648785,https://pubmed.ncbi.nlm.nih.gov/24648785/,Mental Health & ECS,false
PubMed,24652522,https://pubmed.ncbi.nlm.nih.gov/24652522/,Mental Health & ECS,false
PubMed,24747871,https://pubmed.ncbi.nlm.nih.gov/24747871/,Mental Health & ECS,false
PubMed,24820537,https://pubmed.ncbi.nlm.nih.gov/24820537/,Mental Health & ECS,false
PubMed,24837058,https://pubmed.ncbi.nlm.nih.gov/24837058/,Mental Health & ECS,false
PubMed,24897957,https://pubmed.ncbi.nlm.nih.gov/24897957/,Mental Health & ECS,false
PubMed,24904437,https://pubmed.ncbi.nlm.nih.gov/24904437/,Mental Health & ECS,false
PubMed,24923339,https://pubmed.ncbi.nlm.nih.gov/24923339/,Mental Health & ECS,false
PubMed,24930711,https://pubmed.ncbi.nlm.nih.gov/24930711/,Mental Health & ECS,false
PubMed,24935052,https://pubmed.ncbi.nlm.nih.gov/24935052/,Mental Health & ECS,false
PubMed,24957864,https://pubmed.ncbi.nlm.nih.gov/24957864/,Mental Health & ECS,false
PubMed,24990397,https://pubmed.ncbi.nlm.nih.gov/24990397/,Mental Health & ECS,false
PubMed,24998257,https://pubmed.ncbi.nlm.nih.gov/24998257/,Mental Health & ECS,false
PubMed,25131612,https://pubmed.ncbi.nlm.nih.gov/25131612/,Mental Health & ECS,false
PubMed,25249057,https://pubmed.ncbi.nlm.nih.gov/25249057/,Mental Health & ECS,false
PubMed,25340977,https://pubmed.ncbi.nlm.nih.gov/25340977/,Mental Health & ECS,false
PubMed,25363799,https://pubmed.ncbi.nlm.nih.gov/25363799/,Mental Health & ECS,false
PubMed,25446673,https://pubmed.ncbi.nlm.nih.gov/25446673/,Mental Health & ECS,false
PubMed,25448242,https://pubmed.ncbi.nlm.nih.gov/25448242/,Mental Health & ECS,false
PubMed,25455257,https://pubmed.ncbi.nlm.nih.gov/25455257/,Mental Health & ECS,false
PubMed,25456347,https://pubmed.ncbi.nlm.nih.gov/25456347/,Mental Health & ECS,false
PubMed,25467221,https://pubmed.ncbi.nlm.nih.gov/25467221/,Mental Health & ECS,false
PubMed,25479915,https://pubmed.ncbi.nlm.nih.gov/25479915/,Mental Health & ECS,false
PubMed,25522382,https://pubmed.ncbi.nlm.nih.gov/25522382/,Mental Health & ECS,false
PubMed,25534187,https://pubmed.ncbi.nlm.nih.gov/25534187/,Mental Health & ECS,false
PubMed,25560837,https://pubmed.ncbi.nlm.nih.gov/25560837/,Mental Health & ECS,false
PubMed,25618402,https://pubmed.ncbi.nlm.nih.gov/25618402/,Mental Health & ECS,false
PubMed,25667194,https://pubmed.ncbi.nlm.nih.gov/25667194/,Mental Health & ECS,false
PubMed,25680767,https://pubmed.ncbi.nlm.nih.gov/25680767/,Mental Health & ECS,false
PubMed,25701682,https://pubmed.ncbi.nlm.nih.gov/25701682/,Mental Health & ECS,false
PubMed,25738578,https://pubmed.ncbi.nlm.nih.gov/25738578/,Mental Health & ECS,false
PubMed,25799920,https://pubmed.ncbi.nlm.nih.gov/25799920/,Mental Health & ECS,false
PubMed,25841876,https://pubmed.ncbi.nlm.nih.gov/25841876/,Mental Health & ECS,false
PubMed,25943166,https://pubmed.ncbi.nlm.nih.gov/25943166/,Mental Health & ECS,false
PubMed,26056464,https://pubmed.ncbi.nlm.nih.gov/26056464/,Mental Health & ECS,false
PubMed,26068727,https://pubmed.ncbi.nlm.nih.gov/26068727/,Mental Health & ECS,false
PubMed,26187374,https://pubmed.ncbi.nlm.nih.gov/26187374/,Mental Health & ECS,false
PubMed,26187456,https://pubmed.ncbi.nlm.nih.gov/26187456/,Mental Health & ECS,false
PubMed,26195653,https://pubmed.ncbi.nlm.nih.gov/26195653/,Mental Health & ECS,false
PubMed,26210060,https://pubmed.ncbi.nlm.nih.gov/26210060/,Mental Health & ECS,false
PubMed,26216231,https://pubmed.ncbi.nlm.nih.gov/26216231/,Mental Health & ECS,false
PubMed,26260081,https://pubmed.ncbi.nlm.nih.gov/26260081/,Mental Health & ECS,false
PubMed,26269227,https://pubmed.ncbi.nlm.nih.gov/26269227/,Mental Health & ECS,false
PubMed,26277044,https://pubmed.ncbi.nlm.nih.gov/26277044/,Mental Health & ECS,false
PubMed,26311150,https://pubmed.ncbi.nlm.nih.gov/26311150/,Mental Health & ECS,false
PubMed,26341731,https://pubmed.ncbi.nlm.nih.gov/26341731/,Mental Health & ECS,false
PubMed,26350340,https://pubmed.ncbi.nlm.nih.gov/26350340/,Mental Health & ECS,false
PubMed,26360704,https://pubmed.ncbi.nlm.nih.gov/26360704/,Mental Health & ECS,false
PubMed,26361059,https://pubmed.ncbi.nlm.nih.gov/26361059/,Mental Health & ECS,false
PubMed,26362774,https://pubmed.ncbi.nlm.nih.gov/26362774/,Mental Health & ECS,false
PubMed,26363193,https://pubmed.ncbi.nlm.nih.gov/26363193/,Mental Health & ECS,false
PubMed,26408164,https://pubmed.ncbi.nlm.nih.gov/26408164/,Mental Health & ECS,false
PubMed,26419643,https://pubmed.ncbi.nlm.nih.gov/26419643/,Mental Health & ECS,false
PubMed,26426887,https://pubmed.ncbi.nlm.nih.gov/26426887/,Mental Health & ECS,false
PubMed,26429726,https://pubmed.ncbi.nlm.nih.gov/26429726/,Mental Health & ECS,false
PubMed,26455361,https://pubmed.ncbi.nlm.nih.gov/26455361/,Mental Health & ECS,false
PubMed,26483037,https://pubmed.ncbi.nlm.nih.gov/26483037/,Mental Health & ECS,false
PubMed,26504214,https://pubmed.ncbi.nlm.nih.gov/26504214/,Mental Health & ECS,false
PubMed,26510449,https://pubmed.ncbi.nlm.nih.gov/26510449/,Mental Health & ECS,false
PubMed,26514583,https://pubmed.ncbi.nlm.nih.gov/26514583/,Mental Health & ECS,false
PubMed,26560802,https://pubmed.ncbi.nlm.nih.gov/26560802/,Mental Health & ECS,false
PubMed,26656766,https://pubmed.ncbi.nlm.nih.gov/26656766/,Mental Health & ECS,false
PubMed,26670601,https://pubmed.ncbi.nlm.nih.gov/26670601/,Mental Health & ECS,false
PubMed,26682958,https://pubmed.ncbi.nlm.nih.gov/26682958/,Mental Health & ECS,false
PubMed,26711860,https://pubmed.ncbi.nlm.nih.gov/26711860/,Mental Health & ECS,false
PubMed,26768595,https://pubmed.ncbi.nlm.nih.gov/26768595/,Mental Health & ECS,false
PubMed,26801828,https://pubmed.ncbi.nlm.nih.gov/26801828/,Mental Health & ECS,false
PubMed,26858214,https://pubmed.ncbi.nlm.nih.gov/26858214/,Mental Health & ECS,false
PubMed,26858686,https://pubmed.ncbi.nlm.nih.gov/26858686/,Mental Health & ECS,false
PubMed,27010632,https://pubmed.ncbi.nlm.nih.gov/27010632/,Mental Health & ECS,false
PubMed,27023732,https://pubmed.ncbi.nlm.nih.gov/27023732/,Mental Health & ECS,false
PubMed,27131780,https://pubmed.ncbi.nlm.nih.gov/27131780/,Mental Health & ECS,false
PubMed,27147666,https://pubmed.ncbi.nlm.nih.gov/27147666/,Mental Health & ECS,false
PubMed,27157263,https://pubmed.ncbi.nlm.nih.gov/27157263/,Mental Health & ECS,false
PubMed,27230434,https://pubmed.ncbi.nlm.nih.gov/27230434/,Mental Health & ECS,false
PubMed,27234658,https://pubmed.ncbi.nlm.nih.gov/27234658/,Mental Health & ECS,false
PubMed,27238866,https://pubmed.ncbi.nlm.nih.gov/27238866/,Mental Health & ECS,false
PubMed,27267317,https://pubmed.ncbi.nlm.nih.gov/27267317/,Mental Health & ECS,false
PubMed,27296152,https://pubmed.ncbi.nlm.nih.gov/27296152/,Mental Health & ECS,false
PubMed,27374322,https://pubmed.ncbi.nlm.nih.gov/27374322/,Mental Health & ECS,false
PubMed,27452462,https://pubmed.ncbi.nlm.nih.gov/27452462/,Mental Health & ECS,false
PubMed,27456243,https://pubmed.ncbi.nlm.nih.gov/27456243/,Mental Health & ECS,false
PubMed,27511017,https://pubmed.ncbi.nlm.nih.gov/27511017/,Mental Health & ECS,false
PubMed,27551883,https://pubmed.ncbi.nlm.nih.gov/27551883/,Mental Health & ECS,false
PubMed,27667973,https://pubmed.ncbi.nlm.nih.gov/27667973/,Mental Health & ECS,false
PubMed,27754480,https://pubmed.ncbi.nlm.nih.gov/27754480/,Mental Health & ECS,false
PubMed,27877130,https://pubmed.ncbi.nlm.nih.gov/27877130/,Mental Health & ECS,false
PubMed,27884751,https://pubmed.ncbi.nlm.nih.gov/27884751/,Mental Health & ECS,false
PubMed,27899885,https://pubmed.ncbi.nlm.nih.gov/27899885/,Mental Health & ECS,false
PubMed,27932983,https://pubmed.ncbi.nlm.nih.gov/27932983/,Mental Health & ECS,false
PubMed,28112021,https://pubmed.ncbi.nlm.nih.gov/28112021/,Mental Health & ECS,false
PubMed,28161196,https://pubmed.ncbi.nlm.nih.gov/28161196/,Mental Health & ECS,false
PubMed,28162799,https://pubmed.ncbi.nlm.nih.gov/28162799/,Mental Health & ECS,false
PubMed,28185872,https://pubmed.ncbi.nlm.nih.gov/28185872/,Mental Health & ECS,false
PubMed,28194850,https://pubmed.ncbi.nlm.nih.gov/28194850/,Mental Health & ECS,false
PubMed,28230072,https://pubmed.ncbi.nlm.nih.gov/28230072/,Mental Health & ECS,false
PubMed,28240187,https://pubmed.ncbi.nlm.nih.gov/28240187/,Mental Health & ECS,false
PubMed,28245077,https://pubmed.ncbi.nlm.nih.gov/28245077/,Mental Health & ECS,false
PubMed,28268256,https://pubmed.ncbi.nlm.nih.gov/28268256/,Mental Health & ECS,false
PubMed,28342110,https://pubmed.ncbi.nlm.nih.gov/28342110/,Mental Health & ECS,false
PubMed,28342763,https://pubmed.ncbi.nlm.nih.gov/28342763/,Mental Health & ECS,false
PubMed,28344069,https://pubmed.ncbi.nlm.nih.gov/28344069/,Mental Health & ECS,false
PubMed,28348378,https://pubmed.ncbi.nlm.nih.gov/28348378/,Mental Health & ECS,false
PubMed,28424834,https://pubmed.ncbi.nlm.nih.gov/28424834/,Mental Health & ECS,false
PubMed,28434588,https://pubmed.ncbi.nlm.nih.gov/28434588/,Mental Health & ECS,false
PubMed,28576350,https://pubmed.ncbi.nlm.nih.gov/28576350/,Mental Health & ECS,false
PubMed,28580227,https://pubmed.ncbi.nlm.nih.gov/28580227/,Mental Health & ECS,false
PubMed,28588483,https://pubmed.ncbi.nlm.nih.gov/28588483/,Mental Health & ECS,false
PubMed,28599212,https://pubmed.ncbi.nlm.nih.gov/28599212/,Mental Health & ECS,true
PubMed,28636769,https://pubmed.ncbi.nlm.nih.gov/28636769/,Mental Health & ECS,false
PubMed,28641496,https://pubmed.ncbi.nlm.nih.gov/28641496/,Mental Health & ECS,false
PubMed,28642081,https://pubmed.ncbi.nlm.nih.gov/28642081/,Mental Health & ECS,false
PubMed,28671614,https://pubmed.ncbi.nlm.nih.gov/28671614/,Mental Health & ECS,false
PubMed,28680405,https://pubmed.ncbi.nlm.nih.gov/28680405/,Mental Health & ECS,false
PubMed,28729064,https://pubmed.ncbi.nlm.nih.gov/28729064/,Mental Health & ECS,false
PubMed,28745306,https://pubmed.ncbi.nlm.nih.gov/28745306/,Mental Health & ECS,false
PubMed,28754373,https://pubmed.ncbi.nlm.nih.gov/28754373/,Mental Health & ECS,false
PubMed,28764155,https://pubmed.ncbi.nlm.nih.gov/28764155/,Mental Health & ECS,false
PubMed,28861510,https://pubmed.ncbi.nlm.nih.gov/28861510/,Mental Health & ECS,false
PubMed,28870635,https://pubmed.ncbi.nlm.nih.gov/28870635/,Mental Health & ECS,false
PubMed,28880200,https://pubmed.ncbi.nlm.nih.gov/28880200/,Mental Health & ECS,false
PubMed,29063964,https://pubmed.ncbi.nlm.nih.gov/29063964/,Mental Health & ECS,false
PubMed,29065362,https://pubmed.ncbi.nlm.nih.gov/29065362/,Mental Health & ECS,false
PubMed,29083450,https://pubmed.ncbi.nlm.nih.gov/29083450/,Mental Health & ECS,false
PubMed,29169961,https://pubmed.ncbi.nlm.nih.gov/29169961/,Mental Health & ECS,false
PubMed,29241357,https://pubmed.ncbi.nlm.nih.gov/29241357/,Mental Health & ECS,false
PubMed,29249810,https://pubmed.ncbi.nlm.nih.gov/29249810/,Mental Health & ECS,false
PubMed,29286537,https://pubmed.ncbi.nlm.nih.gov/29286537/,Mental Health & ECS,false
PubMed,29392440,https://pubmed.ncbi.nlm.nih.gov/29392440/,Mental Health & ECS,false
PubMed,29510186,https://pubmed.ncbi.nlm.nih.gov/29510186/,Mental Health & ECS,false
PubMed,29607408,https://pubmed.ncbi.nlm.nih.gov/29607408/,Mental Health & ECS,false
PubMed,29619533,https://pubmed.ncbi.nlm.nih.gov/29619533/,Mental Health & ECS,false
PubMed,29624642,https://pubmed.ncbi.nlm.nih.gov/29624642/,Mental Health & ECS,false
PubMed,29678279,https://pubmed.ncbi.nlm.nih.gov/29678279/,Mental Health & ECS,false
PubMed,29682609,https://pubmed.ncbi.nlm.nih.gov/29682609/,Mental Health & ECS,false
PubMed,29686308,https://pubmed.ncbi.nlm.nih.gov/29686308/,Mental Health & ECS,false
PubMed,29714034,https://pubmed.ncbi.nlm.nih.gov/29714034/,Mental Health & ECS,false
PubMed,29765102,https://pubmed.ncbi.nlm.nih.gov/29765102/,Mental Health & ECS,false
PubMed,29789034,https://pubmed.ncbi.nlm.nih.gov/29789034/,Mental Health & ECS,false
PubMed,29794254,https://pubmed.ncbi.nlm.nih.gov/29794254/,Mental Health & ECS,false
PubMed,29859012,https://pubmed.ncbi.nlm.nih.gov/29859012/,Mental Health & ECS,false
PubMed,29860002,https://pubmed.ncbi.nlm.nih.gov/29860002/,Mental Health & ECS,false
PubMed,29869197,https://pubmed.ncbi.nlm.nih.gov/29869197/,Mental Health & ECS,false
PubMed,29884456,https://pubmed.ncbi.nlm.nih.gov/29884456/,Mental Health & ECS,false
PubMed,29885468,https://pubmed.ncbi.nlm.nih.gov/29885468/,Mental Health & ECS,false
PubMed,29887287,https://pubmed.ncbi.nlm.nih.gov/29887287/,Mental Health & ECS,false
PubMed,30017748,https://pubmed.ncbi.nlm.nih.gov/30017748/,Mental Health & ECS,false
PubMed,30026022,https://pubmed.ncbi.nlm.nih.gov/30026022/,Mental Health & ECS,false
PubMed,30036537,https://pubmed.ncbi.nlm.nih.gov/30036537/,Mental Health & ECS,false
PubMed,30070429,https://pubmed.ncbi.nlm.nih.gov/30070429/,Mental Health & ECS,false
PubMed,30087591,https://pubmed.ncbi.nlm.nih.gov/30087591/,Mental Health & ECS,false
PubMed,30096776,https://pubmed.ncbi.nlm.nih.gov/30096776/,Mental Health & ECS,false
PubMed,30131663,https://pubmed.ncbi.nlm.nih.gov/30131663/,Mental Health & ECS,false
PubMed,30157131,https://pubmed.ncbi.nlm.nih.gov/30157131/,Mental Health & ECS,false
PubMed,30166624,https://pubmed.ncbi.nlm.nih.gov/30166624/,Mental Health & ECS,false
PubMed,30167644,https://pubmed.ncbi.nlm.nih.gov/30167644/,Mental Health & ECS,false
PubMed,30171992,https://pubmed.ncbi.nlm.nih.gov/30171992/,Mental Health & ECS,false
PubMed,30185793,https://pubmed.ncbi.nlm.nih.gov/30185793/,Mental Health & ECS,false
PubMed,30186164,https://pubmed.ncbi.nlm.nih.gov/30186164/,Mental Health & ECS,false
PubMed,30221197,https://pubmed.ncbi.nlm.nih.gov/30221197/,Mental Health & ECS,false
PubMed,30273593,https://pubmed.ncbi.nlm.nih.gov/30273593/,Mental Health & ECS,false
PubMed,30279403,https://pubmed.ncbi.nlm.nih.gov/30279403/,Mental Health & ECS,false
PubMed,30290188,https://pubmed.ncbi.nlm.nih.gov/30290188/,Mental Health & ECS,false
PubMed,30291940,https://pubmed.ncbi.nlm.nih.gov/30291940/,Mental Health & ECS,false
PubMed,30328956,https://pubmed.ncbi.nlm.nih.gov/30328956/,Mental Health & ECS,false
PubMed,30382443,https://pubmed.ncbi.nlm.nih.gov/30382443/,Mental Health & ECS,false
PubMed,30390064,https://pubmed.ncbi.nlm.nih.gov/30390064/,Mental Health & ECS,false
PubMed,30515077,https://pubmed.ncbi.nlm.nih.gov/30515077/,Mental Health & ECS,false
PubMed,30543451,https://pubmed.ncbi.nlm.nih.gov/30543451/,Mental Health & ECS,false
PubMed,30564886,https://pubmed.ncbi.nlm.nih.gov/30564886/,Mental Health & ECS,false
PubMed,30571957,https://pubmed.ncbi.nlm.nih.gov/30571957/,Mental Health & ECS,false
PubMed,30604182,https://pubmed.ncbi.nlm.nih.gov/30604182/,Mental Health & ECS,false
PubMed,30624194,https://pubmed.ncbi.nlm.nih.gov/30624194/,Mental Health & ECS,false
PubMed,30635160,https://pubmed.ncbi.nlm.nih.gov/30635160/,Mental Health & ECS,false
PubMed,30687090,https://pubmed.ncbi.nlm.nih.gov/30687090/,Mental Health & ECS,false
PubMed,30698831,https://pubmed.ncbi.nlm.nih.gov/30698831/,Mental Health & ECS,false
PubMed,30716357,https://pubmed.ncbi.nlm.nih.gov/30716357/,Mental Health & ECS,false
PubMed,30728928,https://pubmed.ncbi.nlm.nih.gov/30728928/,Mental Health & ECS,false
PubMed,30758329,https://pubmed.ncbi.nlm.nih.gov/30758329/,Mental Health & ECS,false
PubMed,30760241,https://pubmed.ncbi.nlm.nih.gov/30760241/,Mental Health & ECS,false
PubMed,30793820,https://pubmed.ncbi.nlm.nih.gov/30793820/,Mental Health & ECS,false
PubMed,30854511,https://pubmed.ncbi.nlm.nih.gov/30854511/,Mental Health & ECS,false
PubMed,30880659,https://pubmed.ncbi.nlm.nih.gov/30880659/,Mental Health & ECS,false
PubMed,30903212,https://pubmed.ncbi.nlm.nih.gov/30903212/,Mental Health & ECS,false
PubMed,30910646,https://pubmed.ncbi.nlm.nih.gov/30910646/,Mental Health & ECS,false
PubMed,30970516,https://pubmed.ncbi.nlm.nih.gov/30970516/,Mental Health & ECS,false
PubMed,30973483,https://pubmed.ncbi.nlm.nih.gov/30973483/,Mental Health & ECS,false
PubMed,30978371,https://pubmed.ncbi.nlm.nih.gov/30978371/,Mental Health & ECS,false
PubMed,31004320,https://pubmed.ncbi.nlm.nih.gov/31004320/,Mental Health & ECS,false
PubMed,31030284,https://pubmed.ncbi.nlm.nih.gov/31030284/,Mental Health & ECS,false
PubMed,31039391,https://pubmed.ncbi.nlm.nih.gov/31039391/,Mental Health & ECS,false
PubMed,31054943,https://pubmed.ncbi.nlm.nih.gov/31054943/,Mental Health & ECS,false
PubMed,31096264,https://pubmed.ncbi.nlm.nih.gov/31096264/,Mental Health & ECS,false
PubMed,31103616,https://pubmed.ncbi.nlm.nih.gov/31103616/,Mental Health & ECS,false
PubMed,31108177,https://pubmed.ncbi.nlm.nih.gov/31108177/,Mental Health & ECS,false
PubMed,31109198,https://pubmed.ncbi.nlm.nih.gov/31109198/,Mental Health & ECS,false
PubMed,31120285,https://pubmed.ncbi.nlm.nih.gov/31120285/,Mental Health & ECS,false
PubMed,31133832,https://pubmed.ncbi.nlm.nih.gov/31133832/,Mental Health & ECS,false
PubMed,31133833,https://pubmed.ncbi.nlm.nih.gov/31133833/,Mental Health & ECS,false
PubMed,31140342,https://pubmed.ncbi.nlm.nih.gov/31140342/,Mental Health & ECS,false
PubMed,31159897,https://pubmed.ncbi.nlm.nih.gov/31159897/,Mental Health & ECS,false
PubMed,31162770,https://pubmed.ncbi.nlm.nih.gov/31162770/,Mental Health & ECS,false
PubMed,31166595,https://pubmed.ncbi.nlm.nih.gov/31166595/,Mental Health & ECS,false
PubMed,31173795,https://pubmed.ncbi.nlm.nih.gov/31173795/,Mental Health & ECS,false
PubMed,31173966,https://pubmed.ncbi.nlm.nih.gov/31173966/,Mental Health & ECS,false
PubMed,31202911,https://pubmed.ncbi.nlm.nih.gov/31202911/,Mental Health & ECS,false
PubMed,31214036,https://pubmed.ncbi.nlm.nih.gov/31214036/,Mental Health & ECS,false
PubMed,31215752,https://pubmed.ncbi.nlm.nih.gov/31215752/,Mental Health & ECS,false
PubMed,31229467,https://pubmed.ncbi.nlm.nih.gov/31229467/,Mental Health & ECS,false
PubMed,31232216,https://pubmed.ncbi.nlm.nih.gov/31232216/,Mental Health & ECS,false
PubMed,31236436,https://pubmed.ncbi.nlm.nih.gov/31236436/,Mental Health & ECS,false
PubMed,31237179,https://pubmed.ncbi.nlm.nih.gov/31237179/,Mental Health & ECS,false
PubMed,31237191,https://pubmed.ncbi.nlm.nih.gov/31237191/,Mental Health & ECS,false
PubMed,31245644,https://pubmed.ncbi.nlm.nih.gov/31245644/,Mental Health & ECS,false
PubMed,31305874,https://pubmed.ncbi.nlm.nih.gov/31305874/,Mental Health & ECS,false
PubMed,31315244,https://pubmed.ncbi.nlm.nih.gov/31315244/,Mental Health & ECS,false
PubMed,31325430,https://pubmed.ncbi.nlm.nih.gov/31325430/,Mental Health & ECS,false
PubMed,31330972,https://pubmed.ncbi.nlm.nih.gov/31330972/,Mental Health & ECS,false
PubMed,31332736,https://pubmed.ncbi.nlm.nih.gov/31332736/,Mental Health & ECS,false
PubMed,31373708,https://pubmed.ncbi.nlm.nih.gov/31373708/,Mental Health & ECS,false
PubMed,31375282,https://pubmed.ncbi.nlm.nih.gov/31375282/,Mental Health & ECS,false
PubMed,31382124,https://pubmed.ncbi.nlm.nih.gov/31382124/,Mental Health & ECS,false
PubMed,31412258,https://pubmed.ncbi.nlm.nih.gov/31412258/,Mental Health & ECS,false
PubMed,31417379,https://pubmed.ncbi.nlm.nih.gov/31417379/,Mental Health & ECS,false
PubMed,31422779,https://pubmed.ncbi.nlm.nih.gov/31422779/,Mental Health & ECS,false
PubMed,31437433,https://pubmed.ncbi.nlm.nih.gov/31437433/,Mental Health & ECS,false
PubMed,31447649,https://pubmed.ncbi.nlm.nih.gov/31447649/,Mental Health & ECS,false
PubMed,31450833,https://pubmed.ncbi.nlm.nih.gov/31450833/,Mental Health & ECS,false
PubMed,31451081,https://pubmed.ncbi.nlm.nih.gov/31451081/,Mental Health & ECS,false
PubMed,31454413,https://pubmed.ncbi.nlm.nih.gov/31454413/,Mental Health & ECS,false
PubMed,31465975,https://pubmed.ncbi.nlm.nih.gov/31465975/,Mental Health & ECS,false
PubMed,31473278,https://pubmed.ncbi.nlm.nih.gov/31473278/,Mental Health & ECS,false
PubMed,31479625,https://pubmed.ncbi.nlm.nih.gov/31479625/,Mental Health & ECS,false
PubMed,31549358,https://pubmed.ncbi.nlm.nih.gov/31549358/,Mental Health & ECS,false
PubMed,31558911,https://pubmed.ncbi.nlm.nih.gov/31558911/,Mental Health & ECS,false
PubMed,31577377,https://pubmed.ncbi.nlm.nih.gov/31577377/,Mental Health & ECS,false
PubMed,31590091,https://pubmed.ncbi.nlm.nih.gov/31590091/,Mental Health & ECS,false
PubMed,31601406,https://pubmed.ncbi.nlm.nih.gov/31601406/,Mental Health & ECS,false
PubMed,31617149,https://pubmed.ncbi.nlm.nih.gov/31617149/,Mental Health & ECS,false
PubMed,31619006,https://pubmed.ncbi.nlm.nih.gov/31619006/,Mental Health & ECS,false
PubMed,31619967,https://pubmed.ncbi.nlm.nih.gov/31619967/,Mental Health & ECS,false
PubMed,31626848,https://pubmed.ncbi.nlm.nih.gov/31626848/,Mental Health & ECS,false
PubMed,31637966,https://pubmed.ncbi.nlm.nih.gov/31637966/,Mental Health & ECS,false
PubMed,31648363,https://pubmed.ncbi.nlm.nih.gov/31648363/,Mental Health & ECS,false
PubMed,31654971,https://pubmed.ncbi.nlm.nih.gov/31654971/,Mental Health & ECS,false
PubMed,31660473,https://pubmed.ncbi.nlm.nih.gov/31660473/,Mental Health & ECS,false
PubMed,31664964,https://pubmed.ncbi.nlm.nih.gov/31664964/,Mental Health & ECS,false
PubMed,31672042,https://pubmed.ncbi.nlm.nih.gov/31672042/,Mental Health & ECS,false
PubMed,31672337,https://pubmed.ncbi.nlm.nih.gov/31672337/,Mental Health & ECS,false
PubMed,31698323,https://pubmed.ncbi.nlm.nih.gov/31698323/,Mental Health & ECS,false
PubMed,31711352,https://pubmed.ncbi.nlm.nih.gov/31711352/,Mental Health & ECS,false
PubMed,31714262,https://pubmed.ncbi.nlm.nih.gov/31714262/,Mental Health & ECS,false
PubMed,31721187,https://pubmed.ncbi.nlm.nih.gov/31721187/,Mental Health & ECS,false
PubMed,31729933,https://pubmed.ncbi.nlm.nih.gov/31729933/,Mental Health & ECS,false
PubMed,31736860,https://pubmed.ncbi.nlm.nih.gov/31736860/,Mental Health & ECS,false
PubMed,31741731,https://pubmed.ncbi.nlm.nih.gov/31741731/,Mental Health & ECS,false
PubMed,31748505,https://pubmed.ncbi.nlm.nih.gov/31748505/,Mental Health & ECS,false
PubMed,31753729,https://pubmed.ncbi.nlm.nih.gov/31753729/,Mental Health & ECS,false
PubMed,31785246,https://pubmed.ncbi.nlm.nih.gov/31785246/,Mental Health & ECS,false
PubMed,31787910,https://pubmed.ncbi.nlm.nih.gov/31787910/,Mental Health & ECS,false
PubMed,31789638,https://pubmed.ncbi.nlm.nih.gov/31789638/,Mental Health & ECS,false
PubMed,31803950,https://pubmed.ncbi.nlm.nih.gov/31803950/,Mental Health & ECS,false
PubMed,31823199,https://pubmed.ncbi.nlm.nih.gov/31823199/,Mental Health & ECS,false
PubMed,31830820,https://pubmed.ncbi.nlm.nih.gov/31830820/,Mental Health & ECS,false
PubMed,31837295,https://pubmed.ncbi.nlm.nih.gov/31837295/,Mental Health & ECS,false
PubMed,31849055,https://pubmed.ncbi.nlm.nih.gov/31849055/,Mental Health & ECS,false
PubMed,31852882,https://pubmed.ncbi.nlm.nih.gov/31852882/,Mental Health & ECS,false
PubMed,31863846,https://pubmed.ncbi.nlm.nih.gov/31863846/,Mental Health & ECS,false
PubMed,31866386,https://pubmed.ncbi.nlm.nih.gov/31866386/,Mental Health & ECS,false
PubMed,31867704,https://pubmed.ncbi.nlm.nih.gov/31867704/,Mental Health & ECS,false
PubMed,31874107,https://pubmed.ncbi.nlm.nih.gov/31874107/,Mental Health & ECS,false
PubMed,31876680,https://pubmed.ncbi.nlm.nih.gov/31876680/,Mental Health & ECS,false
PubMed,31889042,https://pubmed.ncbi.nlm.nih.gov/31889042/,Mental Health & ECS,false
PubMed,31895187,https://pubmed.ncbi.nlm.nih.gov/31895187/,Mental Health & ECS,false
PubMed,31909680,https://pubmed.ncbi.nlm.nih.gov/31909680/,Mental Health & ECS,false
PubMed,31913077,https://pubmed.ncbi.nlm.nih.gov/31913077/,Mental Health & ECS,false
PubMed,31915861,https://pubmed.ncbi.nlm.nih.gov/31915861/,Mental Health & ECS,true
PubMed,31919563,https://pubmed.ncbi.nlm.nih.gov/31919563/,Mental Health & ECS,false
PubMed,31948424,https://pubmed.ncbi.nlm.nih.gov/31948424/,Mental Health & ECS,false
PubMed,31948734,https://pubmed.ncbi.nlm.nih.gov/31948734/,Mental Health & ECS,false
PubMed,31958677,https://pubmed.ncbi.nlm.nih.gov/31958677/,Mental Health & ECS,false
PubMed,31962287,https://pubmed.ncbi.nlm.nih.gov/31962287/,Mental Health & ECS,false
PubMed,31974335,https://pubmed.ncbi.nlm.nih.gov/31974335/,Mental Health & ECS,false
PubMed,31981533,https://pubmed.ncbi.nlm.nih.gov/31981533/,Mental Health & ECS,false
PubMed,31981675,https://pubmed.ncbi.nlm.nih.gov/31981675/,Mental Health & ECS,false
PubMed,31985073,https://pubmed.ncbi.nlm.nih.gov/31985073/,Mental Health & ECS,false
PubMed,31994476,https://pubmed.ncbi.nlm.nih.gov/31994476/,Mental Health & ECS,false
PubMed,31995978,https://pubmed.ncbi.nlm.nih.gov/31995978/,Mental Health & ECS,false
PubMed,32032100,https://pubmed.ncbi.nlm.nih.gov/32032100/,Mental Health & ECS,false
PubMed,32041881,https://pubmed.ncbi.nlm.nih.gov/32041881/,Mental Health & ECS,false
PubMed,32043730,https://pubmed.ncbi.nlm.nih.gov/32043730/,Mental Health & ECS,false
PubMed,32052321,https://pubmed.ncbi.nlm.nih.gov/32052321/,Mental Health & ECS,false
PubMed,32056226,https://pubmed.ncbi.nlm.nih.gov/32056226/,Mental Health & ECS,false
PubMed,32057593,https://pubmed.ncbi.nlm.nih.gov/32057593/,Mental Health & ECS,false
PubMed,32059350,https://pubmed.ncbi.nlm.nih.gov/32059350/,Mental Health & ECS,false
PubMed,32068563,https://pubmed.ncbi.nlm.nih.gov/32068563/,Mental Health & ECS,false
PubMed,32073423,https://pubmed.ncbi.nlm.nih.gov/32073423/,Mental Health & ECS,false
PubMed,32086540,https://pubmed.ncbi.nlm.nih.gov/32086540/,Mental Health & ECS,false
PubMed,32095523,https://pubmed.ncbi.nlm.nih.gov/32095523/,Mental Health & ECS,false
PubMed,32103250,https://pubmed.ncbi.nlm.nih.gov/32103250/,Mental Health & ECS,false
PubMed,32126328,https://pubmed.ncbi.nlm.nih.gov/32126328/,Mental Health & ECS,false
PubMed,32141088,https://pubmed.ncbi.nlm.nih.gov/32141088/,Mental Health & ECS,false
PubMed,32143540,https://pubmed.ncbi.nlm.nih.gov/32143540/,Mental Health & ECS,false
PubMed,32162103,https://pubmed.ncbi.nlm.nih.gov/32162103/,Mental Health & ECS,false
PubMed,32163129,https://pubmed.ncbi.nlm.nih.gov/32163129/,Mental Health & ECS,false
PubMed,32183927,https://pubmed.ncbi.nlm.nih.gov/32183927/,Mental Health & ECS,false
PubMed,32197092,https://pubmed.ncbi.nlm.nih.gov/32197092/,Mental Health & ECS,false
PubMed,32197779,https://pubmed.ncbi.nlm.nih.gov/32197779/,Mental Health & ECS,false
PubMed,32209479,https://pubmed.ncbi.nlm.nih.gov/32209479/,Mental Health & ECS,false
PubMed,32221841,https://pubmed.ncbi.nlm.nih.gov/32221841/,Mental Health & ECS,false
PubMed,32251385,https://pubmed.ncbi.nlm.nih.gov/32251385/,Mental Health & ECS,false
PubMed,32259882,https://pubmed.ncbi.nlm.nih.gov/32259882/,Mental Health & ECS,false
PubMed,32264772,https://pubmed.ncbi.nlm.nih.gov/32264772/,Mental Health & ECS,false
PubMed,32294520,https://pubmed.ncbi.nlm.nih.gov/32294520/,Mental Health & ECS,false
PubMed,32311373,https://pubmed.ncbi.nlm.nih.gov/32311373/,Mental Health & ECS,false
PubMed,32312805,https://pubmed.ncbi.nlm.nih.gov/32312805/,Mental Health & ECS,false
PubMed,32317625,https://pubmed.ncbi.nlm.nih.gov/32317625/,Mental Health & ECS,false
PubMed,32330591,https://pubmed.ncbi.nlm.nih.gov/32330591/,Mental Health & ECS,false
PubMed,32340643,https://pubmed.ncbi.nlm.nih.gov/32340643/,Mental Health & ECS,false
PubMed,32348868,https://pubmed.ncbi.nlm.nih.gov/32348868/,Mental Health & ECS,false
PubMed,32351183,https://pubmed.ncbi.nlm.nih.gov/32351183/,Mental Health & ECS,false
PubMed,32353393,https://pubmed.ncbi.nlm.nih.gov/32353393/,Mental Health & ECS,false
PubMed,32353812,https://pubmed.ncbi.nlm.nih.gov/32353812/,Mental Health & ECS,false
PubMed,32359667,https://pubmed.ncbi.nlm.nih.gov/32359667/,Mental Health & ECS,false
PubMed,32360362,https://pubmed.ncbi.nlm.nih.gov/32360362/,Mental Health & ECS,false
PubMed,32360455,https://pubmed.ncbi.nlm.nih.gov/32360455/,Mental Health & ECS,false
PubMed,32376258,https://pubmed.ncbi.nlm.nih.gov/32376258/,Mental Health & ECS,false
PubMed,32383271,https://pubmed.ncbi.nlm.nih.gov/32383271/,Mental Health & ECS,false
PubMed,32393901,https://pubmed.ncbi.nlm.nih.gov/32393901/,Mental Health & ECS,false
PubMed,32422166,https://pubmed.ncbi.nlm.nih.gov/32422166/,Mental Health & ECS,false
PubMed,32425077,https://pubmed.ncbi.nlm.nih.gov/32425077/,Mental Health & ECS,false
PubMed,32437746,https://pubmed.ncbi.nlm.nih.gov/32437746/,Mental Health & ECS,false
PubMed,32437941,https://pubmed.ncbi.nlm.nih.gov/32437941/,Mental Health & ECS,false
PubMed,32443870,https://pubmed.ncbi.nlm.nih.gov/32443870/,Mental Health & ECS,false
PubMed,32483052,https://pubmed.ncbi.nlm.nih.gov/32483052/,Mental Health & ECS,false
PubMed,32487935,https://pubmed.ncbi.nlm.nih.gov/32487935/,Mental Health & ECS,false
PubMed,32498885,https://pubmed.ncbi.nlm.nih.gov/32498885/,Mental Health & ECS,false
PubMed,32508368,https://pubmed.ncbi.nlm.nih.gov/32508368/,Mental Health & ECS,false
PubMed,32508955,https://pubmed.ncbi.nlm.nih.gov/32508955/,Mental Health & ECS,false
PubMed,32521537,https://pubmed.ncbi.nlm.nih.gov/32521537/,Mental Health & ECS,false
PubMed,32524615,https://pubmed.ncbi.nlm.nih.gov/32524615/,Mental Health & ECS,false
PubMed,32528345,https://pubmed.ncbi.nlm.nih.gov/32528345/,Mental Health & ECS,false
PubMed,32533255,https://pubmed.ncbi.nlm.nih.gov/32533255/,Mental Health & ECS,false
PubMed,32576481,https://pubmed.ncbi.nlm.nih.gov/32576481/,Mental Health & ECS,false
PubMed,32599446,https://pubmed.ncbi.nlm.nih.gov/32599446/,Mental Health & ECS,false
PubMed,32610181,https://pubmed.ncbi.nlm.nih.gov/32610181/,Mental Health & ECS,false
PubMed,32610340,https://pubmed.ncbi.nlm.nih.gov/32610340/,Mental Health & ECS,false
PubMed,32638638,https://pubmed.ncbi.nlm.nih.gov/32638638/,Mental Health & ECS,false
PubMed,32645315,https://pubmed.ncbi.nlm.nih.gov/32645315/,Mental Health & ECS,false
PubMed,32655732,https://pubmed.ncbi.nlm.nih.gov/32655732/,Mental Health & ECS,false
PubMed,32656342,https://pubmed.ncbi.nlm.nih.gov/32656342/,Mental Health & ECS,false
PubMed,32660138,https://pubmed.ncbi.nlm.nih.gov/32660138/,Mental Health & ECS,false
PubMed,32677690,https://pubmed.ncbi.nlm.nih.gov/32677690/,Mental Health & ECS,false
PubMed,32681290,https://pubmed.ncbi.nlm.nih.gov/32681290/,Mental Health & ECS,false
PubMed,32710885,https://pubmed.ncbi.nlm.nih.gov/32710885/,Mental Health & ECS,false
PubMed,32712273,https://pubmed.ncbi.nlm.nih.gov/32712273/,Mental Health & ECS,false
PubMed,32729959,https://pubmed.ncbi.nlm.nih.gov/32729959/,Mental Health & ECS,false
PubMed,32735782,https://pubmed.ncbi.nlm.nih.gov/32735782/,Mental Health & ECS,false
PubMed,32738384,https://pubmed.ncbi.nlm.nih.gov/32738384/,Mental Health & ECS,false
PubMed,32739508,https://pubmed.ncbi.nlm.nih.gov/32739508/,Mental Health & ECS,false
PubMed,32739746,https://pubmed.ncbi.nlm.nih.gov/32739746/,Mental Health & ECS,false
PubMed,32745478,https://pubmed.ncbi.nlm.nih.gov/32745478/,Mental Health & ECS,false
PubMed,32755273,https://pubmed.ncbi.nlm.nih.gov/32755273/,Mental Health & ECS,false
PubMed,32758518,https://pubmed.ncbi.nlm.nih.gov/32758518/,Mental Health & ECS,false
PubMed,32761688,https://pubmed.ncbi.nlm.nih.gov/32761688/,Mental Health & ECS,false
PubMed,32768992,https://pubmed.ncbi.nlm.nih.gov/32768992/,Mental Health & ECS,false
PubMed,32772145,https://pubmed.ncbi.nlm.nih.gov/32772145/,Mental Health & ECS,false
PubMed,32784005,https://pubmed.ncbi.nlm.nih.gov/32784005/,Mental Health & ECS,false
PubMed,32791166,https://pubmed.ncbi.nlm.nih.gov/32791166/,Mental Health & ECS,false
PubMed,32795592,https://pubmed.ncbi.nlm.nih.gov/32795592/,Mental Health & ECS,false
PubMed,32817304,https://pubmed.ncbi.nlm.nih.gov/32817304/,Mental Health & ECS,false
PubMed,32818911,https://pubmed.ncbi.nlm.nih.gov/32818911/,Mental Health & ECS,false
PubMed,32818918,https://pubmed.ncbi.nlm.nih.gov/32818918/,Mental Health & ECS,false
PubMed,32823178,https://pubmed.ncbi.nlm.nih.gov/32823178/,Mental Health & ECS,false
PubMed,32825313,https://pubmed.ncbi.nlm.nih.gov/32825313/,Mental Health & ECS,false
PubMed,32827809,https://pubmed.ncbi.nlm.nih.gov/32827809/,Mental Health & ECS,false
PubMed,32839678,https://pubmed.ncbi.nlm.nih.gov/32839678/,Mental Health & ECS,false
PubMed,32842985,https://pubmed.ncbi.nlm.nih.gov/32842985/,Mental Health & ECS,false
PubMed,32848902,https://pubmed.ncbi.nlm.nih.gov/32848902/,Mental Health & ECS,false
PubMed,32855107,https://pubmed.ncbi.nlm.nih.gov/32855107/,Mental Health & ECS,false
PubMed,32862065,https://pubmed.ncbi.nlm.nih.gov/32862065/,Mental Health & ECS,false
PubMed,32862560,https://pubmed.ncbi.nlm.nih.gov/32862560/,Mental Health & ECS,false
PubMed,32862795,https://pubmed.ncbi.nlm.nih.gov/32862795/,Mental Health & ECS,false
PubMed,32868170,https://pubmed.ncbi.nlm.nih.gov/32868170/,Mental Health & ECS,false
PubMed,32871695,https://pubmed.ncbi.nlm.nih.gov/32871695/,Mental Health & ECS,false
PubMed,32872402,https://pubmed.ncbi.nlm.nih.gov/32872402/,Mental Health & ECS,false
PubMed,32876968,https://pubmed.ncbi.nlm.nih.gov/32876968/,Mental Health & ECS,false
PubMed,32890390,https://pubmed.ncbi.nlm.nih.gov/32890390/,Mental Health & ECS,false
PubMed,32891517,https://pubmed.ncbi.nlm.nih.gov/32891517/,Mental Health & ECS,false
PubMed,32892960,https://pubmed.ncbi.nlm.nih.gov/32892960/,Mental Health & ECS,false
PubMed,32898566,https://pubmed.ncbi.nlm.nih.gov/32898566/,Mental Health & ECS,false
PubMed,32898588,https://pubmed.ncbi.nlm.nih.gov/32898588/,Mental Health & ECS,false
PubMed,32921794,https://pubmed.ncbi.nlm.nih.gov/32921794/,Mental Health & ECS,false
PubMed,32929575,https://pubmed.ncbi.nlm.nih.gov/32929575/,Mental Health & ECS,false
PubMed,32931800,https://pubmed.ncbi.nlm.nih.gov/32931800/,Mental Health & ECS,false
PubMed,32937186,https://pubmed.ncbi.nlm.nih.gov/32937186/,Mental Health & ECS,false
PubMed,32944989,https://pubmed.ncbi.nlm.nih.gov/32944989/,Mental Health & ECS,false
PubMed,32956965,https://pubmed.ncbi.nlm.nih.gov/32956965/,Mental Health & ECS,false
PubMed,32959420,https://pubmed.ncbi.nlm.nih.gov/32959420/,Mental Health & ECS,false
PubMed,32966816,https://pubmed.ncbi.nlm.nih.gov/32966816/,Mental Health & ECS,false
PubMed,32976951,https://pubmed.ncbi.nlm.nih.gov/32976951/,Mental Health & ECS,false
PubMed,32990286,https://pubmed.ncbi.nlm.nih.gov/32990286/,Mental Health & ECS,false
PubMed,32991952,https://pubmed.ncbi.nlm.nih.gov/32991952/,Mental Health & ECS,false
PubMed,32994115,https://pubmed.ncbi.nlm.nih.gov/32994115/,Mental Health & ECS,false
PubMed,33007775,https://pubmed.ncbi.nlm.nih.gov/33007775/,Mental Health & ECS,false
PubMed,33008420,https://pubmed.ncbi.nlm.nih.gov/33008420/,Mental Health & ECS,false
PubMed,33035104,https://pubmed.ncbi.nlm.nih.gov/33035104/,Mental Health & ECS,false
PubMed,33052273,https://pubmed.ncbi.nlm.nih.gov/33052273/,Mental Health & ECS,false
PubMed,33052290,https://pubmed.ncbi.nlm.nih.gov/33052290/,Mental Health & ECS,false
PubMed,33059579,https://pubmed.ncbi.nlm.nih.gov/33059579/,Mental Health & ECS,false
PubMed,33091759,https://pubmed.ncbi.nlm.nih.gov/33091759/,Mental Health & ECS,false
PubMed,33108021,https://pubmed.ncbi.nlm.nih.gov/33108021/,Mental Health & ECS,false
PubMed,33127382,https://pubmed.ncbi.nlm.nih.gov/33127382/,Mental Health & ECS,false
PubMed,33130926,https://pubmed.ncbi.nlm.nih.gov/33130926/,Mental Health & ECS,false
PubMed,33146345,https://pubmed.ncbi.nlm.nih.gov/33146345/,Mental Health & ECS,false
PubMed,33148213,https://pubmed.ncbi.nlm.nih.gov/33148213/,Mental Health & ECS,false
PubMed,33155516,https://pubmed.ncbi.nlm.nih.gov/33155516/,Mental Health & ECS,false
PubMed,33162766,https://pubmed.ncbi.nlm.nih.gov/33162766/,Mental Health & ECS,false
PubMed,33171147,https://pubmed.ncbi.nlm.nih.gov/33171147/,Mental Health & ECS,false
PubMed,33171148,https://pubmed.ncbi.nlm.nih.gov/33171148/,Mental Health & ECS,false
PubMed,33201625,https://pubmed.ncbi.nlm.nih.gov/33201625/,Mental Health & ECS,false
PubMed,33221340,https://pubmed.ncbi.nlm.nih.gov/33221340/,Mental Health & ECS,false
PubMed,33230690,https://pubmed.ncbi.nlm.nih.gov/33230690/,Mental Health & ECS,false
PubMed,33249856,https://pubmed.ncbi.nlm.nih.gov/33249856/,Mental Health & ECS,false
PubMed,33253450,https://pubmed.ncbi.nlm.nih.gov/33253450/,Mental Health & ECS,false
PubMed,33264654,https://pubmed.ncbi.nlm.nih.gov/33264654/,Mental Health & ECS,false
PubMed,33268546,https://pubmed.ncbi.nlm.nih.gov/33268546/,Mental Health & ECS,false
PubMed,33283448,https://pubmed.ncbi.nlm.nih.gov/33283448/,Mental Health & ECS,false
PubMed,33304282,https://pubmed.ncbi.nlm.nih.gov/33304282/,Mental Health & ECS,false
PubMed,33314038,https://pubmed.ncbi.nlm.nih.gov/33314038/,Mental Health & ECS,false
PubMed,33329132,https://pubmed.ncbi.nlm.nih.gov/33329132/,Mental Health & ECS,false
PubMed,33334652,https://pubmed.ncbi.nlm.nih.gov/33334652/,Mental Health & ECS,false
PubMed,33352287,https://pubmed.ncbi.nlm.nih.gov/33352287/,Mental Health & ECS,false
PubMed,33352618,https://pubmed.ncbi.nlm.nih.gov/33352618/,Mental Health & ECS,false
PubMed,33359656,https://pubmed.ncbi.nlm.nih.gov/33359656/,Mental Health & ECS,false
PubMed,33373679,https://pubmed.ncbi.nlm.nih.gov/33373679/,Mental Health & ECS,false
PubMed,33374481,https://pubmed.ncbi.nlm.nih.gov/33374481/,Mental Health & ECS,false
PubMed,33376294,https://pubmed.ncbi.nlm.nih.gov/33376294/,Mental Health & ECS,false
PubMed,33382401,https://pubmed.ncbi.nlm.nih.gov/33382401/,Mental Health & ECS,false
PubMed,33383145,https://pubmed.ncbi.nlm.nih.gov/33383145/,Mental Health & ECS,false
PubMed,33388355,https://pubmed.ncbi.nlm.nih.gov/33388355/,Mental Health & ECS,false
PubMed,33427014,https://pubmed.ncbi.nlm.nih.gov/33427014/,Mental Health & ECS,false
PubMed,33442771,https://pubmed.ncbi.nlm.nih.gov/33442771/,Mental Health & ECS,false
PubMed,33452437,https://pubmed.ncbi.nlm.nih.gov/33452437/,Mental Health & ECS,false
PubMed,33454843,https://pubmed.ncbi.nlm.nih.gov/33454843/,Mental Health & ECS,false
PubMed,33460184,https://pubmed.ncbi.nlm.nih.gov/33460184/,Mental Health & ECS,false
PubMed,33460783,https://pubmed.ncbi.nlm.nih.gov/33460783/,Mental Health & ECS,false
PubMed,33462180,https://pubmed.ncbi.nlm.nih.gov/33462180/,Mental Health & ECS,false
PubMed,33464286,https://pubmed.ncbi.nlm.nih.gov/33464286/,Mental Health & ECS,false
PubMed,33464458,https://pubmed.ncbi.nlm.nih.gov/33464458/,Mental Health & ECS,false
PubMed,33464660,https://pubmed.ncbi.nlm.nih.gov/33464660/,Mental Health & ECS,false
PubMed,33491992,https://pubmed.ncbi.nlm.nih.gov/33491992/,Mental Health & ECS,false
PubMed,33496035,https://pubmed.ncbi.nlm.nih.gov/33496035/,Mental Health & ECS,false
PubMed,33501595,https://pubmed.ncbi.nlm.nih.gov/33501595/,Mental Health & ECS,false
PubMed,33504296,https://pubmed.ncbi.nlm.nih.gov/33504296/,Mental Health & ECS,false
PubMed,33526145,https://pubmed.ncbi.nlm.nih.gov/33526145/,Mental Health & ECS,false
PubMed,33534920,https://pubmed.ncbi.nlm.nih.gov/33534920/,Mental Health & ECS,false
PubMed,33536055,https://pubmed.ncbi.nlm.nih.gov/33536055/,Mental Health & ECS,false
PubMed,33538103,https://pubmed.ncbi.nlm.nih.gov/33538103/,Mental Health & ECS,false
PubMed,33556690,https://pubmed.ncbi.nlm.nih.gov/33556690/,Mental Health & ECS,false
PubMed,33571569,https://pubmed.ncbi.nlm.nih.gov/33571569/,Mental Health & ECS,false
PubMed,33573565,https://pubmed.ncbi.nlm.nih.gov/33573565/,Mental Health & ECS,false
PubMed,33593117,https://pubmed.ncbi.nlm.nih.gov/33593117/,Mental Health & ECS,false
PubMed,33613289,https://pubmed.ncbi.nlm.nih.gov/33613289/,Mental Health & ECS,false
PubMed,33638699,https://pubmed.ncbi.nlm.nih.gov/33638699/,Mental Health & ECS,false
PubMed,33644820,https://pubmed.ncbi.nlm.nih.gov/33644820/,Mental Health & ECS,false
PubMed,33656307,https://pubmed.ncbi.nlm.nih.gov/33656307/,Mental Health & ECS,false
PubMed,33662194,https://pubmed.ncbi.nlm.nih.gov/33662194/,Mental Health & ECS,false
PubMed,33668469,https://pubmed.ncbi.nlm.nih.gov/33668469/,Mental Health & ECS,false
PubMed,33673659,https://pubmed.ncbi.nlm.nih.gov/33673659/,Mental Health & ECS,false
PubMed,33675677,https://pubmed.ncbi.nlm.nih.gov/33675677/,Mental Health & ECS,false
PubMed,33689904,https://pubmed.ncbi.nlm.nih.gov/33689904/,Mental Health & ECS,false
PubMed,33692705,https://pubmed.ncbi.nlm.nih.gov/33692705/,Mental Health & ECS,false
PubMed,33693921,https://pubmed.ncbi.nlm.nih.gov/33693921/,Mental Health & ECS,false
PubMed,33723207,https://pubmed.ncbi.nlm.nih.gov/33723207/,Mental Health & ECS,false
PubMed,33723234,https://pubmed.ncbi.nlm.nih.gov/33723234/,Mental Health & ECS,false
PubMed,33733564,https://pubmed.ncbi.nlm.nih.gov/33733564/,Mental Health & ECS,false
PubMed,33736715,https://pubmed.ncbi.nlm.nih.gov/33736715/,Mental Health & ECS,false
PubMed,33740561,https://pubmed.ncbi.nlm.nih.gov/33740561/,Mental Health & ECS,false
PubMed,33759226,https://pubmed.ncbi.nlm.nih.gov/33759226/,Mental Health & ECS,false
PubMed,33764086,https://pubmed.ncbi.nlm.nih.gov/33764086/,Mental Health & ECS,false
PubMed,33781176,https://pubmed.ncbi.nlm.nih.gov/33781176/,Mental Health & ECS,false
PubMed,33783029,https://pubmed.ncbi.nlm.nih.gov/33783029/,Mental Health & ECS,false
PubMed,33799104,https://pubmed.ncbi.nlm.nih.gov/33799104/,Mental Health & ECS,false
PubMed,33813611,https://pubmed.ncbi.nlm.nih.gov/33813611/,Mental Health & ECS,false
PubMed,33818338,https://pubmed.ncbi.nlm.nih.gov/33818338/,Mental Health & ECS,false
PubMed,33823970,https://pubmed.ncbi.nlm.nih.gov/33823970/,Mental Health & ECS,false
PubMed,33837184,https://pubmed.ncbi.nlm.nih.gov/33837184/,Mental Health & ECS,false
PubMed,33837269,https://pubmed.ncbi.nlm.nih.gov/33837269/,Mental Health & ECS,false
PubMed,33837969,https://pubmed.ncbi.nlm.nih.gov/33837969/,Mental Health & ECS,false
PubMed,33843818,https://pubmed.ncbi.nlm.nih.gov/33843818/,Mental Health & ECS,false
PubMed,33850098,https://pubmed.ncbi.nlm.nih.gov/33850098/,Mental Health & ECS,false
PubMed,33854035,https://pubmed.ncbi.nlm.nih.gov/33854035/,Mental Health & ECS,false
PubMed,33856944,https://pubmed.ncbi.nlm.nih.gov/33856944/,Mental Health & ECS,false
PubMed,33860709,https://pubmed.ncbi.nlm.nih.gov/33860709/,Mental Health & ECS,false
PubMed,33862125,https://pubmed.ncbi.nlm.nih.gov/33862125/,Mental Health & ECS,false
PubMed,33862322,https://pubmed.ncbi.nlm.nih.gov/33862322/,Mental Health & ECS,false
PubMed,33886158,https://pubmed.ncbi.nlm.nih.gov/33886158/,Mental Health & ECS,false
PubMed,33891706,https://pubmed.ncbi.nlm.nih.gov/33891706/,Mental Health & ECS,false
PubMed,33893327,https://pubmed.ncbi.nlm.nih.gov/33893327/,Mental Health & ECS,false
PubMed,33895189,https://pubmed.ncbi.nlm.nih.gov/33895189/,Mental Health & ECS,false
PubMed,33905617,https://pubmed.ncbi.nlm.nih.gov/33905617/,Mental Health & ECS,false
PubMed,33909102,https://pubmed.ncbi.nlm.nih.gov/33909102/,Mental Health & ECS,false
PubMed,33933537,https://pubmed.ncbi.nlm.nih.gov/33933537/,Mental Health & ECS,false
PubMed,33933928,https://pubmed.ncbi.nlm.nih.gov/33933928/,Mental Health & ECS,false
PubMed,33950550,https://pubmed.ncbi.nlm.nih.gov/33950550/,Mental Health & ECS,false
PubMed,33951588,https://pubmed.ncbi.nlm.nih.gov/33951588/,Mental Health & ECS,false
PubMed,33953672,https://pubmed.ncbi.nlm.nih.gov/33953672/,Mental Health & ECS,false
PubMed,33954935,https://pubmed.ncbi.nlm.nih.gov/33954935/,Mental Health & ECS,false
PubMed,33965396,https://pubmed.ncbi.nlm.nih.gov/33965396/,Mental Health & ECS,false
PubMed,33975067,https://pubmed.ncbi.nlm.nih.gov/33975067/,Mental Health & ECS,false
PubMed,33983765,https://pubmed.ncbi.nlm.nih.gov/33983765/,Mental Health & ECS,false
PubMed,33993443,https://pubmed.ncbi.nlm.nih.gov/33993443/,Mental Health & ECS,false
PubMed,34002020,https://pubmed.ncbi.nlm.nih.gov/34002020/,Mental Health & ECS,false
PubMed,34008796,https://pubmed.ncbi.nlm.nih.gov/34008796/,Mental Health & ECS,false
PubMed,34015384,https://pubmed.ncbi.nlm.nih.gov/34015384/,Mental Health & ECS,false
PubMed,34028926,https://pubmed.ncbi.nlm.nih.gov/34028926/,Mental Health & ECS,false
PubMed,34037083,https://pubmed.ncbi.nlm.nih.gov/34037083/,Mental Health & ECS,false
PubMed,34043398,https://pubmed.ncbi.nlm.nih.gov/34043398/,Mental Health & ECS,false
PubMed,34043900,https://pubmed.ncbi.nlm.nih.gov/34043900/,Mental Health & ECS,false
PubMed,34048869,https://pubmed.ncbi.nlm.nih.gov/34048869/,Mental Health & ECS,false
PubMed,34051704,https://pubmed.ncbi.nlm.nih.gov/34051704/,Mental Health & ECS,false
PubMed,34058192,https://pubmed.ncbi.nlm.nih.gov/34058192/,Mental Health & ECS,false
PubMed,34062288,https://pubmed.ncbi.nlm.nih.gov/34062288/,Mental Health & ECS,false
PubMed,34073710,https://pubmed.ncbi.nlm.nih.gov/34073710/,Mental Health & ECS,false
PubMed,34074811,https://pubmed.ncbi.nlm.nih.gov/34074811/,Mental Health & ECS,false
PubMed,34076862,https://pubmed.ncbi.nlm.nih.gov/34076862/,Mental Health & ECS,false
PubMed,34087766,https://pubmed.ncbi.nlm.nih.gov/34087766/,Mental Health & ECS,false
PubMed,34093179,https://pubmed.ncbi.nlm.nih.gov/34093179/,Mental Health & ECS,false
PubMed,34093265,https://pubmed.ncbi.nlm.nih.gov/34093265/,Mental Health & ECS,false
PubMed,34099186,https://pubmed.ncbi.nlm.nih.gov/34099186/,Mental Health & ECS,false
PubMed,34115948,https://pubmed.ncbi.nlm.nih.gov/34115948/,Mental Health & ECS,false
PubMed,34116110,https://pubmed.ncbi.nlm.nih.gov/34116110/,Mental Health & ECS,false
PubMed,34119623,https://pubmed.ncbi.nlm.nih.gov/34119623/,Mental Health & ECS,false
PubMed,34119912,https://pubmed.ncbi.nlm.nih.gov/34119912/,Mental Health & ECS,false
PubMed,34120548,https://pubmed.ncbi.nlm.nih.gov/34120548/,Mental Health & ECS,false
PubMed,34134573,https://pubmed.ncbi.nlm.nih.gov/34134573/,Mental Health & ECS,false
PubMed,34135344,https://pubmed.ncbi.nlm.nih.gov/34135344/,Mental Health & ECS,false
PubMed,34146641,https://pubmed.ncbi.nlm.nih.gov/34146641/,Mental Health & ECS,false
PubMed,34151472,https://pubmed.ncbi.nlm.nih.gov/34151472/,Mental Health & ECS,false
PubMed,34156452,https://pubmed.ncbi.nlm.nih.gov/34156452/,Mental Health & ECS,false
PubMed,34157334,https://pubmed.ncbi.nlm.nih.gov/34157334/,Mental Health & ECS,false
PubMed,34157363,https://pubmed.ncbi.nlm.nih.gov/34157363/,Mental Health & ECS,false
PubMed,34162446,https://pubmed.ncbi.nlm.nih.gov/34162446/,Mental Health & ECS,false
PubMed,34165403,https://pubmed.ncbi.nlm.nih.gov/34165403/,Mental Health & ECS,false
PubMed,34173729,https://pubmed.ncbi.nlm.nih.gov/34173729/,Mental Health & ECS,false
PubMed,34181978,https://pubmed.ncbi.nlm.nih.gov/34181978/,Mental Health & ECS,false
PubMed,34182795,https://pubmed.ncbi.nlm.nih.gov/34182795/,Mental Health & ECS,false
PubMed,34190422,https://pubmed.ncbi.nlm.nih.gov/34190422/,Mental Health & ECS,false
PubMed,34190825,https://pubmed.ncbi.nlm.nih.gov/34190825/,Mental Health & ECS,false
PubMed,34192579,https://pubmed.ncbi.nlm.nih.gov/34192579/,Mental Health & ECS,false
PubMed,34192906,https://pubmed.ncbi.nlm.nih.gov/34192906/,Mental Health & ECS,false
PubMed,34198130,https://pubmed.ncbi.nlm.nih.gov/34198130/,Mental Health & ECS,false
PubMed,34209709,https://pubmed.ncbi.nlm.nih.gov/34209709/,Mental Health & ECS,false
PubMed,34210360,https://pubmed.ncbi.nlm.nih.gov/34210360/,Mental Health & ECS,false
PubMed,34212205,https://pubmed.ncbi.nlm.nih.gov/34212205/,Mental Health & ECS,false
PubMed,34214395,https://pubmed.ncbi.nlm.nih.gov/34214395/,Mental Health & ECS,false
PubMed,34215784,https://pubmed.ncbi.nlm.nih.gov/34215784/,Mental Health & ECS,false
PubMed,34216859,https://pubmed.ncbi.nlm.nih.gov/34216859/,Mental Health & ECS,false
PubMed,34218397,https://pubmed.ncbi.nlm.nih.gov/34218397/,Mental Health & ECS,false
PubMed,34230105,https://pubmed.ncbi.nlm.nih.gov/34230105/,Mental Health & ECS,false
PubMed,34244365,https://pubmed.ncbi.nlm.nih.gov/34244365/,Mental Health & ECS,false
PubMed,34255100,https://pubmed.ncbi.nlm.nih.gov/34255100/,Mental Health & ECS,false
PubMed,34255372,https://pubmed.ncbi.nlm.nih.gov/34255372/,Mental Health & ECS,false
PubMed,34262461,https://pubmed.ncbi.nlm.nih.gov/34262461/,Mental Health & ECS,false
PubMed,34264732,https://pubmed.ncbi.nlm.nih.gov/34264732/,Mental Health & ECS,false
PubMed,34270988,https://pubmed.ncbi.nlm.nih.gov/34270988/,Mental Health & ECS,false
PubMed,34280058,https://pubmed.ncbi.nlm.nih.gov/34280058/,Mental Health & ECS,false
PubMed,34283700,https://pubmed.ncbi.nlm.nih.gov/34283700/,Mental Health & ECS,false
PubMed,34292886,https://pubmed.ncbi.nlm.nih.gov/34292886/,Mental Health & ECS,false
PubMed,34316031,https://pubmed.ncbi.nlm.nih.gov/34316031/,Mental Health & ECS,false
PubMed,34328516,https://pubmed.ncbi.nlm.nih.gov/34328516/,Mental Health & ECS,false
PubMed,34331010,https://pubmed.ncbi.nlm.nih.gov/34331010/,Mental Health & ECS,false
PubMed,34336561,https://pubmed.ncbi.nlm.nih.gov/34336561/,Mental Health & ECS,false
PubMed,34344922,https://pubmed.ncbi.nlm.nih.gov/34344922/,Mental Health & ECS,false
PubMed,34356889,https://pubmed.ncbi.nlm.nih.gov/34356889/,Mental Health & ECS,false
PubMed,34362287,https://pubmed.ncbi.nlm.nih.gov/34362287/,Mental Health & ECS,false
PubMed,34366924,https://pubmed.ncbi.nlm.nih.gov/34366924/,Mental Health & ECS,false
PubMed,34366942,https://pubmed.ncbi.nlm.nih.gov/34366942/,Mental Health & ECS,false
PubMed,34373508,https://pubmed.ncbi.nlm.nih.gov/34373508/,Mental Health & ECS,false
PubMed,34387679,https://pubmed.ncbi.nlm.nih.gov/34387679/,Mental Health & ECS,false
PubMed,34389313,https://pubmed.ncbi.nlm.nih.gov/34389313/,Mental Health & ECS,false
PubMed,34389427,https://pubmed.ncbi.nlm.nih.gov/34389427/,Mental Health & ECS,false
PubMed,34403168,https://pubmed.ncbi.nlm.nih.gov/34403168/,Mental Health & ECS,false
PubMed,34412109,https://pubmed.ncbi.nlm.nih.gov/34412109/,Mental Health & ECS,false
PubMed,34413398,https://pubmed.ncbi.nlm.nih.gov/34413398/,Mental Health & ECS,false
PubMed,34430611,https://pubmed.ncbi.nlm.nih.gov/34430611/,Mental Health & ECS,false
PubMed,34432543,https://pubmed.ncbi.nlm.nih.gov/34432543/,Mental Health & ECS,false
PubMed,34436650,https://pubmed.ncbi.nlm.nih.gov/34436650/,Mental Health & ECS,false
PubMed,34445045,https://pubmed.ncbi.nlm.nih.gov/34445045/,Mental Health & ECS,false
PubMed,34448889,https://pubmed.ncbi.nlm.nih.gov/34448889/,Mental Health & ECS,false
PubMed,34461155,https://pubmed.ncbi.nlm.nih.gov/34461155/,Mental Health & ECS,false
PubMed,34467269,https://pubmed.ncbi.nlm.nih.gov/34467269/,Mental Health & ECS,false
PubMed,34467598,https://pubmed.ncbi.nlm.nih.gov/34467598/,Mental Health & ECS,false
PubMed,34468550,https://pubmed.ncbi.nlm.nih.gov/34468550/,Mental Health & ECS,false
PubMed,34485973,https://pubmed.ncbi.nlm.nih.gov/34485973/,Mental Health & ECS,false
PubMed,34487746,https://pubmed.ncbi.nlm.nih.gov/34487746/,Mental Health & ECS,false
PubMed,34505186,https://pubmed.ncbi.nlm.nih.gov/34505186/,Mental Health & ECS,false
PubMed,34509513,https://pubmed.ncbi.nlm.nih.gov/34509513/,Mental Health & ECS,false
PubMed,34526890,https://pubmed.ncbi.nlm.nih.gov/34526890/,Mental Health & ECS,false
PubMed,34559439,https://pubmed.ncbi.nlm.nih.gov/34559439/,Mental Health & ECS,false
PubMed,34560200,https://pubmed.ncbi.nlm.nih.gov/34560200/,Mental Health & ECS,false
PubMed,34569849,https://pubmed.ncbi.nlm.nih.gov/34569849/,Mental Health & ECS,false
PubMed,34609263,https://pubmed.ncbi.nlm.nih.gov/34609263/,Mental Health & ECS,false
PubMed,34625215,https://pubmed.ncbi.nlm.nih.gov/34625215/,Mental Health & ECS,false
PubMed,34625464,https://pubmed.ncbi.nlm.nih.gov/34625464/,Mental Health & ECS,false
PubMed,34630100,https://pubmed.ncbi.nlm.nih.gov/34630100/,Mental Health & ECS,false
PubMed,34645786,https://pubmed.ncbi.nlm.nih.gov/34645786/,Mental Health & ECS,false
PubMed,34648060,https://pubmed.ncbi.nlm.nih.gov/34648060/,Mental Health & ECS,false
PubMed,34655945,https://pubmed.ncbi.nlm.nih.gov/34655945/,Mental Health & ECS,false
PubMed,34662589,https://pubmed.ncbi.nlm.nih.gov/34662589/,Mental Health & ECS,false
PubMed,34662693,https://pubmed.ncbi.nlm.nih.gov/34662693/,Mental Health & ECS,false
PubMed,34672092,https://pubmed.ncbi.nlm.nih.gov/34672092/,Mental Health & ECS,false
PubMed,34676867,https://pubmed.ncbi.nlm.nih.gov/34676867/,Mental Health & ECS,false
PubMed,34678050,https://pubmed.ncbi.nlm.nih.gov/34678050/,Mental Health & ECS,false
PubMed,34679260,https://pubmed.ncbi.nlm.nih.gov/34679260/,Mental Health & ECS,false
PubMed,34688166,https://pubmed.ncbi.nlm.nih.gov/34688166/,Mental Health & ECS,false
PubMed,34688811,https://pubmed.ncbi.nlm.nih.gov/34688811/,Mental Health & ECS,false
PubMed,34694178,https://pubmed.ncbi.nlm.nih.gov/34694178/,Mental Health & ECS,false
PubMed,34695542,https://pubmed.ncbi.nlm.nih.gov/34695542/,Mental Health & ECS,false
PubMed,34713823,https://pubmed.ncbi.nlm.nih.gov/34713823/,Mental Health & ECS,false
PubMed,34716624,https://pubmed.ncbi.nlm.nih.gov/34716624/,Mental Health & ECS,false
PubMed,34717186,https://pubmed.ncbi.nlm.nih.gov/34717186/,Mental Health & ECS,false
PubMed,34719731,https://pubmed.ncbi.nlm.nih.gov/34719731/,Mental Health & ECS,false
PubMed,34724134,https://pubmed.ncbi.nlm.nih.gov/34724134/,Mental Health & ECS,false
PubMed,34726433,https://pubmed.ncbi.nlm.nih.gov/34726433/,Mental Health & ECS,false
PubMed,34730052,https://pubmed.ncbi.nlm.nih.gov/34730052/,Mental Health & ECS,false
PubMed,34730782,https://pubmed.ncbi.nlm.nih.gov/34730782/,Mental Health & ECS,false
PubMed,34735097,https://pubmed.ncbi.nlm.nih.gov/34735097/,Mental Health & ECS,false
PubMed,34741633,https://pubmed.ncbi.nlm.nih.gov/34741633/,Mental Health & ECS,false
PubMed,34741634,https://pubmed.ncbi.nlm.nih.gov/34741634/,Mental Health & ECS,false
PubMed,34763137,https://pubmed.ncbi.nlm.nih.gov/34763137/,Mental Health & ECS,false
PubMed,34764743,https://pubmed.ncbi.nlm.nih.gov/34764743/,Mental Health & ECS,false
PubMed,34782632,https://pubmed.ncbi.nlm.nih.gov/34782632/,Mental Health & ECS,false
PubMed,34791767,https://pubmed.ncbi.nlm.nih.gov/34791767/,Mental Health & ECS,false
PubMed,34794150,https://pubmed.ncbi.nlm.nih.gov/34794150/,Mental Health & ECS,false
PubMed,34800583,https://pubmed.ncbi.nlm.nih.gov/34800583/,Mental Health & ECS,false
PubMed,34813374,https://pubmed.ncbi.nlm.nih.gov/34813374/,Mental Health & ECS,false
PubMed,34813825,https://pubmed.ncbi.nlm.nih.gov/34813825/,Mental Health & ECS,false
PubMed,34822876,https://pubmed.ncbi.nlm.nih.gov/34822876/,Mental Health & ECS,false
PubMed,34825898,https://pubmed.ncbi.nlm.nih.gov/34825898/,Mental Health & ECS,false
PubMed,34827554,https://pubmed.ncbi.nlm.nih.gov/34827554/,Mental Health & ECS,false
PubMed,34838529,https://pubmed.ncbi.nlm.nih.gov/34838529/,Mental Health & ECS,false
PubMed,34843899,https://pubmed.ncbi.nlm.nih.gov/34843899/,Mental Health & ECS,false
PubMed,34845169,https://pubmed.ncbi.nlm.nih.gov/34845169/,Mental Health & ECS,false
PubMed,34864001,https://pubmed.ncbi.nlm.nih.gov/34864001/,Mental Health & ECS,false
PubMed,34874191,https://pubmed.ncbi.nlm.nih.gov/34874191/,Mental Health & ECS,false
PubMed,34880316,https://pubmed.ncbi.nlm.nih.gov/34880316/,Mental Health & ECS,false
PubMed,34887729,https://pubmed.ncbi.nlm.nih.gov/34887729/,Mental Health & ECS,false
PubMed,34889178,https://pubmed.ncbi.nlm.nih.gov/34889178/,Mental Health & ECS,false
PubMed,34893489,https://pubmed.ncbi.nlm.nih.gov/34893489/,Mental Health & ECS,false
PubMed,34895014,https://pubmed.ncbi.nlm.nih.gov/34895014/,Mental Health & ECS,false
PubMed,34908722,https://pubmed.ncbi.nlm.nih.gov/34908722/,Mental Health & ECS,false
PubMed,34911567,https://pubmed.ncbi.nlm.nih.gov/34911567/,Mental Health & ECS,false
PubMed,34916323,https://pubmed.ncbi.nlm.nih.gov/34916323/,Mental Health & ECS,false
PubMed,34937473,https://pubmed.ncbi.nlm.nih.gov/34937473/,Mental Health & ECS,false
PubMed,34940961,https://pubmed.ncbi.nlm.nih.gov/34940961/,Mental Health & ECS,false
PubMed,34944011,https://pubmed.ncbi.nlm.nih.gov/34944011/,Mental Health & ECS,false
PubMed,34952255,https://pubmed.ncbi.nlm.nih.gov/34952255/,Mental Health & ECS,false
PubMed,34952353,https://pubmed.ncbi.nlm.nih.gov/34952353/,Mental Health & ECS,false
PubMed,34962133,https://pubmed.ncbi.nlm.nih.gov/34962133/,Mental Health & ECS,false
PubMed,34964681,https://pubmed.ncbi.nlm.nih.gov/34964681/,Mental Health & ECS,false
PubMed,34965406,https://pubmed.ncbi.nlm.nih.gov/34965406/,Mental Health & ECS,false
PubMed,34969181,https://pubmed.ncbi.nlm.nih.gov/34969181/,Mental Health & ECS,false
PubMed,34970999,https://pubmed.ncbi.nlm.nih.gov/34970999/,Mental Health & ECS,false
PubMed,34973413,https://pubmed.ncbi.nlm.nih.gov/34973413/,Mental Health & ECS,false
PubMed,34974754,https://pubmed.ncbi.nlm.nih.gov/34974754/,Mental Health & ECS,false
PubMed,34974758,https://pubmed.ncbi.nlm.nih.gov/34974758/,Mental Health & ECS,false
PubMed,34978045,https://pubmed.ncbi.nlm.nih.gov/34978045/,Mental Health & ECS,false
PubMed,34997862,https://pubmed.ncbi.nlm.nih.gov/34997862/,Mental Health & ECS,false
PubMed,34999370,https://pubmed.ncbi.nlm.nih.gov/34999370/,Mental Health & ECS,false
PubMed,35020045,https://pubmed.ncbi.nlm.nih.gov/35020045/,Mental Health & ECS,false
PubMed,35029706,https://pubmed.ncbi.nlm.nih.gov/35029706/,Mental Health & ECS,false
PubMed,35032317,https://pubmed.ncbi.nlm.nih.gov/35032317/,Mental Health & ECS,false
PubMed,35032495,https://pubmed.ncbi.nlm.nih.gov/35032495/,Mental Health & ECS,false
PubMed,35034400,https://pubmed.ncbi.nlm.nih.gov/35034400/,Mental Health & ECS,false
PubMed,35043164,https://pubmed.ncbi.nlm.nih.gov/35043164/,Mental Health & ECS,false
PubMed,35053256,https://pubmed.ncbi.nlm.nih.gov/35053256/,Mental Health & ECS,false
PubMed,35064143,https://pubmed.ncbi.nlm.nih.gov/35064143/,Mental Health & ECS,false
PubMed,35066012,https://pubmed.ncbi.nlm.nih.gov/35066012/,Mental Health & ECS,false
PubMed,35066293,https://pubmed.ncbi.nlm.nih.gov/35066293/,Mental Health & ECS,false
PubMed,35073160,https://pubmed.ncbi.nlm.nih.gov/35073160/,Mental Health & ECS,false
PubMed,35084912,https://pubmed.ncbi.nlm.nih.gov/35084912/,Mental Health & ECS,false
PubMed,35090896,https://pubmed.ncbi.nlm.nih.gov/35090896/,Mental Health & ECS,false
PubMed,35102424,https://pubmed.ncbi.nlm.nih.gov/35102424/,Mental Health & ECS,false
PubMed,35105857,https://pubmed.ncbi.nlm.nih.gov/35105857/,Mental Health & ECS,false
PubMed,35129994,https://pubmed.ncbi.nlm.nih.gov/35129994/,Mental Health & ECS,false
PubMed,35135986,https://pubmed.ncbi.nlm.nih.gov/35135986/,Mental Health & ECS,false
PubMed,35142225,https://pubmed.ncbi.nlm.nih.gov/35142225/,Mental Health & ECS,false
PubMed,35142601,https://pubmed.ncbi.nlm.nih.gov/35142601/,Mental Health & ECS,false
PubMed,35145212,https://pubmed.ncbi.nlm.nih.gov/35145212/,Mental Health & ECS,false
PubMed,35168076,https://pubmed.ncbi.nlm.nih.gov/35168076/,Mental Health & ECS,false
PubMed,35179451,https://pubmed.ncbi.nlm.nih.gov/35179451/,Mental Health & ECS,false
PubMed,35184002,https://pubmed.ncbi.nlm.nih.gov/35184002/,Mental Health & ECS,false
PubMed,35189496,https://pubmed.ncbi.nlm.nih.gov/35189496/,Mental Health & ECS,false
PubMed,35208253,https://pubmed.ncbi.nlm.nih.gov/35208253/,Mental Health & ECS,false
PubMed,35210458,https://pubmed.ncbi.nlm.nih.gov/35210458/,Mental Health & ECS,false
PubMed,35211046,https://pubmed.ncbi.nlm.nih.gov/35211046/,Mental Health & ECS,false
PubMed,35212887,https://pubmed.ncbi.nlm.nih.gov/35212887/,Mental Health & ECS,false
PubMed,35219263,https://pubmed.ncbi.nlm.nih.gov/35219263/,Mental Health & ECS,false
PubMed,35219856,https://pubmed.ncbi.nlm.nih.gov/35219856/,Mental Health & ECS,false
PubMed,35230059,https://pubmed.ncbi.nlm.nih.gov/35230059/,Mental Health & ECS,false
PubMed,35245889,https://pubmed.ncbi.nlm.nih.gov/35245889/,Mental Health & ECS,false
PubMed,35256692,https://pubmed.ncbi.nlm.nih.gov/35256692/,Mental Health & ECS,false
PubMed,35264631,https://pubmed.ncbi.nlm.nih.gov/35264631/,Mental Health & ECS,false
PubMed,35270462,https://pubmed.ncbi.nlm.nih.gov/35270462/,Mental Health & ECS,false
PubMed,35315149,https://pubmed.ncbi.nlm.nih.gov/35315149/,Mental Health & ECS,false
PubMed,35315315,https://pubmed.ncbi.nlm.nih.gov/35315315/,Mental Health & ECS,false
PubMed,35316689,https://pubmed.ncbi.nlm.nih.gov/35316689/,Mental Health & ECS,false
PubMed,35319274,https://pubmed.ncbi.nlm.nih.gov/35319274/,Mental Health & ECS,false
PubMed,35321777,https://pubmed.ncbi.nlm.nih.gov/35321777/,Mental Health & ECS,false
PubMed,35322131,https://pubmed.ncbi.nlm.nih.gov/35322131/,Mental Health & ECS,false
PubMed,35333612,https://pubmed.ncbi.nlm.nih.gov/35333612/,Mental Health & ECS,false
PubMed,35341823,https://pubmed.ncbi.nlm.nih.gov/35341823/,Mental Health & ECS,false
PubMed,35343818,https://pubmed.ncbi.nlm.nih.gov/35343818/,Mental Health & ECS,false
PubMed,35347586,https://pubmed.ncbi.nlm.nih.gov/35347586/,Mental Health & ECS,false
PubMed,35348056,https://pubmed.ncbi.nlm.nih.gov/35348056/,Mental Health & ECS,false
PubMed,35351488,https://pubmed.ncbi.nlm.nih.gov/35351488/,Mental Health & ECS,false
PubMed,35367279,https://pubmed.ncbi.nlm.nih.gov/35367279/,Mental Health & ECS,false
PubMed,35368113,https://pubmed.ncbi.nlm.nih.gov/35368113/,Mental Health & ECS,false
PubMed,35382720,https://pubmed.ncbi.nlm.nih.gov/35382720/,Mental Health & ECS,false
PubMed,35392388,https://pubmed.ncbi.nlm.nih.gov/35392388/,Mental Health & ECS,false
PubMed,35396940,https://pubmed.ncbi.nlm.nih.gov/35396940/,Mental Health & ECS,false
PubMed,35410608,https://pubmed.ncbi.nlm.nih.gov/35410608/,Mental Health & ECS,false
PubMed,35429587,https://pubmed.ncbi.nlm.nih.gov/35429587/,Mental Health & ECS,false
PubMed,35429874,https://pubmed.ncbi.nlm.nih.gov/35429874/,Mental Health & ECS,false
PubMed,35430960,https://pubmed.ncbi.nlm.nih.gov/35430960/,Mental Health & ECS,false
PubMed,35435462,https://pubmed.ncbi.nlm.nih.gov/35435462/,Mental Health & ECS,false
PubMed,35436517,https://pubmed.ncbi.nlm.nih.gov/35436517/,Mental Health & ECS,false
PubMed,35442196,https://pubmed.ncbi.nlm.nih.gov/35442196/,Mental Health & ECS,false
PubMed,35443806,https://pubmed.ncbi.nlm.nih.gov/35443806/,Mental Health & ECS,false
PubMed,35445839,https://pubmed.ncbi.nlm.nih.gov/35445839/,Mental Health & ECS,false
PubMed,35455470,https://pubmed.ncbi.nlm.nih.gov/35455470/,Mental Health & ECS,false
PubMed,35457014,https://pubmed.ncbi.nlm.nih.gov/35457014/,Mental Health & ECS,false
PubMed,35459406,https://pubmed.ncbi.nlm.nih.gov/35459406/,Mental Health & ECS,false
PubMed,35467899,https://pubmed.ncbi.nlm.nih.gov/35467899/,Mental Health & ECS,false
PubMed,35478010,https://pubmed.ncbi.nlm.nih.gov/35478010/,Mental Health & ECS,false
PubMed,35484520,https://pubmed.ncbi.nlm.nih.gov/35484520/,Mental Health & ECS,false
PubMed,35490908,https://pubmed.ncbi.nlm.nih.gov/35490908/,Mental Health & ECS,false
PubMed,35490927,https://pubmed.ncbi.nlm.nih.gov/35490927/,Mental Health & ECS,false
PubMed,35500667,https://pubmed.ncbi.nlm.nih.gov/35500667/,Mental Health & ECS,false
PubMed,35503434,https://pubmed.ncbi.nlm.nih.gov/35503434/,Mental Health & ECS,false
PubMed,35508822,https://pubmed.ncbi.nlm.nih.gov/35508822/,Mental Health & ECS,false
PubMed,35513169,https://pubmed.ncbi.nlm.nih.gov/35513169/,Mental Health & ECS,false
PubMed,35513236,https://pubmed.ncbi.nlm.nih.gov/35513236/,Mental Health & ECS,false
PubMed,35523112,https://pubmed.ncbi.nlm.nih.gov/35523112/,Mental Health & ECS,false
PubMed,35532037,https://pubmed.ncbi.nlm.nih.gov/35532037/,Mental Health & ECS,false
PubMed,35538819,https://pubmed.ncbi.nlm.nih.gov/35538819/,Mental Health & ECS,false
PubMed,35561538,https://pubmed.ncbi.nlm.nih.gov/35561538/,Mental Health & ECS,false
PubMed,35562542,https://pubmed.ncbi.nlm.nih.gov/35562542/,Mental Health & ECS,false
PubMed,35575169,https://pubmed.ncbi.nlm.nih.gov/35575169/,Mental Health & ECS,false
PubMed,35578884,https://pubmed.ncbi.nlm.nih.gov/35578884/,Mental Health & ECS,false
PubMed,35580370,https://pubmed.ncbi.nlm.nih.gov/35580370/,Mental Health & ECS,false
PubMed,35585261,https://pubmed.ncbi.nlm.nih.gov/35585261/,Mental Health & ECS,false
PubMed,35588917,https://pubmed.ncbi.nlm.nih.gov/35588917/,Mental Health & ECS,false
PubMed,35589766,https://pubmed.ncbi.nlm.nih.gov/35589766/,Mental Health & ECS,false
PubMed,35598566,https://pubmed.ncbi.nlm.nih.gov/35598566/,Mental Health & ECS,false
PubMed,35612654,https://pubmed.ncbi.nlm.nih.gov/35612654/,Mental Health & ECS,false
PubMed,35617607,https://pubmed.ncbi.nlm.nih.gov/35617607/,Mental Health & ECS,false
PubMed,35617670,https://pubmed.ncbi.nlm.nih.gov/35617670/,Mental Health & ECS,false
PubMed,35619155,https://pubmed.ncbi.nlm.nih.gov/35619155/,Mental Health & ECS,false
PubMed,35640355,https://pubmed.ncbi.nlm.nih.gov/35640355/,Mental Health & ECS,false
PubMed,35640529,https://pubmed.ncbi.nlm.nih.gov/35640529/,Mental Health & ECS,false
PubMed,35641487,https://pubmed.ncbi.nlm.nih.gov/35641487/,Mental Health & ECS,false
PubMed,35648395,https://pubmed.ncbi.nlm.nih.gov/35648395/,Mental Health & ECS,false
PubMed,35650304,https://pubmed.ncbi.nlm.nih.gov/35650304/,Mental Health & ECS,false
PubMed,35660545,https://pubmed.ncbi.nlm.nih.gov/35660545/,Mental Health & ECS,false
PubMed,35665872,https://pubmed.ncbi.nlm.nih.gov/35665872/,Mental Health & ECS,false
PubMed,35666226,https://pubmed.ncbi.nlm.nih.gov/35666226/,Mental Health & ECS,false
PubMed,35666299,https://pubmed.ncbi.nlm.nih.gov/35666299/,Mental Health & ECS,false
PubMed,35677294,https://pubmed.ncbi.nlm.nih.gov/35677294/,Mental Health & ECS,false
PubMed,35682586,https://pubmed.ncbi.nlm.nih.gov/35682586/,Mental Health & ECS,false
PubMed,35686188,https://pubmed.ncbi.nlm.nih.gov/35686188/,Mental Health & ECS,false
PubMed,35690082,https://pubmed.ncbi.nlm.nih.gov/35690082/,Mental Health & ECS,false
PubMed,35690891,https://pubmed.ncbi.nlm.nih.gov/35690891/,Mental Health & ECS,false
PubMed,35696124,https://pubmed.ncbi.nlm.nih.gov/35696124/,Mental Health & ECS,false
PubMed,35696691,https://pubmed.ncbi.nlm.nih.gov/35696691/,Mental Health & ECS,false
PubMed,35698004,https://pubmed.ncbi.nlm.nih.gov/35698004/,Mental Health & ECS,false
PubMed,35709178,https://pubmed.ncbi.nlm.nih.gov/35709178/,Mental Health & ECS,false
PubMed,35711159,https://pubmed.ncbi.nlm.nih.gov/35711159/,Mental Health & ECS,false
PubMed,35721203,https://pubmed.ncbi.nlm.nih.gov/35721203/,Mental Health & ECS,false
PubMed,35730558,https://pubmed.ncbi.nlm.nih.gov/35730558/,Mental Health & ECS,false
PubMed,35737597,https://pubmed.ncbi.nlm.nih.gov/35737597/,Mental Health & ECS,false
PubMed,35738924,https://pubmed.ncbi.nlm.nih.gov/35738924/,Mental Health & ECS,false
PubMed,35742573,https://pubmed.ncbi.nlm.nih.gov/35742573/,Mental Health & ECS,false
PubMed,35753121,https://pubmed.ncbi.nlm.nih.gov/35753121/,Mental Health & ECS,false
PubMed,35754107,https://pubmed.ncbi.nlm.nih.gov/35754107/,Mental Health & ECS,false
PubMed,35767680,https://pubmed.ncbi.nlm.nih.gov/35767680/,Mental Health & ECS,false
PubMed,35768212,https://pubmed.ncbi.nlm.nih.gov/35768212/,Mental Health & ECS,false
PubMed,35772419,https://pubmed.ncbi.nlm.nih.gov/35772419/,Mental Health & ECS,false
PubMed,35775365,https://pubmed.ncbi.nlm.nih.gov/35775365/,Mental Health & ECS,false
PubMed,35792818,https://pubmed.ncbi.nlm.nih.gov/35792818/,Mental Health & ECS,false
PubMed,35793696,https://pubmed.ncbi.nlm.nih.gov/35793696/,Mental Health & ECS,false
PubMed,35796920,https://pubmed.ncbi.nlm.nih.gov/35796920/,Mental Health & ECS,false
PubMed,35809704,https://pubmed.ncbi.nlm.nih.gov/35809704/,Mental Health & ECS,false
PubMed,35810604,https://pubmed.ncbi.nlm.nih.gov/35810604/,Mental Health & ECS,false
PubMed,35810645,https://pubmed.ncbi.nlm.nih.gov/35810645/,Mental Health & ECS,false
PubMed,35810923,https://pubmed.ncbi.nlm.nih.gov/35810923/,Mental Health & ECS,false
PubMed,35815028,https://pubmed.ncbi.nlm.nih.gov/35815028/,Mental Health & ECS,false
PubMed,35847003,https://pubmed.ncbi.nlm.nih.gov/35847003/,Mental Health & ECS,false
PubMed,35851573,https://pubmed.ncbi.nlm.nih.gov/35851573/,Mental Health & ECS,false
PubMed,35858094,https://pubmed.ncbi.nlm.nih.gov/35858094/,Mental Health & ECS,false
PubMed,35859599,https://pubmed.ncbi.nlm.nih.gov/35859599/,Mental Health & ECS,false
PubMed,35861792,https://pubmed.ncbi.nlm.nih.gov/35861792/,Mental Health & ECS,false
PubMed,35867421,https://pubmed.ncbi.nlm.nih.gov/35867421/,Mental Health & ECS,false
PubMed,35872614,https://pubmed.ncbi.nlm.nih.gov/35872614/,Mental Health & ECS,false
PubMed,35873560,https://pubmed.ncbi.nlm.nih.gov/35873560/,Mental Health & ECS,false
PubMed,35877107,https://pubmed.ncbi.nlm.nih.gov/35877107/,Mental Health & ECS,false
PubMed,35878060,https://pubmed.ncbi.nlm.nih.gov/35878060/,Mental Health & ECS,false
PubMed,35881851,https://pubmed.ncbi.nlm.nih.gov/35881851/,Mental Health & ECS,false
PubMed,35881880,https://pubmed.ncbi.nlm.nih.gov/35881880/,Mental Health & ECS,false
PubMed,35884990,https://pubmed.ncbi.nlm.nih.gov/35884990/,Mental Health & ECS,false
PubMed,35892688,https://pubmed.ncbi.nlm.nih.gov/35892688/,Mental Health & ECS,false
PubMed,35899381,https://pubmed.ncbi.nlm.nih.gov/35899381/,Mental Health & ECS,false
PubMed,35900474,https://pubmed.ncbi.nlm.nih.gov/35900474/,Mental Health & ECS,false
PubMed,35901408,https://pubmed.ncbi.nlm.nih.gov/35901408/,Mental Health & ECS,false
PubMed,35901795,https://pubmed.ncbi.nlm.nih.gov/35901795/,Mental Health & ECS,false
PubMed,35901956,https://pubmed.ncbi.nlm.nih.gov/35901956/,Mental Health & ECS,false
PubMed,35904579,https://pubmed.ncbi.nlm.nih.gov/35904579/,Mental Health & ECS,false
PubMed,35905593,https://pubmed.ncbi.nlm.nih.gov/35905593/,Mental Health & ECS,false
PubMed,35906490,https://pubmed.ncbi.nlm.nih.gov/35906490/,Mental Health & ECS,false
PubMed,35908347,https://pubmed.ncbi.nlm.nih.gov/35908347/,Mental Health & ECS,false
PubMed,35908759,https://pubmed.ncbi.nlm.nih.gov/35908759/,Mental Health & ECS,false
PubMed,35917529,https://pubmed.ncbi.nlm.nih.gov/35917529/,Mental Health & ECS,false
PubMed,35917650,https://pubmed.ncbi.nlm.nih.gov/35917650/,Mental Health & ECS,false
PubMed,35921510,https://pubmed.ncbi.nlm.nih.gov/35921510/,Mental Health & ECS,false
PubMed,35925031,https://pubmed.ncbi.nlm.nih.gov/35925031/,Mental Health & ECS,false
PubMed,35930228,https://pubmed.ncbi.nlm.nih.gov/35930228/,Mental Health & ECS,false
PubMed,35932069,https://pubmed.ncbi.nlm.nih.gov/35932069/,Mental Health & ECS,false
PubMed,35932748,https://pubmed.ncbi.nlm.nih.gov/35932748/,Mental Health & ECS,false
PubMed,35934327,https://pubmed.ncbi.nlm.nih.gov/35934327/,Mental Health & ECS,false
PubMed,35944262,https://pubmed.ncbi.nlm.nih.gov/35944262/,Mental Health & ECS,false
PubMed,35946605,https://pubmed.ncbi.nlm.nih.gov/35946605/,Mental Health & ECS,false
PubMed,35947471,https://pubmed.ncbi.nlm.nih.gov/35947471/,Mental Health & ECS,false
PubMed,35950574,https://pubmed.ncbi.nlm.nih.gov/35950574/,Mental Health & ECS,false
PubMed,35961791,https://pubmed.ncbi.nlm.nih.gov/35961791/,Mental Health & ECS,false
PubMed,35966616,https://pubmed.ncbi.nlm.nih.gov/35966616/,Mental Health & ECS,false
PubMed,35978287,https://pubmed.ncbi.nlm.nih.gov/35978287/,Mental Health & ECS,false
PubMed,35979200,https://pubmed.ncbi.nlm.nih.gov/35979200/,Mental Health & ECS,false
PubMed,35981598,https://pubmed.ncbi.nlm.nih.gov/35981598/,Mental Health & ECS,false
PubMed,35983644,https://pubmed.ncbi.nlm.nih.gov/35983644/,Mental Health & ECS,false
PubMed,35983959,https://pubmed.ncbi.nlm.nih.gov/35983959/,Mental Health & ECS,false
PubMed,35984590,https://pubmed.ncbi.nlm.nih.gov/35984590/,Mental Health & ECS,false
PubMed,35984927,https://pubmed.ncbi.nlm.nih.gov/35984927/,Mental Health & ECS,false
PubMed,36009411,https://pubmed.ncbi.nlm.nih.gov/36009411/,Mental Health & ECS,false
PubMed,36011210,https://pubmed.ncbi.nlm.nih.gov/36011210/,Mental Health & ECS,false
PubMed,36011346,https://pubmed.ncbi.nlm.nih.gov/36011346/,Mental Health & ECS,false
PubMed,36012600,https://pubmed.ncbi.nlm.nih.gov/36012600/,Mental Health & ECS,false
PubMed,36029006,https://pubmed.ncbi.nlm.nih.gov/36029006/,Mental Health & ECS,false
PubMed,36030758,https://pubmed.ncbi.nlm.nih.gov/36030758/,Mental Health & ECS,false
PubMed,36032247,https://pubmed.ncbi.nlm.nih.gov/36032247/,Mental Health & ECS,false
PubMed,36033626,https://pubmed.ncbi.nlm.nih.gov/36033626/,Mental Health & ECS,false
PubMed,36036345,https://pubmed.ncbi.nlm.nih.gov/36036345/,Mental Health & ECS,false
PubMed,36037600,https://pubmed.ncbi.nlm.nih.gov/36037600/,Mental Health & ECS,false
PubMed,36039150,https://pubmed.ncbi.nlm.nih.gov/36039150/,Mental Health & ECS,false
PubMed,36040711,https://pubmed.ncbi.nlm.nih.gov/36040711/,Mental Health & ECS,false
PubMed,36043319,https://pubmed.ncbi.nlm.nih.gov/36043319/,Mental Health & ECS,false
PubMed,36046299,https://pubmed.ncbi.nlm.nih.gov/36046299/,Mental Health & ECS,false
PubMed,36048110,https://pubmed.ncbi.nlm.nih.gov/36048110/,Mental Health & ECS,false
PubMed,36048545,https://pubmed.ncbi.nlm.nih.gov/36048545/,Mental Health & ECS,false
PubMed,36049316,https://pubmed.ncbi.nlm.nih.gov/36049316/,Mental Health & ECS,false
PubMed,36055075,https://pubmed.ncbi.nlm.nih.gov/36055075/,Mental Health & ECS,false
PubMed,36055735,https://pubmed.ncbi.nlm.nih.gov/36055735/,Mental Health & ECS,false
PubMed,36065905,https://pubmed.ncbi.nlm.nih.gov/36065905/,Mental Health & ECS,false
PubMed,36068202,https://pubmed.ncbi.nlm.nih.gov/36068202/,Mental Health & ECS,false
PubMed,36072196,https://pubmed.ncbi.nlm.nih.gov/36072196/,Mental Health & ECS,false
PubMed,36077195,https://pubmed.ncbi.nlm.nih.gov/36077195/,Mental Health & ECS,false
PubMed,36078646,https://pubmed.ncbi.nlm.nih.gov/36078646/,Mental Health & ECS,false
PubMed,36081608,https://pubmed.ncbi.nlm.nih.gov/36081608/,Mental Health & ECS,false
PubMed,36081934,https://pubmed.ncbi.nlm.nih.gov/36081934/,Mental Health & ECS,false
PubMed,36082864,https://pubmed.ncbi.nlm.nih.gov/36082864/,Mental Health & ECS,false
PubMed,36085294,https://pubmed.ncbi.nlm.nih.gov/36085294/,Mental Health & ECS,false
PubMed,36088492,https://pubmed.ncbi.nlm.nih.gov/36088492/,Mental Health & ECS,false
PubMed,36091647,https://pubmed.ncbi.nlm.nih.gov/36091647/,Mental Health & ECS,false
PubMed,36093677,https://pubmed.ncbi.nlm.nih.gov/36093677/,Mental Health & ECS,false
PubMed,36096452,https://pubmed.ncbi.nlm.nih.gov/36096452/,Mental Health & ECS,false
PubMed,36099111,https://pubmed.ncbi.nlm.nih.gov/36099111/,Mental Health & ECS,false
PubMed,36100658,https://pubmed.ncbi.nlm.nih.gov/36100658/,Mental Health & ECS,false
PubMed,36105269,https://pubmed.ncbi.nlm.nih.gov/36105269/,Mental Health & ECS,false
PubMed,36114286,https://pubmed.ncbi.nlm.nih.gov/36114286/,Mental Health & ECS,false
PubMed,36115920,https://pubmed.ncbi.nlm.nih.gov/36115920/,Mental Health & ECS,false
PubMed,36120218,https://pubmed.ncbi.nlm.nih.gov/36120218/,Mental Health & ECS,false
PubMed,36120841,https://pubmed.ncbi.nlm.nih.gov/36120841/,Mental Health & ECS,false
PubMed,36123266,https://pubmed.ncbi.nlm.nih.gov/36123266/,Mental Health & ECS,false
PubMed,36125319,https://pubmed.ncbi.nlm.nih.gov/36125319/,Mental Health & ECS,false
PubMed,36129937,https://pubmed.ncbi.nlm.nih.gov/36129937/,Mental Health & ECS,false
PubMed,36133747,https://pubmed.ncbi.nlm.nih.gov/36133747/,Mental Health & ECS,false
PubMed,36137273,https://pubmed.ncbi.nlm.nih.gov/36137273/,Mental Health & ECS,false
PubMed,36137764,https://pubmed.ncbi.nlm.nih.gov/36137764/,Mental Health & ECS,false
PubMed,36147353,https://pubmed.ncbi.nlm.nih.gov/36147353/,Mental Health & ECS,false
PubMed,36148826,https://pubmed.ncbi.nlm.nih.gov/36148826/,Mental Health & ECS,false
PubMed,36159065,https://pubmed.ncbi.nlm.nih.gov/36159065/,Mental Health & ECS,false
PubMed,36162309,https://pubmed.ncbi.nlm.nih.gov/36162309/,Mental Health & ECS,false
PubMed,36169325,https://pubmed.ncbi.nlm.nih.gov/36169325/,Mental Health & ECS,false
PubMed,36170756,https://pubmed.ncbi.nlm.nih.gov/36170756/,Mental Health & ECS,false
PubMed,36173065,https://pubmed.ncbi.nlm.nih.gov/36173065/,Mental Health & ECS,false
PubMed,36175509,https://pubmed.ncbi.nlm.nih.gov/36175509/,Mental Health & ECS,false
PubMed,36176817,https://pubmed.ncbi.nlm.nih.gov/36176817/,Mental Health & ECS,false
PubMed,36178356,https://pubmed.ncbi.nlm.nih.gov/36178356/,Mental Health & ECS,false
PubMed,36179013,https://pubmed.ncbi.nlm.nih.gov/36179013/,Mental Health & ECS,false
PubMed,36179725,https://pubmed.ncbi.nlm.nih.gov/36179725/,Mental Health & ECS,false
PubMed,36179954,https://pubmed.ncbi.nlm.nih.gov/36179954/,Mental Health & ECS,false
PubMed,36180127,https://pubmed.ncbi.nlm.nih.gov/36180127/,Mental Health & ECS,false
PubMed,36181332,https://pubmed.ncbi.nlm.nih.gov/36181332/,Mental Health & ECS,false
PubMed,36181746,https://pubmed.ncbi.nlm.nih.gov/36181746/,Mental Health & ECS,false
PubMed,36182689,https://pubmed.ncbi.nlm.nih.gov/36182689/,Mental Health & ECS,false
PubMed,36184876,https://pubmed.ncbi.nlm.nih.gov/36184876/,Mental Health & ECS,false
PubMed,36188636,https://pubmed.ncbi.nlm.nih.gov/36188636/,Mental Health & ECS,false
PubMed,36189776,https://pubmed.ncbi.nlm.nih.gov/36189776/,Mental Health & ECS,false
PubMed,36191533,https://pubmed.ncbi.nlm.nih.gov/36191533/,Mental Health & ECS,false
PubMed,36192811,https://pubmed.ncbi.nlm.nih.gov/36192811/,Mental Health & ECS,false
PubMed,36201240,https://pubmed.ncbi.nlm.nih.gov/36201240/,Mental Health & ECS,false
PubMed,36201809,https://pubmed.ncbi.nlm.nih.gov/36201809/,Mental Health & ECS,false
PubMed,36202716,https://pubmed.ncbi.nlm.nih.gov/36202716/,Mental Health & ECS,false
PubMed,36204167,https://pubmed.ncbi.nlm.nih.gov/36204167/,Mental Health & ECS,false
PubMed,36205384,https://pubmed.ncbi.nlm.nih.gov/36205384/,Mental Health & ECS,false
PubMed,36209081,https://pubmed.ncbi.nlm.nih.gov/36209081/,Mental Health & ECS,false
PubMed,36214713,https://pubmed.ncbi.nlm.nih.gov/36214713/,Mental Health & ECS,false
PubMed,36218958,https://pubmed.ncbi.nlm.nih.gov/36218958/,Mental Health & ECS,false
PubMed,36219190,https://pubmed.ncbi.nlm.nih.gov/36219190/,Mental Health & ECS,false
PubMed,36219905,https://pubmed.ncbi.nlm.nih.gov/36219905/,Mental Health & ECS,false
PubMed,36226444,https://pubmed.ncbi.nlm.nih.gov/36226444/,Mental Health & ECS,false
PubMed,36227352,https://pubmed.ncbi.nlm.nih.gov/36227352/,Mental Health & ECS,false
PubMed,36239014,https://pubmed.ncbi.nlm.nih.gov/36239014/,Mental Health & ECS,false
PubMed,36239039,https://pubmed.ncbi.nlm.nih.gov/36239039/,Mental Health & ECS,false
PubMed,36241853,https://pubmed.ncbi.nlm.nih.gov/36241853/,Mental Health & ECS,false
PubMed,36244318,https://pubmed.ncbi.nlm.nih.gov/36244318/,Mental Health & ECS,false
PubMed,36248648,https://pubmed.ncbi.nlm.nih.gov/36248648/,Mental Health & ECS,false
PubMed,36249785,https://pubmed.ncbi.nlm.nih.gov/36249785/,Mental Health & ECS,false
PubMed,36251462,https://pubmed.ncbi.nlm.nih.gov/36251462/,Mental Health & ECS,false
PubMed,36252885,https://pubmed.ncbi.nlm.nih.gov/36252885/,Mental Health & ECS,false
PubMed,36259271,https://pubmed.ncbi.nlm.nih.gov/36259271/,Mental Health & ECS,false
PubMed,36270348,https://pubmed.ncbi.nlm.nih.gov/36270348/,Mental Health & ECS,false
PubMed,36270919,https://pubmed.ncbi.nlm.nih.gov/36270919/,Mental Health & ECS,false
PubMed,36277767,https://pubmed.ncbi.nlm.nih.gov/36277767/,Mental Health & ECS,false
PubMed,36289837,https://pubmed.ncbi.nlm.nih.gov/36289837/,Mental Health & ECS,false
PubMed,36291128,https://pubmed.ncbi.nlm.nih.gov/36291128/,Mental Health & ECS,false
PubMed,36295625,https://pubmed.ncbi.nlm.nih.gov/36295625/,Mental Health & ECS,false
PubMed,36299544,https://pubmed.ncbi.nlm.nih.gov/36299544/,Mental Health & ECS,false
PubMed,36301212,https://pubmed.ncbi.nlm.nih.gov/36301212/,Mental Health & ECS,false
PubMed,36318094,https://pubmed.ncbi.nlm.nih.gov/36318094/,Mental Health & ECS,false
PubMed,36318403,https://pubmed.ncbi.nlm.nih.gov/36318403/,Mental Health & ECS,false
PubMed,36323143,https://pubmed.ncbi.nlm.nih.gov/36323143/,Mental Health & ECS,false
PubMed,36323788,https://pubmed.ncbi.nlm.nih.gov/36323788/,Mental Health & ECS,false
PubMed,36324790,https://pubmed.ncbi.nlm.nih.gov/36324790/,Mental Health & ECS,false
PubMed,36327134,https://pubmed.ncbi.nlm.nih.gov/36327134/,Mental Health & ECS,false
PubMed,36334768,https://pubmed.ncbi.nlm.nih.gov/36334768/,Mental Health & ECS,false
PubMed,36335085,https://pubmed.ncbi.nlm.nih.gov/36335085/,Mental Health & ECS,false
PubMed,36335786,https://pubmed.ncbi.nlm.nih.gov/36335786/,Mental Health & ECS,false
PubMed,36336070,https://pubmed.ncbi.nlm.nih.gov/36336070/,Mental Health & ECS,false
PubMed,36336144,https://pubmed.ncbi.nlm.nih.gov/36336144/,Mental Health & ECS,false
PubMed,36339877,https://pubmed.ncbi.nlm.nih.gov/36339877/,Mental Health & ECS,false
PubMed,36349542,https://pubmed.ncbi.nlm.nih.gov/36349542/,Mental Health & ECS,false
PubMed,36352103,https://pubmed.ncbi.nlm.nih.gov/36352103/,Mental Health & ECS,false
PubMed,36352558,https://pubmed.ncbi.nlm.nih.gov/36352558/,Mental Health & ECS,false
PubMed,36355682,https://pubmed.ncbi.nlm.nih.gov/36355682/,Mental Health & ECS,false
PubMed,36358392,https://pubmed.ncbi.nlm.nih.gov/36358392/,Mental Health & ECS,false
PubMed,36370842,https://pubmed.ncbi.nlm.nih.gov/36370842/,Mental Health & ECS,false
PubMed,36372093,https://pubmed.ncbi.nlm.nih.gov/36372093/,Mental Health & ECS,false
PubMed,36379386,https://pubmed.ncbi.nlm.nih.gov/36379386/,Mental Health & ECS,false
PubMed,36379443,https://pubmed.ncbi.nlm.nih.gov/36379443/,Mental Health & ECS,false
PubMed,36384966,https://pubmed.ncbi.nlm.nih.gov/36384966/,Mental Health & ECS,false
PubMed,36385633,https://pubmed.ncbi.nlm.nih.gov/36385633/,Mental Health & ECS,false
PubMed,36385902,https://pubmed.ncbi.nlm.nih.gov/36385902/,Mental Health & ECS,false
PubMed,36386202,https://pubmed.ncbi.nlm.nih.gov/36386202/,Mental Health & ECS,false
PubMed,36401953,https://pubmed.ncbi.nlm.nih.gov/36401953/,Mental Health & ECS,false
PubMed,36403489,https://pubmed.ncbi.nlm.nih.gov/36403489/,Mental Health & ECS,false
PubMed,36406747,https://pubmed.ncbi.nlm.nih.gov/36406747/,Mental Health & ECS,false
PubMed,36409719,https://pubmed.ncbi.nlm.nih.gov/36409719/,Mental Health & ECS,false
PubMed,36410310,https://pubmed.ncbi.nlm.nih.gov/36410310/,Mental Health & ECS,false
PubMed,36410900,https://pubmed.ncbi.nlm.nih.gov/36410900/,Mental Health & ECS,false
PubMed,36410901,https://pubmed.ncbi.nlm.nih.gov/36410901/,Mental Health & ECS,false
PubMed,36410906,https://pubmed.ncbi.nlm.nih.gov/36410906/,Mental Health & ECS,false
PubMed,36410907,https://pubmed.ncbi.nlm.nih.gov/36410907/,Mental Health & ECS,false
PubMed,36414159,https://pubmed.ncbi.nlm.nih.gov/36414159/,Mental Health & ECS,false
PubMed,36415673,https://pubmed.ncbi.nlm.nih.gov/36415673/,Mental Health & ECS,false
PubMed,36419922,https://pubmed.ncbi.nlm.nih.gov/36419922/,Mental Health & ECS,false
PubMed,36421839,https://pubmed.ncbi.nlm.nih.gov/36421839/,Mental Health & ECS,false
PubMed,36426543,https://pubmed.ncbi.nlm.nih.gov/36426543/,Mental Health & ECS,false
PubMed,36434879,https://pubmed.ncbi.nlm.nih.gov/36434879/,Mental Health & ECS,false
PubMed,36434880,https://pubmed.ncbi.nlm.nih.gov/36434880/,Mental Health & ECS,false
PubMed,36441553,https://pubmed.ncbi.nlm.nih.gov/36441553/,Mental Health & ECS,false
PubMed,36455670,https://pubmed.ncbi.nlm.nih.gov/36455670/,Mental Health & ECS,false
PubMed,36465060,https://pubmed.ncbi.nlm.nih.gov/36465060/,Mental Health & ECS,false
PubMed,36465312,https://pubmed.ncbi.nlm.nih.gov/36465312/,Mental Health & ECS,false
PubMed,36469982,https://pubmed.ncbi.nlm.nih.gov/36469982/,Mental Health & ECS,false
PubMed,36473591,https://pubmed.ncbi.nlm.nih.gov/36473591/,Mental Health & ECS,false
PubMed,36483140,https://pubmed.ncbi.nlm.nih.gov/36483140/,Mental Health & ECS,false
PubMed,36495603,https://pubmed.ncbi.nlm.nih.gov/36495603/,Mental Health & ECS,false
PubMed,36498129,https://pubmed.ncbi.nlm.nih.gov/36498129/,Mental Health & ECS,false
PubMed,36503404,https://pubmed.ncbi.nlm.nih.gov/36503404/,Mental Health & ECS,false
PubMed,36508935,https://pubmed.ncbi.nlm.nih.gov/36508935/,Mental Health & ECS,false
PubMed,36516553,https://pubmed.ncbi.nlm.nih.gov/36516553/,Mental Health & ECS,false
PubMed,36517243,https://pubmed.ncbi.nlm.nih.gov/36517243/,Mental Health & ECS,false
PubMed,36520610,https://pubmed.ncbi.nlm.nih.gov/36520610/,Mental Health & ECS,false
PubMed,36521252,https://pubmed.ncbi.nlm.nih.gov/36521252/,Mental Health & ECS,false
PubMed,36523702,https://pubmed.ncbi.nlm.nih.gov/36523702/,Mental Health & ECS,false
PubMed,36545904,https://pubmed.ncbi.nlm.nih.gov/36545904/,Mental Health & ECS,false
PubMed,36549374,https://pubmed.ncbi.nlm.nih.gov/36549374/,Mental Health & ECS,false
PubMed,36555739,https://pubmed.ncbi.nlm.nih.gov/36555739/,Mental Health & ECS,false
PubMed,36565568,https://pubmed.ncbi.nlm.nih.gov/36565568/,Mental Health & ECS,false
PubMed,36573268,https://pubmed.ncbi.nlm.nih.gov/36573268/,Mental Health & ECS,false
PubMed,36576997,https://pubmed.ncbi.nlm.nih.gov/36576997/,Mental Health & ECS,false
PubMed,36577048,https://pubmed.ncbi.nlm.nih.gov/36577048/,Mental Health & ECS,false
PubMed,36577736,https://pubmed.ncbi.nlm.nih.gov/36577736/,Mental Health & ECS,false
PubMed,36579921,https://pubmed.ncbi.nlm.nih.gov/36579921/,Mental Health & ECS,false
PubMed,36588687,https://pubmed.ncbi.nlm.nih.gov/36588687/,Mental Health & ECS,false
PubMed,36595591,https://pubmed.ncbi.nlm.nih.gov/36595591/,Mental Health & ECS,false
PubMed,36595655,https://pubmed.ncbi.nlm.nih.gov/36595655/,Mental Health & ECS,false
PubMed,36596389,https://pubmed.ncbi.nlm.nih.gov/36596389/,Mental Health & ECS,false
PubMed,36598543,https://pubmed.ncbi.nlm.nih.gov/36598543/,Mental Health & ECS,false
PubMed,36601811,https://pubmed.ncbi.nlm.nih.gov/36601811/,Mental Health & ECS,false
PubMed,36613469,https://pubmed.ncbi.nlm.nih.gov/36613469/,Mental Health & ECS,false
PubMed,36617861,https://pubmed.ncbi.nlm.nih.gov/36617861/,Mental Health & ECS,false
PubMed,36625096,https://pubmed.ncbi.nlm.nih.gov/36625096/,Mental Health & ECS,false
PubMed,36627907,https://pubmed.ncbi.nlm.nih.gov/36627907/,Mental Health & ECS,false
PubMed,36628871,https://pubmed.ncbi.nlm.nih.gov/36628871/,Mental Health & ECS,false
PubMed,36633290,https://pubmed.ncbi.nlm.nih.gov/36633290/,Mental Health & ECS,false
PubMed,36634015,https://pubmed.ncbi.nlm.nih.gov/36634015/,Mental Health & ECS,false
PubMed,36638694,https://pubmed.ncbi.nlm.nih.gov/36638694/,Mental Health & ECS,false
PubMed,36641126,https://pubmed.ncbi.nlm.nih.gov/36641126/,Mental Health & ECS,false
PubMed,36642113,https://pubmed.ncbi.nlm.nih.gov/36642113/,Mental Health & ECS,false
PubMed,36642667,https://pubmed.ncbi.nlm.nih.gov/36642667/,Mental Health & ECS,false
PubMed,36645680,https://pubmed.ncbi.nlm.nih.gov/36645680/,Mental Health & ECS,false
PubMed,36648021,https://pubmed.ncbi.nlm.nih.gov/36648021/,Mental Health & ECS,false
PubMed,36671547,https://pubmed.ncbi.nlm.nih.gov/36671547/,Mental Health & ECS,false
PubMed,36672017,https://pubmed.ncbi.nlm.nih.gov/36672017/,Mental Health & ECS,false
PubMed,36672651,https://pubmed.ncbi.nlm.nih.gov/36672651/,Mental Health & ECS,false
PubMed,36682093,https://pubmed.ncbi.nlm.nih.gov/36682093/,Mental Health & ECS,false
PubMed,36684023,https://pubmed.ncbi.nlm.nih.gov/36684023/,Mental Health & ECS,false
PubMed,36694040,https://pubmed.ncbi.nlm.nih.gov/36694040/,Mental Health & ECS,false
PubMed,36700997,https://pubmed.ncbi.nlm.nih.gov/36700997/,Mental Health & ECS,false
PubMed,36704356,https://pubmed.ncbi.nlm.nih.gov/36704356/,Mental Health & ECS,false
PubMed,36706477,https://pubmed.ncbi.nlm.nih.gov/36706477/,Mental Health & ECS,false
PubMed,36731101,https://pubmed.ncbi.nlm.nih.gov/36731101/,Mental Health & ECS,false
PubMed,36740023,https://pubmed.ncbi.nlm.nih.gov/36740023/,Mental Health & ECS,false
PubMed,36741572,https://pubmed.ncbi.nlm.nih.gov/36741572/,Mental Health & ECS,false
PubMed,36768376,https://pubmed.ncbi.nlm.nih.gov/36768376/,Mental Health & ECS,false
PubMed,36769207,https://pubmed.ncbi.nlm.nih.gov/36769207/,Mental Health & ECS,false
PubMed,36773700,https://pubmed.ncbi.nlm.nih.gov/36773700/,Mental Health & ECS,false
PubMed,36775043,https://pubmed.ncbi.nlm.nih.gov/36775043/,Mental Health & ECS,false
PubMed,36787482,https://pubmed.ncbi.nlm.nih.gov/36787482/,Mental Health & ECS,false
PubMed,36787672,https://pubmed.ncbi.nlm.nih.gov/36787672/,Mental Health & ECS,false
PubMed,36798752,https://pubmed.ncbi.nlm.nih.gov/36798752/,Mental Health & ECS,false
PubMed,36799676,https://pubmed.ncbi.nlm.nih.gov/36799676/,Mental Health & ECS,false
PubMed,36803620,https://pubmed.ncbi.nlm.nih.gov/36803620/,Mental Health & ECS,false
PubMed,36805056,https://pubmed.ncbi.nlm.nih.gov/36805056/,Mental Health & ECS,false
PubMed,36835237,https://pubmed.ncbi.nlm.nih.gov/36835237/,Mental Health & ECS,false
PubMed,36835313,https://pubmed.ncbi.nlm.nih.gov/36835313/,Mental Health & ECS,false
PubMed,36840536,https://pubmed.ncbi.nlm.nih.gov/36840536/,Mental Health & ECS,false
PubMed,36846226,https://pubmed.ncbi.nlm.nih.gov/36846226/,Mental Health & ECS,false
PubMed,36867857,https://pubmed.ncbi.nlm.nih.gov/36867857/,Mental Health & ECS,false
PubMed,36875967,https://pubmed.ncbi.nlm.nih.gov/36875967/,Mental Health & ECS,false
PubMed,36901098,https://pubmed.ncbi.nlm.nih.gov/36901098/,Mental Health & ECS,false
PubMed,36912516,https://pubmed.ncbi.nlm.nih.gov/36912516/,Mental Health & ECS,false
PubMed,36958611,https://pubmed.ncbi.nlm.nih.gov/36958611/,Mental Health & ECS,false
PubMed,36972648,https://pubmed.ncbi.nlm.nih.gov/36972648/,Mental Health & ECS,false
PubMed,36983000,https://pubmed.ncbi.nlm.nih.gov/36983000/,Mental Health & ECS,false
PubMed,37017699,https://pubmed.ncbi.nlm.nih.gov/37017699/,Mental Health & ECS,false
PubMed,37018974,https://pubmed.ncbi.nlm.nih.gov/37018974/,Mental Health & ECS,false
PubMed,37041416,https://pubmed.ncbi.nlm.nih.gov/37041416/,Mental Health & ECS,false
PubMed,37059000,https://pubmed.ncbi.nlm.nih.gov/37059000/,Mental Health & ECS,false
PubMed,37147797,https://pubmed.ncbi.nlm.nih.gov/37147797/,Mental Health & ECS,false
PubMed,37208114,https://pubmed.ncbi.nlm.nih.gov/37208114/,Mental Health & ECS,false
PubMed,37220929,https://pubmed.ncbi.nlm.nih.gov/37220929/,Mental Health & ECS,false
PubMed,37223912,https://pubmed.ncbi.nlm.nih.gov/37223912/,Mental Health & ECS,false
PubMed,37226219,https://pubmed.ncbi.nlm.nih.gov/37226219/,Mental Health & ECS,false
PubMed,37235067,https://pubmed.ncbi.nlm.nih.gov/37235067/,Mental Health & ECS,false
PubMed,37267745,https://pubmed.ncbi.nlm.nih.gov/37267745/,Mental Health & ECS,false
PubMed,37314479,https://pubmed.ncbi.nlm.nih.gov/37314479/,Mental Health & ECS,false
PubMed,37436761,https://pubmed.ncbi.nlm.nih.gov/37436761/,Mental Health & ECS,false
PubMed,37460772,https://pubmed.ncbi.nlm.nih.gov/37460772/,Mental Health & ECS,false
PubMed,37497695,https://pubmed.ncbi.nlm.nih.gov/37497695/,Mental Health & ECS,false
PubMed,37503496,https://pubmed.ncbi.nlm.nih.gov/37503496/,Mental Health & ECS,false
PubMed,37626487,https://pubmed.ncbi.nlm.nih.gov/37626487/,Mental Health & ECS,false
PubMed,37637872,https://pubmed.ncbi.nlm.nih.gov/37637872/,Mental Health & ECS,false
PubMed,37689680,https://pubmed.ncbi.nlm.nih.gov/37689680/,Mental Health & ECS,false
PubMed,37701550,https://pubmed.ncbi.nlm.nih.gov/37701550/,Mental Health & ECS,false
PubMed,37795288,https://pubmed.ncbi.nlm.nih.gov/37795288/,Mental Health & ECS,false
PubMed,37918558,https://pubmed.ncbi.nlm.nih.gov/37918558/,Mental Health & ECS,false
PubMed,37934524,https://pubmed.ncbi.nlm.nih.gov/37934524/,Mental Health & ECS,false
PubMed,38058251,https://pubmed.ncbi.nlm.nih.gov/38058251/,Mental Health & ECS,false
PubMed,38095937,https://pubmed.ncbi.nlm.nih.gov/38095937/,Mental Health & ECS,false
PubMed,38106452,https://pubmed.ncbi.nlm.nih.gov/38106452/,Mental Health & ECS,false
PubMed,4609777,https://pubmed.ncbi.nlm.nih.gov/4609777/,Mental Health & ECS,false
PubMed,5168539,https://pubmed.ncbi.nlm.nih.gov/5168539/,Mental Health & ECS,false
PubMed,6087750,https://pubmed.ncbi.nlm.nih.gov/6087750/,Mental Health & ECS,false
PubMed,6285406,https://pubmed.ncbi.nlm.nih.gov/6285406/,Mental Health & ECS,false
PubMed,6301931,https://pubmed.ncbi.nlm.nih.gov/6301931/,Mental Health & ECS,false
PubMed,7559378,https://pubmed.ncbi.nlm.nih.gov/7559378/,Mental Health & ECS,false
PubMed,7698178,https://pubmed.ncbi.nlm.nih.gov/7698178/,Mental Health & ECS,false
PubMed,7913072,https://pubmed.ncbi.nlm.nih.gov/7913072/,Mental Health & ECS,false
PubMed,9080435,https://pubmed.ncbi.nlm.nih.gov/9080435/,Mental Health & ECS,false
PubMed,9692379,https://pubmed.ncbi.nlm.nih.gov/9692379/,Mental Health & ECS,false
PubMed,9888857,https://pubmed.ncbi.nlm.nih.gov/9888857/,Mental Health & ECS,false
DOI,10.1007/s40279-021-01505-x,https://doi.org/10.1007/s40279-021-01505-x,Musculoskeletal & Exercise,false
DOI,10.1007/s40674-019-00130-0,https://doi.org/10.1007/s40674-019-00130-0,Musculoskeletal & Exercise,false
DOI,10.1007/s42399-020-00539-y,https://doi.org/10.1007/s42399-020-00539-y,Musculoskeletal & Exercise,false
DOI,10.1089/can.2018.0006,https://doi.org/10.1089/can.2018.0006,Musculoskeletal & Exercise,false
DOI,10.1177/2473011421s00447,https://doi.org/10.1177/2473011421s00447,Musculoskeletal & Exercise,false
DOI,10.1186/s12954-015-0087-5,https://doi.org/10.1186/s12954-015-0087-5,Musculoskeletal & Exercise,false
DOI,10.1186/s42238-020-00037-x,https://doi.org/10.1186/s42238-020-00037-x,Musculoskeletal & Exercise,false
DOI,10.3389/fcell.2021.640867,https://doi.org/10.3389/fcell.2021.640867,Musculoskeletal & Exercise,false
PMC,PMC3001217,https://www.ncbi.nlm.nih.gov/pmc/articles/PMC3001217/,Musculoskeletal & Exercise,false
PMC,PMC4851925,https://www.ncbi.nlm.nih.gov/pmc/articles/PMC4851925/,Musculoskeletal & Exercise,false
PMC,PMC5690292,https://www.ncbi.nlm.nih.gov/pmc/articles/PMC5690292/,Musculoskeletal & Exercise,false
PMC,PMC6598761,https://www.ncbi.nlm.nih.gov/pmc/articles/PMC6598761/,Musculoskeletal & Exercise,false
PMC,PMC7056625,https://www.ncbi.nlm.nih.gov/pmc/articles/PMC7056625/,Musculoskeletal & Exercise,false
PMC,PMC7401174,https://www.ncbi.nlm.nih.gov/pmc/articles/PMC7401174/,Musculoskeletal & Exercise,false
PubMed,14625449,https://pubmed.ncbi.nlm.nih.gov/14625449/,Musculoskeletal & Exercise,false
PubMed,15022343,https://pubmed.ncbi.nlm.nih.gov/15022343/,Musculoskeletal & Exercise,false
PubMed,15388533,https://pubmed.ncbi.nlm.nih.gov/15388533/,Musculoskeletal & Exercise,false
PubMed,16282192,https://pubmed.ncbi.nlm.nih.gov/16282192/,Musculoskeletal & Exercise,false
PubMed,16407142,https://pubmed.ncbi.nlm.nih.gov/16407142/,Musculoskeletal & Exercise,true
PubMed,16799094,https://pubmed.ncbi.nlm.nih.gov/16799094/,Musculoskeletal & Exercise,false
PubMed,17646266,https://pubmed.ncbi.nlm.nih.gov/17646266/,Musculoskeletal & Exercise,false
PubMed,18426503,https://pubmed.ncbi.nlm.nih.gov/18426503/,Musculoskeletal & Exercise,false
PubMed,19059369,https://pubmed.ncbi.nlm.nih.gov/19059369/,Musculoskeletal & Exercise,false
PubMed,19070683,https://pubmed.ncbi.nlm.nih.gov/19070683/,Musculoskeletal & Exercise,false
PubMed,19221634,https://pubmed.ncbi.nlm.nih.gov/19221634/,Musculoskeletal & Exercise,false
PubMed,19634029,https://pubmed.ncbi.nlm.nih.gov/19634029/,Musculoskeletal & Exercise,false
PubMed,19681888,https://pubmed.ncbi.nlm.nih.gov/19681888/,Musculoskeletal & Exercise,false
PubMed,19805329,https://pubmed.ncbi.nlm.nih.gov/19805329/,Musculoskeletal & Exercise,false
PubMed,20353785,https://pubmed.ncbi.nlm.nih.gov/20353785/,Musculoskeletal & Exercise,false
PubMed,20532878,https://pubmed.ncbi.nlm.nih.gov/20532878/,Musculoskeletal & Exercise,false
PubMed,20699469,https://pubmed.ncbi.nlm.nih.gov/20699469/,Musculoskeletal & Exercise,false
PubMed,21237298,https://pubmed.ncbi.nlm.nih.gov/21237298/,Musculoskeletal & Exercise,false
PubMed,21358974,https://pubmed.ncbi.nlm.nih.gov/21358974/,Musculoskeletal & Exercise,false
PubMed,21649637,https://pubmed.ncbi.nlm.nih.gov/21649637/,Musculoskeletal & Exercise,false
PubMed,22442371,https://pubmed.ncbi.nlm.nih.gov/22442371/,Musculoskeletal & Exercise,false
PubMed,22726074,https://pubmed.ncbi.nlm.nih.gov/22726074/,Musculoskeletal & Exercise,false
PubMed,22777139,https://pubmed.ncbi.nlm.nih.gov/22777139/,Musculoskeletal & Exercise,false
PubMed,23181053,https://pubmed.ncbi.nlm.nih.gov/23181053/,Musculoskeletal & Exercise,false
PubMed,23864865,https://pubmed.ncbi.nlm.nih.gov/23864865/,Musculoskeletal & Exercise,false
PubMed,24018317,https://pubmed.ncbi.nlm.nih.gov/24018317/,Musculoskeletal & Exercise,false
PubMed,24115292,https://pubmed.ncbi.nlm.nih.gov/24115292/,Musculoskeletal & Exercise,false
PubMed,24282543,https://pubmed.ncbi.nlm.nih.gov/24282543/,Musculoskeletal & Exercise,false
PubMed,24308803,https://pubmed.ncbi.nlm.nih.gov/24308803/,Musculoskeletal & Exercise,false
PubMed,24330705,https://pubmed.ncbi.nlm.nih.gov/24330705/,Musculoskeletal & Exercise,false
PubMed,24363927,https://pubmed.ncbi.nlm.nih.gov/24363927/,Musculoskeletal & Exercise,false
PubMed,24440992,https://pubmed.ncbi.nlm.nih.gov/24440992/,Musculoskeletal & Exercise,false
PubMed,24494687,https://pubmed.ncbi.nlm.nih.gov/24494687/,Musculoskeletal & Exercise,false
PubMed,24526057,https://pubmed.ncbi.nlm.nih.gov/24526057/,Musculoskeletal & Exercise,false
PubMed,24674455,https://pubmed.ncbi.nlm.nih.gov/24674455/,Musculoskeletal & Exercise,false
PubMed,24902823,https://pubmed.ncbi.nlm.nih.gov/24902823/,Musculoskeletal & Exercise,false
PubMed,25115332,https://pubmed.ncbi.nlm.nih.gov/25115332/,Musculoskeletal & Exercise,false
PubMed,25801536,https://pubmed.ncbi.nlm.nih.gov/25801536/,Musculoskeletal & Exercise,false
PubMed,26178329,https://pubmed.ncbi.nlm.nih.gov/26178329/,Musculoskeletal & Exercise,false
PubMed,26414859,https://pubmed.ncbi.nlm.nih.gov/26414859/,Musculoskeletal & Exercise,false
PubMed,26438875,https://pubmed.ncbi.nlm.nih.gov/26438875/,Musculoskeletal & Exercise,false
PubMed,26457774,https://pubmed.ncbi.nlm.nih.gov/26457774/,Musculoskeletal & Exercise,false
PubMed,26511861,https://pubmed.ncbi.nlm.nih.gov/26511861/,Musculoskeletal & Exercise,false
PubMed,26517407,https://pubmed.ncbi.nlm.nih.gov/26517407/,Musculoskeletal & Exercise,false
PubMed,26567045,https://pubmed.ncbi.nlm.nih.gov/26567045/,Musculoskeletal & Exercise,false
PubMed,26887036,https://pubmed.ncbi.nlm.nih.gov/26887036/,Musculoskeletal & Exercise,false
PubMed,27430346,https://pubmed.ncbi.nlm.nih.gov/27430346/,Musculoskeletal & Exercise,false
PubMed,28479140,https://pubmed.ncbi.nlm.nih.gov/28479140/,Musculoskeletal & Exercise,false
PubMed,29164003,https://pubmed.ncbi.nlm.nih.gov/29164003/,Musculoskeletal & Exercise,false
PubMed,29250156,https://pubmed.ncbi.nlm.nih.gov/29250156/,Musculoskeletal & Exercise,false
PubMed,30702341,https://pubmed.ncbi.nlm.nih.gov/30702341/,Musculoskeletal & Exercise,false
PubMed,30920973,https://pubmed.ncbi.nlm.nih.gov/30920973/,Musculoskeletal & Exercise,false
PubMed,30943136,https://pubmed.ncbi.nlm.nih.gov/30943136/,Musculoskeletal & Exercise,false
PubMed,31003519,https://pubmed.ncbi.nlm.nih.gov/31003519/,Musculoskeletal & Exercise,false
PubMed,31029357,https://pubmed.ncbi.nlm.nih.gov/31029357/,Musculoskeletal & Exercise,false
PubMed,31154267,https://pubmed.ncbi.nlm.nih.gov/31154267/,Musculoskeletal & Exercise,false
PubMed,31352121,https://pubmed.ncbi.nlm.nih.gov/31352121/,Musculoskeletal & Exercise,false
PubMed,31370242,https://pubmed.ncbi.nlm.nih.gov/31370242/,Musculoskeletal & Exercise,false
PubMed,31378964,https://pubmed.ncbi.nlm.nih.gov/31378964/,Musculoskeletal & Exercise,false
PubMed,31393556,https://pubmed.ncbi.nlm.nih.gov/31393556/,Musculoskeletal & Exercise,false
PubMed,31655890,https://pubmed.ncbi.nlm.nih.gov/31655890/,Musculoskeletal & Exercise,false
PubMed,31698733,https://pubmed.ncbi.nlm.nih.gov/31698733/,Musculoskeletal & Exercise,false
PubMed,31700010,https://pubmed.ncbi.nlm.nih.gov/31700010/,Musculoskeletal & Exercise,false
PubMed,31743746,https://pubmed.ncbi.nlm.nih.gov/31743746/,Musculoskeletal & Exercise,false
PubMed,31783174,https://pubmed.ncbi.nlm.nih.gov/31783174/,Musculoskeletal & Exercise,false
PubMed,31841610,https://pubmed.ncbi.nlm.nih.gov/31841610/,Musculoskeletal & Exercise,false
PubMed,31941496,https://pubmed.ncbi.nlm.nih.gov/31941496/,Musculoskeletal & Exercise,false
PubMed,32017684,https://pubmed.ncbi.nlm.nih.gov/32017684/,Musculoskeletal & Exercise,false
PubMed,32023171,https://pubmed.ncbi.nlm.nih.gov/32023171/,Musculoskeletal & Exercise,false
PubMed,32144889,https://pubmed.ncbi.nlm.nih.gov/32144889/,Musculoskeletal & Exercise,false
PubMed,32156612,https://pubmed.ncbi.nlm.nih.gov/32156612/,Musculoskeletal & Exercise,false
PubMed,32205233,https://pubmed.ncbi.nlm.nih.gov/32205233/,Musculoskeletal & Exercise,false
PubMed,32240731,https://pubmed.ncbi.nlm.nih.gov/32240731/,Musculoskeletal & Exercise,false
PubMed,32285169,https://pubmed.ncbi.nlm.nih.gov/32285169/,Musculoskeletal & Exercise,false
PubMed,32323032,https://pubmed.ncbi.nlm.nih.gov/32323032/,Musculoskeletal & Exercise,false
PubMed,32328386,https://pubmed.ncbi.nlm.nih.gov/32328386/,Musculoskeletal & Exercise,false
PubMed,32358841,https://pubmed.ncbi.nlm.nih.gov/32358841/,Musculoskeletal & Exercise,false
PubMed,32383037,https://pubmed.ncbi.nlm.nih.gov/32383037/,Musculoskeletal & Exercise,false
PubMed,32404683,https://pubmed.ncbi.nlm.nih.gov/32404683/,Musculoskeletal & Exercise,false
PubMed,32510591,https://pubmed.ncbi.nlm.nih.gov/32510591/,Musculoskeletal & Exercise,false
PubMed,32545780,https://pubmed.ncbi.nlm.nih.gov/32545780/,Musculoskeletal & Exercise,false
PubMed,32565250,https://pubmed.ncbi.nlm.nih.gov/32565250/,Musculoskeletal & Exercise,false
PubMed,32619926,https://pubmed.ncbi.nlm.nih.gov/32619926/,Musculoskeletal & Exercise,false
PubMed,32632671,https://pubmed.ncbi.nlm.nih.gov/32632671/,Musculoskeletal & Exercise,false
PubMed,32656944,https://pubmed.ncbi.nlm.nih.gov/32656944/,Musculoskeletal & Exercise,false
PubMed,32705630,https://pubmed.ncbi.nlm.nih.gov/32705630/,Musculoskeletal & Exercise,false
PubMed,32732454,https://pubmed.ncbi.nlm.nih.gov/32732454/,Musculoskeletal & Exercise,false
PubMed,32734752,https://pubmed.ncbi.nlm.nih.gov/32734752/,Musculoskeletal & Exercise,false
PubMed,32885412,https://pubmed.ncbi.nlm.nih.gov/32885412/,Musculoskeletal & Exercise,false
PubMed,32909698,https://pubmed.ncbi.nlm.nih.gov/32909698/,Musculoskeletal & Exercise,false
PubMed,32971218,https://pubmed.ncbi.nlm.nih.gov/32971218/,Musculoskeletal & Exercise,false
PubMed,33143796,https://pubmed.ncbi.nlm.nih.gov/33143796/,Musculoskeletal & Exercise,false
PubMed,33159797,https://pubmed.ncbi.nlm.nih.gov/33159797/,Musculoskeletal & Exercise,false
PubMed,33174160,https://pubmed.ncbi.nlm.nih.gov/33174160/,Musculoskeletal & Exercise,false
PubMed,33342414,https://pubmed.ncbi.nlm.nih.gov/33342414/,Musculoskeletal & Exercise,false
PubMed,33512770,https://pubmed.ncbi.nlm.nih.gov/33512770/,Musculoskeletal & Exercise,false
PubMed,33577943,https://pubmed.ncbi.nlm.nih.gov/33577943/,Musculoskeletal & Exercise,false
PubMed,33582575,https://pubmed.ncbi.nlm.nih.gov/33582575/,Musculoskeletal & Exercise,false
PubMed,33621949,https://pubmed.ncbi.nlm.nih.gov/33621949/,Musculoskeletal & Exercise,false
PubMed,33777947,https://pubmed.ncbi.nlm.nih.gov/33777947/,Musculoskeletal & Exercise,false
PubMed,33809114,https://pubmed.ncbi.nlm.nih.gov/33809114/,Musculoskeletal & Exercise,false
PubMed,33836525,https://pubmed.ncbi.nlm.nih.gov/33836525/,Musculoskeletal & Exercise,false
PubMed,33839219,https://pubmed.ncbi.nlm.nih.gov/33839219/,Musculoskeletal & Exercise,false
PubMed,33872227,https://pubmed.ncbi.nlm.nih.gov/33872227/,Musculoskeletal & Exercise,false
PubMed,33902596,https://pubmed.ncbi.nlm.nih.gov/33902596/,Musculoskeletal & Exercise,false
PubMed,33926458,https://pubmed.ncbi.nlm.nih.gov/33926458/,Musculoskeletal & Exercise,false
PubMed,33986220,https://pubmed.ncbi.nlm.nih.gov/33986220/,Musculoskeletal & Exercise,false
PubMed,34056884,https://pubmed.ncbi.nlm.nih.gov/34056884/,Musculoskeletal & Exercise,false
PubMed,34223557,https://pubmed.ncbi.nlm.nih.gov/34223557/,Musculoskeletal & Exercise,false
PubMed,34234089,https://pubmed.ncbi.nlm.nih.gov/34234089/,Musculoskeletal & Exercise,false
PubMed,34257382,https://pubmed.ncbi.nlm.nih.gov/34257382/,Musculoskeletal & Exercise,false
PubMed,34269524,https://pubmed.ncbi.nlm.nih.gov/34269524/,Musculoskeletal & Exercise,false
PubMed,34387569,https://pubmed.ncbi.nlm.nih.gov/34387569/,Musculoskeletal & Exercise,false
PubMed,34413793,https://pubmed.ncbi.nlm.nih.gov/34413793/,Musculoskeletal & Exercise,false
PubMed,34481519,https://pubmed.ncbi.nlm.nih.gov/34481519/,Musculoskeletal & Exercise,false
PubMed,34498944,https://pubmed.ncbi.nlm.nih.gov/34498944/,Musculoskeletal & Exercise,false
PubMed,34510141,https://pubmed.ncbi.nlm.nih.gov/34510141/,Musculoskeletal & Exercise,false
PubMed,34537380,https://pubmed.ncbi.nlm.nih.gov/34537380/,Musculoskeletal & Exercise,false
PubMed,34578906,https://pubmed.ncbi.nlm.nih.gov/34578906/,Musculoskeletal & Exercise,false
PubMed,34658021,https://pubmed.ncbi.nlm.nih.gov/34658021/,Musculoskeletal & Exercise,false
PubMed,34718335,https://pubmed.ncbi.nlm.nih.gov/34718335/,Musculoskeletal & Exercise,false
PubMed,34800625,https://pubmed.ncbi.nlm.nih.gov/34800625/,Musculoskeletal & Exercise,false
PubMed,34854262,https://pubmed.ncbi.nlm.nih.gov/34854262/,Musculoskeletal & Exercise,false
PubMed,34870469,https://pubmed.ncbi.nlm.nih.gov/34870469/,Musculoskeletal & Exercise,false
PubMed,34903213,https://pubmed.ncbi.nlm.nih.gov/34903213/,Musculoskeletal & Exercise,false
PubMed,34924285,https://pubmed.ncbi.nlm.nih.gov/34924285/,Musculoskeletal & Exercise,false
PubMed,35126132,https://pubmed.ncbi.nlm.nih.gov/35126132/,Musculoskeletal & Exercise,false
PubMed,35163968,https://pubmed.ncbi.nlm.nih.gov/35163968/,Musculoskeletal & Exercise,false
PubMed,35180183,https://pubmed.ncbi.nlm.nih.gov/35180183/,Musculoskeletal & Exercise,false
PubMed,35191178,https://pubmed.ncbi.nlm.nih.gov/35191178/,Musculoskeletal & Exercise,false
PubMed,35220282,https://pubmed.ncbi.nlm.nih.gov/35220282/,Musculoskeletal & Exercise,false
PubMed,35235092,https://pubmed.ncbi.nlm.nih.gov/35235092/,Musculoskeletal & Exercise,false
PubMed,35245146,https://pubmed.ncbi.nlm.nih.gov/35245146/,Musculoskeletal & Exercise,false
PubMed,35336022,https://pubmed.ncbi.nlm.nih.gov/35336022/,Musculoskeletal & Exercise,false
PubMed,35400139,https://pubmed.ncbi.nlm.nih.gov/35400139/,Musculoskeletal & Exercise,false
PubMed,35476898,https://pubmed.ncbi.nlm.nih.gov/35476898/,Musculoskeletal & Exercise,false
PubMed,35486218,https://pubmed.ncbi.nlm.nih.gov/35486218/,Musculoskeletal & Exercise,false
PubMed,35490744,https://pubmed.ncbi.nlm.nih.gov/35490744/,Musculoskeletal & Exercise,false
PubMed,35503198,https://pubmed.ncbi.nlm.nih.gov/35503198/,Musculoskeletal & Exercise,false
PubMed,35585648,https://pubmed.ncbi.nlm.nih.gov/35585648/,Musculoskeletal & Exercise,false
PubMed,35595747,https://pubmed.ncbi.nlm.nih.gov/35595747/,Musculoskeletal & Exercise,false
PubMed,35604006,https://pubmed.ncbi.nlm.nih.gov/35604006/,Musculoskeletal & Exercise,false
PubMed,35637038,https://pubmed.ncbi.nlm.nih.gov/35637038/,Musculoskeletal & Exercise,false
PubMed,35675221,https://pubmed.ncbi.nlm.nih.gov/35675221/,Musculoskeletal & Exercise,false
PubMed,35796526,https://pubmed.ncbi.nlm.nih.gov/35796526/,Musculoskeletal & Exercise,false
PubMed,35862111,https://pubmed.ncbi.nlm.nih.gov/35862111/,Musculoskeletal & Exercise,false
PubMed,35887239,https://pubmed.ncbi.nlm.nih.gov/35887239/,Musculoskeletal & Exercise,false
PubMed,35920089,https://pubmed.ncbi.nlm.nih.gov/35920089/,Musculoskeletal & Exercise,false
PubMed,35994012,https://pubmed.ncbi.nlm.nih.gov/35994012/,Musculoskeletal & Exercise,false
PubMed,35999581,https://pubmed.ncbi.nlm.nih.gov/35999581/,Musculoskeletal & Exercise,false
PubMed,36067506,https://pubmed.ncbi.nlm.nih.gov/36067506/,Musculoskeletal & Exercise,false
PubMed,36153061,https://pubmed.ncbi.nlm.nih.gov/36153061/,Musculoskeletal & Exercise,false
PubMed,36232401,https://pubmed.ncbi.nlm.nih.gov/36232401/,Musculoskeletal & Exercise,false
PubMed,36232988,https://pubmed.ncbi.nlm.nih.gov/36232988/,Musculoskeletal & Exercise,false
PubMed,36235771,https://pubmed.ncbi.nlm.nih.gov/36235771/,Musculoskeletal & Exercise,false
PubMed,36282426,https://pubmed.ncbi.nlm.nih.gov/36282426/,Musculoskeletal & Exercise,false
PubMed,36296906,https://pubmed.ncbi.nlm.nih.gov/36296906/,Musculoskeletal & Exercise,false
PubMed,36314198,https://pubmed.ncbi.nlm.nih.gov/36314198/,Musculoskeletal & Exercise,false
PubMed,36318796,https://pubmed.ncbi.nlm.nih.gov/36318796/,Musculoskeletal & Exercise,false
PubMed,36341807,https://pubmed.ncbi.nlm.nih.gov/36341807/,Musculoskeletal & Exercise,false
PubMed,36342775,https://pubmed.ncbi.nlm.nih.gov/36342775/,Musculoskeletal & Exercise,false
PubMed,36346322,https://pubmed.ncbi.nlm.nih.gov/36346322/,Musculoskeletal & Exercise,false
PubMed,36350089,https://pubmed.ncbi.nlm.nih.gov/36350089/,Musculoskeletal & Exercise,false
PubMed,36380652,https://pubmed.ncbi.nlm.nih.gov/36380652/,Musculoskeletal & Exercise,false
PubMed,36401719,https://pubmed.ncbi.nlm.nih.gov/36401719/,Musculoskeletal & Exercise,false
PubMed,36454174,https://pubmed.ncbi.nlm.nih.gov/36454174/,Musculoskeletal & Exercise,false
PubMed,36468880,https://pubmed.ncbi.nlm.nih.gov/36468880/,Musculoskeletal & Exercise,false
PubMed,36545283,https://pubmed.ncbi.nlm.nih.gov/36545283/,Musculoskeletal & Exercise,false
PubMed,36555292,https://pubmed.ncbi.nlm.nih.gov/36555292/,Musculoskeletal & Exercise,false
PubMed,36609049,https://pubmed.ncbi.nlm.nih.gov/36609049/,Musculoskeletal & Exercise,false
PubMed,36614296,https://pubmed.ncbi.nlm.nih.gov/36614296/,Musculoskeletal & Exercise,false
PubMed,36634127,https://pubmed.ncbi.nlm.nih.gov/36634127/,Musculoskeletal & Exercise,false
PubMed,36682621,https://pubmed.ncbi.nlm.nih.gov/36682621/,Musculoskeletal & Exercise,false
PubMed,36689208,https://pubmed.ncbi.nlm.nih.gov/36689208/,Musculoskeletal & Exercise,false
PubMed,36701485,https://pubmed.ncbi.nlm.nih.gov/36701485/,Musculoskeletal & Exercise,false
PubMed,36768332,https://pubmed.ncbi.nlm.nih.gov/36768332/,Musculoskeletal & Exercise,false
PubMed,36793188,https://pubmed.ncbi.nlm.nih.gov/36793188/,Musculoskeletal & Exercise,false
PubMed,36820704,https://pubmed.ncbi.nlm.nih.gov/36820704/,Musculoskeletal & Exercise,false
PubMed,36837393,https://pubmed.ncbi.nlm.nih.gov/36837393/,Musculoskeletal & Exercise,false
PubMed,36869289,https://pubmed.ncbi.nlm.nih.gov/36869289/,Musculoskeletal & Exercise,false
PubMed,36964619,https://pubmed.ncbi.nlm.nih.gov/36964619/,Musculoskeletal & Exercise,false
PubMed,36983855,https://pubmed.ncbi.nlm.nih.gov/36983855/,Musculoskeletal & Exercise,false
PubMed,36991501,https://pubmed.ncbi.nlm.nih.gov/36991501/,Musculoskeletal & Exercise,false
PubMed,37057257,https://pubmed.ncbi.nlm.nih.gov/37057257/,Musculoskeletal & Exercise,false
PubMed,37324902,https://pubmed.ncbi.nlm.nih.gov/37324902/,Musculoskeletal & Exercise,false
PubMed,37332213,https://pubmed.ncbi.nlm.nih.gov/37332213/,Musculoskeletal & Exercise,false
PubMed,37358789,https://pubmed.ncbi.nlm.nih.gov/37358789/,Musculoskeletal & Exercise,false
PubMed,37625032,https://pubmed.ncbi.nlm.nih.gov/37625032/,Musculoskeletal & Exercise,false
PubMed,37626947,https://pubmed.ncbi.nlm.nih.gov/37626947/,Musculoskeletal & Exercise,false
PubMed,37917863,https://pubmed.ncbi.nlm.nih.gov/37917863/,Musculoskeletal & Exercise,false
PubMed,38004429,https://pubmed.ncbi.nlm.nih.gov/38004429/,Musculoskeletal & Exercise,false
PubMed,38033459,https://pubmed.ncbi.nlm.nih.gov/38033459/,Musculoskeletal & Exercise,false
PubMed,38035977,https://pubmed.ncbi.nlm.nih.gov/38035977/,Musculoskeletal & Exercise,false
DOI,10.1002/brb3.962,https://doi.org/10.1002/brb3.962,Neuro,false
DOI,10.1002/cpt.2408,https://doi.org/10.1002/cpt.2408,Neuro,false
DOI,10.1002/epi4.12376,https://doi.org/10.1002/epi4.12376,Neuro,false
DOI,10.1002/jnr.24694,https://doi.org/10.1002/jnr.24694,Neuro,false
DOI,10.1002/lio2.479,https://doi.org/10.1002/lio2.479,Neuro,false
DOI,10.1002/mdc3.13414,https://doi.org/10.1002/mdc3.13414,Neuro,false
DOI,10.1002/mdc3.13471,https://doi.org/10.1002/mdc3.13471,Neuro,false
DOI,10.1007/978-3-030-57369-0_8,https://doi.org/10.1007/978-3-030-57369-0_8,Neuro,false
DOI,10.1007/978-3-030-57369-0_9,https://doi.org/10.1007/978-3-030-57369-0_9,Neuro,false
DOI,10.1007/978-3-030-67928-6_150-1,https://doi.org/10.1007/978-3-030-67928-6_150-1,Neuro,false
DOI,10.1007/978-3-031-08774-5_5,https://doi.org/10.1007/978-3-031-08774-5_5,Neuro,false
DOI,10.1007/s00044-020-02640-2,https://doi.org/10.1007/s00044-020-02640-2,Neuro,false
DOI,10.1007/s00213-019-05435-5,https://doi.org/10.1007/s00213-019-05435-5,Neuro,false
DOI,10.1007/s00580-019-03081-z,https://doi.org/10.1007/s00580-019-03081-z,Neuro,false
DOI,10.1007/s10072-020-04763-1,https://doi.org/10.1007/s10072-020-04763-1,Neuro,false
DOI,10.1007/s11033-022-07223-5,https://doi.org/10.1007/s11033-022-07223-5,Neuro,false
DOI,10.1007/s11481-021-09982-7,https://doi.org/10.1007/s11481-021-09982-7,Neuro,false
DOI,10.1007/s13167-020-00203-4,https://doi.org/10.1007/s13167-020-00203-4,Neuro,false
DOI,10.1007/s13659-020-00263-z,https://doi.org/10.1007/s13659-020-00263-z,Neuro,false
DOI,10.1007/s43450-021-00199-6,https://doi.org/10.1007/s43450-021-00199-6,Neuro,false
DOI,10.1021/acs.molpharmaceut.8b01252,https://doi.org/10.1021/acs.molpharmaceut.8b01252,Neuro,false
DOI,10.1021/acsami.0c13372,https://doi.org/10.1021/acsami.0c13372,Neuro,false
DOI,10.1021/acsptsci.2c00069,https://doi.org/10.1021/acsptsci.2c00069,Neuro,false
DOI,10.1021/jacs.5b04883,https://doi.org/10.1021/jacs.5b04883,Neuro,false
DOI,10.1055/a-1516-4182,https://doi.org/10.1055/a-1516-4182,Neuro,false
DOI,10.1055/s-0039-1698230,https://doi.org/10.1055/s-0039-1698230,Neuro,false
DOI,10.1055/s-0040-1708321,https://doi.org/10.1055/s-0040-1708321,Neuro,false
DOI,10.1055/s-0040-1714329,https://doi.org/10.1055/s-0040-1714329,Neuro,false
DOI,10.1055/s-0041-1736878,https://doi.org/10.1055/s-0041-1736878,Neuro,false
DOI,10.1055/s-0041-1739609,https://doi.org/10.1055/s-0041-1739609,Neuro,false
DOI,10.1056/nejmoa1714631,https://doi.org/10.1056/nejmoa1714631,Neuro,false
DOI,10.1080/10799893.2020.1868510,https://doi.org/10.1080/10799893.2020.1868510,Neuro,false
DOI,10.1089/can.2019.0068,https://doi.org/10.1089/can.2019.0068,Neuro,false
DOI,10.1089/can.2019.0102,https://doi.org/10.1089/can.2019.0102,Neuro,false
DOI,10.1089/can.2020.0046,https://doi.org/10.1089/can.2020.0046,Neuro,false
DOI,10.1089/can.2020.0119,https://doi.org/10.1089/can.2020.0119,Neuro,false
DOI,10.1089/can.2020.0128,https://doi.org/10.1089/can.2020.0128,Neuro,false
DOI,10.1089/can.2020.0130,https://doi.org/10.1089/can.2020.0130,Neuro,false
DOI,10.1089/can.2021.0197,https://doi.org/10.1089/can.2021.0197,Neuro,false
DOI,10.1093/braincomms/fcaa140,https://doi.org/10.1093/braincomms/fcaa140,Neuro,false
DOI,10.1093/jat/bkaa155,https://doi.org/10.1093/jat/bkaa155,Neuro,false
DOI,10.1093/toxres/tfaa078,https://doi.org/10.1093/toxres/tfaa078,Neuro,false
DOI,10.1096/fasebj.2020.34.s1.09741,https://doi.org/10.1096/fasebj.2020.34.s1.09741,Neuro,false
DOI,10.1096/fasebj.2021.35.s1.02474,https://doi.org/10.1096/fasebj.2021.35.s1.02474,Neuro,false
DOI,10.1096/fasebj.2021.35.s1.03197,https://doi.org/10.1096/fasebj.2021.35.s1.03197,Neuro,false
DOI,10.1096/fasebj.2022.36.s1.r2600,https://doi.org/10.1096/fasebj.2022.36.s1.r2600,Neuro,false
DOI,10.1096/fasebj.2022.36.s1.r2817,https://doi.org/10.1096/fasebj.2022.36.s1.r2817,Neuro,false
DOI,10.1098/rsbm.1958.0007,https://doi.org/10.1098/rsbm.1958.0007,Neuro,false
DOI,10.1098/rstb.2011.0388,https://doi.org/10.1098/rstb.2011.0388,Neuro,false
DOI,10.1111/adb.12843,https://doi.org/10.1111/adb.12843,Neuro,false
DOI,10.1111/adb.13167,https://doi.org/10.1111/adb.13167,Neuro,false
DOI,10.1111/ane.13602,https://doi.org/10.1111/ane.13602,Neuro,false
DOI,10.1111/bph.15208,https://doi.org/10.1111/bph.15208,Neuro,false
DOI,10.1111/ejn.15409,https://doi.org/10.1111/ejn.15409,Neuro,false
DOI,10.1111/epi.16936,https://doi.org/10.1111/epi.16936,Neuro,false
DOI,10.1134/s0022093022020132,https://doi.org/10.1134/s0022093022020132,Neuro,false
DOI,10.1134/s1068162024020171,https://doi.org/10.1134/s1068162024020171,Neuro,false
DOI,10.1134/s1819712422030047,https://doi.org/10.1134/s1819712422030047,Neuro,false
DOI,10.1134/s199074782106012x,https://doi.org/10.1134/s199074782106012x,Neuro,false
DOI,10.1152/jn.00128.2020,https://doi.org/10.1152/jn.00128.2020,Neuro,false
DOI,10.1161/str.53.suppl_1.wp20,https://doi.org/10.1161/str.53.suppl_1.wp20,Neuro,false
DOI,10.1177/00220426221145019,https://doi.org/10.1177/00220426221145019,Neuro,false
DOI,10.1177/02698811221143433,https://doi.org/10.1177/02698811221143433,Neuro,false
DOI,10.1177/15357597211062412,https://doi.org/10.1177/15357597211062412,Neuro,false
DOI,10.1186/s13195-021-00920-6,https://doi.org/10.1186/s13195-021-00920-6,Neuro,false
DOI,10.1186/s42238-020-00054-w,https://doi.org/10.1186/s42238-020-00054-w,Neuro,false
DOI,10.1186/s42238-021-00113-w,https://doi.org/10.1186/s42238-021-00113-w,Neuro,false
DOI,10.12146/j.issn.2095-3135.20200209001,https://doi.org/10.12146/j.issn.2095-3135.20200209001,Neuro,false
DOI,10.12968/bjnn.2022.18.4.170,https://doi.org/10.12968/bjnn.2022.18.4.170,Neuro,false
DOI,10.12968/bjnn.2022.18.sup3.s28,https://doi.org/10.12968/bjnn.2022.18.sup3.s28,Neuro,false
DOI,10.1371/journal.pone.0233020,https://doi.org/10.1371/journal.pone.0233020,Neuro,false
DOI,10.14293/s2199-1006.1.sor-.ppbbxoh.v1,https://doi.org/10.14293/s2199-1006.1.sor-.ppbbxoh.v1,Neuro,false
DOI,10.3346/jkms.2020.35.e427,https://doi.org/10.3346/jkms.2020.35.e427,Neuro,false
DOI,10.3389/fnbeh.2020.00109,https://doi.org/10.3389/fnbeh.2020.00109,Neuro,false
DOI,10.3389/fnbeh.2020.595315,https://doi.org/10.3389/fnbeh.2020.595315,Neuro,false
DOI,10.3389/fnbeh.2020.603245,https://doi.org/10.3389/fnbeh.2020.603245,Neuro,false
DOI,10.3389/fnbeh.2021.604207,https://doi.org/10.3389/fnbeh.2021.604207,Neuro,false
DOI,10.3389/fnbeh.2021.611902,https://doi.org/10.3389/fnbeh.2021.611902,Neuro,false
DOI,10.3389/fncel.2021.654340,https://doi.org/10.3389/fncel.2021.654340,Neuro,false
DOI,10.3389/fnsys.2021.642225,https://doi.org/10.3389/fnsys.2021.642225,Neuro,false
DOI,10.3389/fphar.2020.587604,https://doi.org/10.3389/fphar.2020.587604,Neuro,false
DOI,10.3892/etm.2021.10313,https://doi.org/10.3892/etm.2021.10313,Neuro,false
DOI,10.5334/tohm.613,https://doi.org/10.5334/tohm.613,Neuro,false
PMC,PMC1910070,https://www.ncbi.nlm.nih.gov/pmc/articles/PMC1910070/,Neuro,false
PMC,PMC2219537,https://www.ncbi.nlm.nih.gov/pmc/articles/PMC2219537/,Neuro,false
PMC,PMC2219542,https://www.ncbi.nlm.nih.gov/pmc/articles/PMC2219542/,Neuro,false
PMC,PMC2562334,https://www.ncbi.nlm.nih.gov/pmc/articles/PMC2562334/,Neuro,false
PMC,PMC2591841,https://www.ncbi.nlm.nih.gov/pmc/articles/PMC2591841/,Neuro,false
PMC,PMC2826102,https://www.ncbi.nlm.nih.gov/pmc/articles/PMC2826102/,Neuro,false
PMC,PMC2957172,https://www.ncbi.nlm.nih.gov/pmc/articles/PMC2957172/,Neuro,false
PMC,PMC3034694,https://www.ncbi.nlm.nih.gov/pmc/articles/PMC3034694/,Neuro,false
PMC,PMC3360161,https://www.ncbi.nlm.nih.gov/pmc/articles/PMC3360161/,Neuro,false
PMC,PMC3386505,https://www.ncbi.nlm.nih.gov/pmc/articles/PMC3386505/,Neuro,false
PMC,PMC3481527,https://www.ncbi.nlm.nih.gov/pmc/articles/PMC3481527/,Neuro,false
PMC,PMC3481530,https://www.ncbi.nlm.nih.gov/pmc/articles/PMC3481530/,Neuro,false
PMC,PMC3481537,https://www.ncbi.nlm.nih.gov/pmc/articles/PMC3481537/,Neuro,false
PMC,PMC3648912,https://www.ncbi.nlm.nih.gov/pmc/articles/PMC3648912/,Neuro,false
PMC,PMC4033945,https://www.ncbi.nlm.nih.gov/pmc/articles/PMC4033945/,Neuro,false
PMC,PMC4291908,https://www.ncbi.nlm.nih.gov/pmc/articles/PMC4291908/,Neuro,false
PMC,PMC4415885,https://www.ncbi.nlm.nih.gov/pmc/articles/PMC4415885/,Neuro,false
PMC,PMC4473732,https://www.ncbi.nlm.nih.gov/pmc/articles/PMC4473732/,Neuro,false
PMC,PMC4604182,https://www.ncbi.nlm.nih.gov/pmc/articles/PMC4604182/,Neuro,false
PMC,PMC4604192,https://www.ncbi.nlm.nih.gov/pmc/articles/PMC4604192/,Neuro,false
PMC,PMC488064,https://www.ncbi.nlm.nih.gov/pmc/articles/PMC488064/,Neuro,false
PMC,PMC5938896,https://www.ncbi.nlm.nih.gov/pmc/articles/PMC5938896/,Neuro,false
PMC,PMC6175436,https://www.ncbi.nlm.nih.gov/pmc/articles/PMC6175436/,Neuro,false
PMC,PMC6494021,https://www.ncbi.nlm.nih.gov/pmc/articles/PMC6494021/,Neuro,false
PMC,PMC6551996,https://www.ncbi.nlm.nih.gov/pmc/articles/PMC6551996/,Neuro,false
PMC,PMC6764052,https://www.ncbi.nlm.nih.gov/pmc/articles/PMC6764052/,Neuro,false
PMC,PMC6832298,https://www.ncbi.nlm.nih.gov/pmc/articles/PMC6832298/,Neuro,false
PMC,PMC6970569,https://www.ncbi.nlm.nih.gov/pmc/articles/PMC6970569/,Neuro,false
PMC,PMC7000162,https://www.ncbi.nlm.nih.gov/pmc/articles/PMC7000162/,Neuro,false
PMC,PMC7236080,https://www.ncbi.nlm.nih.gov/pmc/articles/PMC7236080/,Neuro,false
PMC,PMC7241750,https://www.ncbi.nlm.nih.gov/pmc/articles/PMC7241750/,Neuro,false
PMC,PMC7255032,https://www.ncbi.nlm.nih.gov/pmc/articles/PMC7255032/,Neuro,false
PMC,PMC7347071,https://www.ncbi.nlm.nih.gov/pmc/articles/PMC7347071/,Neuro,false
PMC,PMC7365978,https://www.ncbi.nlm.nih.gov/pmc/articles/PMC7365978/,Neuro,false
PMC,PMC7408069,https://www.ncbi.nlm.nih.gov/pmc/articles/PMC7408069/,Neuro,false
PMC,PMC7439947,https://www.ncbi.nlm.nih.gov/pmc/articles/PMC7439947/,Neuro,false
PMC,PMC7464236,https://www.ncbi.nlm.nih.gov/pmc/articles/PMC7464236/,Neuro,false
PMC,PMC7469777,https://www.ncbi.nlm.nih.gov/pmc/articles/PMC7469777/,Neuro,false
PMC,PMC7513263,https://www.ncbi.nlm.nih.gov/pmc/articles/PMC7513263/,Neuro,false
PMC,PMC7715614,https://www.ncbi.nlm.nih.gov/pmc/articles/PMC7715614/,Neuro,false
PMC,PMC8689159,https://www.ncbi.nlm.nih.gov/pmc/articles/PMC8689159/,Neuro,false
PubMed,10080574,https://pubmed.ncbi.nlm.nih.gov/10080574/,Neuro,false
PubMed,10191316,https://pubmed.ncbi.nlm.nih.gov/10191316/,Neuro,false
PubMed,10584686,https://pubmed.ncbi.nlm.nih.gov/10584686/,Neuro,false
PubMed,10653017,https://pubmed.ncbi.nlm.nih.gov/10653017/,Neuro,false
PubMed,10700566,https://pubmed.ncbi.nlm.nih.gov/10700566/,Neuro,false
PubMed,10716447,https://pubmed.ncbi.nlm.nih.gov/10716447/,Neuro,false
PubMed,10814517,https://pubmed.ncbi.nlm.nih.gov/10814517/,Neuro,false
PubMed,10828533,https://pubmed.ncbi.nlm.nih.gov/10828533/,Neuro,false
PubMed,10863546,https://pubmed.ncbi.nlm.nih.gov/10863546/,Neuro,false
PubMed,10939305,https://pubmed.ncbi.nlm.nih.gov/10939305/,Neuro,false
PubMed,11301030,https://pubmed.ncbi.nlm.nih.gov/11301030/,Neuro,false
PubMed,11316486,https://pubmed.ncbi.nlm.nih.gov/11316486/,Neuro,false
PubMed,11447320,https://pubmed.ncbi.nlm.nih.gov/11447320/,Neuro,false
PubMed,11465637,https://pubmed.ncbi.nlm.nih.gov/11465637/,Neuro,false
PubMed,11467101,https://pubmed.ncbi.nlm.nih.gov/11467101/,Neuro,false
PubMed,11586361,https://pubmed.ncbi.nlm.nih.gov/11586361/,Neuro,false
PubMed,11739835,https://pubmed.ncbi.nlm.nih.gov/11739835/,Neuro,false
PubMed,11831553,https://pubmed.ncbi.nlm.nih.gov/11831553/,Neuro,false
PubMed,11835452,https://pubmed.ncbi.nlm.nih.gov/11835452/,Neuro,false
PubMed,11842443,https://pubmed.ncbi.nlm.nih.gov/11842443/,Neuro,false
PubMed,11864629,https://pubmed.ncbi.nlm.nih.gov/11864629/,Neuro,false
PubMed,11905991,https://pubmed.ncbi.nlm.nih.gov/11905991/,Neuro,false
PubMed,11918654,https://pubmed.ncbi.nlm.nih.gov/11918654/,Neuro,false
PubMed,11951146,https://pubmed.ncbi.nlm.nih.gov/11951146/,Neuro,false
PubMed,11976704,https://pubmed.ncbi.nlm.nih.gov/11976704/,Neuro,false
PubMed,12049940,https://pubmed.ncbi.nlm.nih.gov/12049940/,Neuro,false
PubMed,12052041,https://pubmed.ncbi.nlm.nih.gov/12052041/,Neuro,false
PubMed,12154273,https://pubmed.ncbi.nlm.nih.gov/12154273/,Neuro,false
PubMed,12182961,https://pubmed.ncbi.nlm.nih.gov/12182961/,Neuro,false
PubMed,12421641,https://pubmed.ncbi.nlm.nih.gov/12421641/,Neuro,false
PubMed,12427829,https://pubmed.ncbi.nlm.nih.gov/12427829/,Neuro,false
PubMed,12427832,https://pubmed.ncbi.nlm.nih.gov/12427832/,Neuro,false
PubMed,12465055,https://pubmed.ncbi.nlm.nih.gov/12465055/,Neuro,false
PubMed,12578907,https://pubmed.ncbi.nlm.nih.gov/12578907/,Neuro,false
PubMed,12589392,https://pubmed.ncbi.nlm.nih.gov/12589392/,Neuro,false
PubMed,12598628,https://pubmed.ncbi.nlm.nih.gov/12598628/,Neuro,false
PubMed,12603833,https://pubmed.ncbi.nlm.nih.gov/12603833/,Neuro,false
PubMed,12617697,https://pubmed.ncbi.nlm.nih.gov/12617697/,Neuro,false
PubMed,12684434,https://pubmed.ncbi.nlm.nih.gov/12684434/,Neuro,false
PubMed,12709298,https://pubmed.ncbi.nlm.nih.gov/12709298/,Neuro,false
PubMed,12716250,https://pubmed.ncbi.nlm.nih.gov/12716250/,Neuro,false
PubMed,12829867,https://pubmed.ncbi.nlm.nih.gov/12829867/,Neuro,false
PubMed,12832507,https://pubmed.ncbi.nlm.nih.gov/12832507/,Neuro,false
PubMed,12850548,https://pubmed.ncbi.nlm.nih.gov/12850548/,Neuro,false
PubMed,12858038,https://pubmed.ncbi.nlm.nih.gov/12858038/,Neuro,false
PubMed,12876144,https://pubmed.ncbi.nlm.nih.gov/12876144/,Neuro,false
PubMed,12944505,https://pubmed.ncbi.nlm.nih.gov/12944505/,Neuro,false
PubMed,12954810,https://pubmed.ncbi.nlm.nih.gov/12954810/,Neuro,false
PubMed,14519516,https://pubmed.ncbi.nlm.nih.gov/14519516/,Neuro,false
PubMed,14521482,https://pubmed.ncbi.nlm.nih.gov/14521482/,Neuro,false
PubMed,14522360,https://pubmed.ncbi.nlm.nih.gov/14522360/,Neuro,false
PubMed,14526074,https://pubmed.ncbi.nlm.nih.gov/14526074/,Neuro,false
PubMed,14578199,https://pubmed.ncbi.nlm.nih.gov/14578199/,Neuro,false
PubMed,14583744,https://pubmed.ncbi.nlm.nih.gov/14583744/,Neuro,false
PubMed,14615102,https://pubmed.ncbi.nlm.nih.gov/14615102/,Neuro,false
PubMed,14615106,https://pubmed.ncbi.nlm.nih.gov/14615106/,Neuro,false
PubMed,14623357,https://pubmed.ncbi.nlm.nih.gov/14623357/,Neuro,false
PubMed,14657172,https://pubmed.ncbi.nlm.nih.gov/14657172/,Neuro,false
PubMed,14684448,https://pubmed.ncbi.nlm.nih.gov/14684448/,Neuro,false
PubMed,14757702,https://pubmed.ncbi.nlm.nih.gov/14757702/,Neuro,false
PubMed,15009671,https://pubmed.ncbi.nlm.nih.gov/15009671/,Neuro,false
PubMed,15030397,https://pubmed.ncbi.nlm.nih.gov/15030397/,Neuro,false
PubMed,15055508,https://pubmed.ncbi.nlm.nih.gov/15055508/,Neuro,false
PubMed,15108190,https://pubmed.ncbi.nlm.nih.gov/15108190/,Neuro,false
PubMed,15110734,https://pubmed.ncbi.nlm.nih.gov/15110734/,Neuro,false
PubMed,15129189,https://pubmed.ncbi.nlm.nih.gov/15129189/,Neuro,false
PubMed,15147302,https://pubmed.ncbi.nlm.nih.gov/15147302/,Neuro,false
PubMed,15159680,https://pubmed.ncbi.nlm.nih.gov/15159680/,Neuro,false
PubMed,15184623,https://pubmed.ncbi.nlm.nih.gov/15184623/,Neuro,false
PubMed,15190231,https://pubmed.ncbi.nlm.nih.gov/15190231/,Neuro,false
PubMed,15204022,https://pubmed.ncbi.nlm.nih.gov/15204022/,Neuro,false
PubMed,15234473,https://pubmed.ncbi.nlm.nih.gov/15234473/,Neuro,false
PubMed,15258006,https://pubmed.ncbi.nlm.nih.gov/15258006/,Neuro,false
PubMed,15300675,https://pubmed.ncbi.nlm.nih.gov/15300675/,Neuro,false
PubMed,15306158,https://pubmed.ncbi.nlm.nih.gov/15306158/,Neuro,false
PubMed,15327040,https://pubmed.ncbi.nlm.nih.gov/15327040/,Neuro,false
PubMed,15327041,https://pubmed.ncbi.nlm.nih.gov/15327041/,Neuro,false
PubMed,15327042,https://pubmed.ncbi.nlm.nih.gov/15327042/,Neuro,false
PubMed,15372606,https://pubmed.ncbi.nlm.nih.gov/15372606/,Neuro,false
PubMed,15477546,https://pubmed.ncbi.nlm.nih.gov/15477546/,Neuro,false
PubMed,15541895,https://pubmed.ncbi.nlm.nih.gov/15541895/,Neuro,false
PubMed,15548432,https://pubmed.ncbi.nlm.nih.gov/15548432/,Neuro,false
PubMed,15640759,https://pubmed.ncbi.nlm.nih.gov/15640759/,Neuro,false
PubMed,15640760,https://pubmed.ncbi.nlm.nih.gov/15640760/,Neuro,false
PubMed,15664177,https://pubmed.ncbi.nlm.nih.gov/15664177/,Neuro,false
PubMed,15728830,https://pubmed.ncbi.nlm.nih.gov/15728830/,Neuro,false
PubMed,15748152,https://pubmed.ncbi.nlm.nih.gov/15748152/,Neuro,false
PubMed,15755685,https://pubmed.ncbi.nlm.nih.gov/15755685/,Neuro,false
PubMed,15837565,https://pubmed.ncbi.nlm.nih.gov/15837565/,Neuro,false
PubMed,15845890,https://pubmed.ncbi.nlm.nih.gov/15845890/,Neuro,false
PubMed,15852389,https://pubmed.ncbi.nlm.nih.gov/15852389/,Neuro,false
PubMed,15894331,https://pubmed.ncbi.nlm.nih.gov/15894331/,Neuro,false
PubMed,15894565,https://pubmed.ncbi.nlm.nih.gov/15894565/,Neuro,false
PubMed,15936805,https://pubmed.ncbi.nlm.nih.gov/15936805/,Neuro,false
PubMed,15975564,https://pubmed.ncbi.nlm.nih.gov/15975564/,Neuro,false
PubMed,15994343,https://pubmed.ncbi.nlm.nih.gov/15994343/,Neuro,false
PubMed,16006105,https://pubmed.ncbi.nlm.nih.gov/16006105/,Neuro,false
PubMed,16033892,https://pubmed.ncbi.nlm.nih.gov/16033892/,Neuro,false
PubMed,16037095,https://pubmed.ncbi.nlm.nih.gov/16037095/,Neuro,false
PubMed,16051162,https://pubmed.ncbi.nlm.nih.gov/16051162/,Neuro,false
PubMed,16052037,https://pubmed.ncbi.nlm.nih.gov/16052037/,Neuro,false
PubMed,16086683,https://pubmed.ncbi.nlm.nih.gov/16086683/,Neuro,false
PubMed,16116451,https://pubmed.ncbi.nlm.nih.gov/16116451/,Neuro,false
PubMed,16183560,https://pubmed.ncbi.nlm.nih.gov/16183560/,Neuro,false
PubMed,16186518,https://pubmed.ncbi.nlm.nih.gov/16186518/,Neuro,false
PubMed,16204639,https://pubmed.ncbi.nlm.nih.gov/16204639/,Neuro,false
PubMed,16242629,https://pubmed.ncbi.nlm.nih.gov/16242629/,Neuro,false
PubMed,16258853,https://pubmed.ncbi.nlm.nih.gov/16258853/,Neuro,false
PubMed,16291891,https://pubmed.ncbi.nlm.nih.gov/16291891/,Neuro,false
PubMed,16361021,https://pubmed.ncbi.nlm.nih.gov/16361021/,Neuro,false
PubMed,16389547,https://pubmed.ncbi.nlm.nih.gov/16389547/,Neuro,false
PubMed,16412990,https://pubmed.ncbi.nlm.nih.gov/16412990/,Neuro,false
PubMed,16452678,https://pubmed.ncbi.nlm.nih.gov/16452678/,Neuro,false
PubMed,16490313,https://pubmed.ncbi.nlm.nih.gov/16490313/,Neuro,false
PubMed,16512913,https://pubmed.ncbi.nlm.nih.gov/16512913/,Neuro,false
PubMed,16521031,https://pubmed.ncbi.nlm.nih.gov/16521031/,Neuro,false
PubMed,16548785,https://pubmed.ncbi.nlm.nih.gov/16548785/,Neuro,false
PubMed,16552618,https://pubmed.ncbi.nlm.nih.gov/16552618/,Neuro,false
PubMed,16554465,https://pubmed.ncbi.nlm.nih.gov/16554465/,Neuro,false
PubMed,16570100,https://pubmed.ncbi.nlm.nih.gov/16570100/,Neuro,false
PubMed,16571781,https://pubmed.ncbi.nlm.nih.gov/16571781/,Neuro,false
PubMed,16596780,https://pubmed.ncbi.nlm.nih.gov/16596780/,Neuro,false
PubMed,16596781,https://pubmed.ncbi.nlm.nih.gov/16596781/,Neuro,false
PubMed,16596785,https://pubmed.ncbi.nlm.nih.gov/16596785/,Neuro,false
PubMed,16635436,https://pubmed.ncbi.nlm.nih.gov/16635436/,Neuro,false
PubMed,16723519,https://pubmed.ncbi.nlm.nih.gov/16723519/,Neuro,false
PubMed,16732431,https://pubmed.ncbi.nlm.nih.gov/16732431/,Neuro,false
PubMed,16762556,https://pubmed.ncbi.nlm.nih.gov/16762556/,Neuro,false
PubMed,16775153,https://pubmed.ncbi.nlm.nih.gov/16775153/,Neuro,false
PubMed,16781706,https://pubmed.ncbi.nlm.nih.gov/16781706/,Neuro,false
PubMed,16805813,https://pubmed.ncbi.nlm.nih.gov/16805813/,Neuro,false
PubMed,16818388,https://pubmed.ncbi.nlm.nih.gov/16818388/,Neuro,false
PubMed,16822488,https://pubmed.ncbi.nlm.nih.gov/16822488/,Neuro,false
PubMed,16837132,https://pubmed.ncbi.nlm.nih.gov/16837132/,Neuro,false
PubMed,16864698,https://pubmed.ncbi.nlm.nih.gov/16864698/,Neuro,false
PubMed,16895732,https://pubmed.ncbi.nlm.nih.gov/16895732/,Neuro,false
PubMed,16973696,https://pubmed.ncbi.nlm.nih.gov/16973696/,Neuro,false
PubMed,16997463,https://pubmed.ncbi.nlm.nih.gov/16997463/,Neuro,false
PubMed,17086911,https://pubmed.ncbi.nlm.nih.gov/17086911/,Neuro,false
PubMed,17112679,https://pubmed.ncbi.nlm.nih.gov/17112679/,Neuro,false
PubMed,17116015,https://pubmed.ncbi.nlm.nih.gov/17116015/,Neuro,false
PubMed,17135385,https://pubmed.ncbi.nlm.nih.gov/17135385/,Neuro,false
PubMed,17141334,https://pubmed.ncbi.nlm.nih.gov/17141334/,Neuro,false
PubMed,17168732,https://pubmed.ncbi.nlm.nih.gov/17168732/,Neuro,false
PubMed,17174949,https://pubmed.ncbi.nlm.nih.gov/17174949/,Neuro,false
PubMed,17196181,https://pubmed.ncbi.nlm.nih.gov/17196181/,Neuro,false
PubMed,17220914,https://pubmed.ncbi.nlm.nih.gov/17220914/,Neuro,false
PubMed,17229577,https://pubmed.ncbi.nlm.nih.gov/17229577/,Neuro,false
PubMed,17241118,https://pubmed.ncbi.nlm.nih.gov/17241118/,Neuro,false
PubMed,17257464,https://pubmed.ncbi.nlm.nih.gov/17257464/,Neuro,false
PubMed,17267577,https://pubmed.ncbi.nlm.nih.gov/17267577/,Neuro,false
PubMed,17274532,https://pubmed.ncbi.nlm.nih.gov/17274532/,Neuro,false
PubMed,17287809,https://pubmed.ncbi.nlm.nih.gov/17287809/,Neuro,false
PubMed,17320118,https://pubmed.ncbi.nlm.nih.gov/17320118/,Neuro,false
PubMed,17329437,https://pubmed.ncbi.nlm.nih.gov/17329437/,Neuro,false
PubMed,17401376,https://pubmed.ncbi.nlm.nih.gov/17401376/,Neuro,false
PubMed,17404371,https://pubmed.ncbi.nlm.nih.gov/17404371/,Neuro,false
PubMed,17556369,https://pubmed.ncbi.nlm.nih.gov/17556369/,Neuro,false
PubMed,17626034,https://pubmed.ncbi.nlm.nih.gov/17626034/,Neuro,false
PubMed,17630359,https://pubmed.ncbi.nlm.nih.gov/17630359/,Neuro,false
PubMed,17652447,https://pubmed.ncbi.nlm.nih.gov/17652447/,Neuro,false
PubMed,17666109,https://pubmed.ncbi.nlm.nih.gov/17666109/,Neuro,false
PubMed,17672854,https://pubmed.ncbi.nlm.nih.gov/17672854/,Neuro,false
PubMed,17684555,https://pubmed.ncbi.nlm.nih.gov/17684555/,Neuro,false
PubMed,17828287,https://pubmed.ncbi.nlm.nih.gov/17828287/,Neuro,false
PubMed,17900568,https://pubmed.ncbi.nlm.nih.gov/17900568/,Neuro,false
PubMed,17904903,https://pubmed.ncbi.nlm.nih.gov/17904903/,Neuro,false
PubMed,17950616,https://pubmed.ncbi.nlm.nih.gov/17950616/,Neuro,false
PubMed,17952649,https://pubmed.ncbi.nlm.nih.gov/17952649/,Neuro,false
PubMed,17952652,https://pubmed.ncbi.nlm.nih.gov/17952652/,Neuro,false
PubMed,17952653,https://pubmed.ncbi.nlm.nih.gov/17952653/,Neuro,false
PubMed,17965746,https://pubmed.ncbi.nlm.nih.gov/17965746/,Neuro,false
PubMed,18035205,https://pubmed.ncbi.nlm.nih.gov/18035205/,Neuro,false
PubMed,18064422,https://pubmed.ncbi.nlm.nih.gov/18064422/,Neuro,false
PubMed,18068305,https://pubmed.ncbi.nlm.nih.gov/18068305/,Neuro,false
PubMed,18073512,https://pubmed.ncbi.nlm.nih.gov/18073512/,Neuro,false
PubMed,18081000,https://pubmed.ncbi.nlm.nih.gov/18081000/,Neuro,false
PubMed,18084639,https://pubmed.ncbi.nlm.nih.gov/18084639/,Neuro,false
PubMed,18220777,https://pubmed.ncbi.nlm.nih.gov/18220777/,Neuro,false
PubMed,18221224,https://pubmed.ncbi.nlm.nih.gov/18221224/,Neuro,false
PubMed,18272863,https://pubmed.ncbi.nlm.nih.gov/18272863/,Neuro,false
PubMed,18279310,https://pubmed.ncbi.nlm.nih.gov/18279310/,Neuro,false
PubMed,18297798,https://pubmed.ncbi.nlm.nih.gov/18297798/,Neuro,false
PubMed,18304750,https://pubmed.ncbi.nlm.nih.gov/18304750/,Neuro,false
PubMed,18367664,https://pubmed.ncbi.nlm.nih.gov/18367664/,Neuro,false
PubMed,18382619,https://pubmed.ncbi.nlm.nih.gov/18382619/,Neuro,false
PubMed,18390906,https://pubmed.ncbi.nlm.nih.gov/18390906/,Neuro,false
PubMed,1839644,https://pubmed.ncbi.nlm.nih.gov/1839644/,Neuro,false
PubMed,18429637,https://pubmed.ncbi.nlm.nih.gov/18429637/,Neuro,false
PubMed,18496477,https://pubmed.ncbi.nlm.nih.gov/18496477/,Neuro,false
PubMed,18538428,https://pubmed.ncbi.nlm.nih.gov/18538428/,Neuro,false
PubMed,18589404,https://pubmed.ncbi.nlm.nih.gov/18589404/,Neuro,false
PubMed,18603457,https://pubmed.ncbi.nlm.nih.gov/18603457/,Neuro,false
PubMed,18641283,https://pubmed.ncbi.nlm.nih.gov/18641283/,Neuro,false
PubMed,18657182,https://pubmed.ncbi.nlm.nih.gov/18657182/,Neuro,false
PubMed,18679164,https://pubmed.ncbi.nlm.nih.gov/18679164/,Neuro,false
PubMed,18695637,https://pubmed.ncbi.nlm.nih.gov/18695637/,Neuro,false
PubMed,18754005,https://pubmed.ncbi.nlm.nih.gov/18754005/,Neuro,false
PubMed,18776886,https://pubmed.ncbi.nlm.nih.gov/18776886/,Neuro,false
PubMed,18781978,https://pubmed.ncbi.nlm.nih.gov/18781978/,Neuro,false
PubMed,18781979,https://pubmed.ncbi.nlm.nih.gov/18781979/,Neuro,false
PubMed,18781980,https://pubmed.ncbi.nlm.nih.gov/18781980/,Neuro,false
PubMed,18781981,https://pubmed.ncbi.nlm.nih.gov/18781981/,Neuro,false
PubMed,18781982,https://pubmed.ncbi.nlm.nih.gov/18781982/,Neuro,false
PubMed,18781983,https://pubmed.ncbi.nlm.nih.gov/18781983/,Neuro,false
PubMed,18781984,https://pubmed.ncbi.nlm.nih.gov/18781984/,Neuro,false
PubMed,18781985,https://pubmed.ncbi.nlm.nih.gov/18781985/,Neuro,false
PubMed,18782012,https://pubmed.ncbi.nlm.nih.gov/18782012/,Neuro,false
PubMed,18801821,https://pubmed.ncbi.nlm.nih.gov/18801821/,Neuro,false
PubMed,18807247,https://pubmed.ncbi.nlm.nih.gov/18807247/,Neuro,false
PubMed,18824001,https://pubmed.ncbi.nlm.nih.gov/18824001/,Neuro,false
PubMed,18837048,https://pubmed.ncbi.nlm.nih.gov/18837048/,Neuro,false
PubMed,18844286,https://pubmed.ncbi.nlm.nih.gov/18844286/,Neuro,false
PubMed,18978501,https://pubmed.ncbi.nlm.nih.gov/18978501/,Neuro,false
PubMed,18997302,https://pubmed.ncbi.nlm.nih.gov/18997302/,Neuro,false
PubMed,19010365,https://pubmed.ncbi.nlm.nih.gov/19010365/,Neuro,false
PubMed,19087195,https://pubmed.ncbi.nlm.nih.gov/19087195/,Neuro,false
PubMed,19115380,https://pubmed.ncbi.nlm.nih.gov/19115380/,Neuro,false
PubMed,19126760,https://pubmed.ncbi.nlm.nih.gov/19126760/,Neuro,false
PubMed,19220290,https://pubmed.ncbi.nlm.nih.gov/19220290/,Neuro,false
PubMed,19228959,https://pubmed.ncbi.nlm.nih.gov/19228959/,Neuro,false
PubMed,19356123,https://pubmed.ncbi.nlm.nih.gov/19356123/,Neuro,false
PubMed,19357281,https://pubmed.ncbi.nlm.nih.gov/19357281/,Neuro,false
PubMed,19367511,https://pubmed.ncbi.nlm.nih.gov/19367511/,Neuro,false
PubMed,19370677,https://pubmed.ncbi.nlm.nih.gov/19370677/,Neuro,false
PubMed,19414037,https://pubmed.ncbi.nlm.nih.gov/19414037/,Neuro,false
PubMed,19452308,https://pubmed.ncbi.nlm.nih.gov/19452308/,Neuro,false
PubMed,19456285,https://pubmed.ncbi.nlm.nih.gov/19456285/,Neuro,false
PubMed,19481011,https://pubmed.ncbi.nlm.nih.gov/19481011/,Neuro,false
PubMed,19490092,https://pubmed.ncbi.nlm.nih.gov/19490092/,Neuro,false
PubMed,19501632,https://pubmed.ncbi.nlm.nih.gov/19501632/,Neuro,false
PubMed,19524019,https://pubmed.ncbi.nlm.nih.gov/19524019/,Neuro,false
PubMed,19527737,https://pubmed.ncbi.nlm.nih.gov/19527737/,Neuro,false
PubMed,19588184,https://pubmed.ncbi.nlm.nih.gov/19588184/,Neuro,false
PubMed,19666749,https://pubmed.ncbi.nlm.nih.gov/19666749/,Neuro,false
PubMed,19689331,https://pubmed.ncbi.nlm.nih.gov/19689331/,Neuro,false
PubMed,19695579,https://pubmed.ncbi.nlm.nih.gov/19695579/,Neuro,false
PubMed,19767452,https://pubmed.ncbi.nlm.nih.gov/19767452/,Neuro,false
PubMed,19805493,https://pubmed.ncbi.nlm.nih.gov/19805493/,Neuro,false
PubMed,19815071,https://pubmed.ncbi.nlm.nih.gov/19815071/,Neuro,false
PubMed,19817812,https://pubmed.ncbi.nlm.nih.gov/19817812/,Neuro,false
PubMed,19821373,https://pubmed.ncbi.nlm.nih.gov/19821373/,Neuro,false
PubMed,19839933,https://pubmed.ncbi.nlm.nih.gov/19839933/,Neuro,false
PubMed,19839934,https://pubmed.ncbi.nlm.nih.gov/19839934/,Neuro,false
PubMed,19845035,https://pubmed.ncbi.nlm.nih.gov/19845035/,Neuro,false
PubMed,19900555,https://pubmed.ncbi.nlm.nih.gov/19900555/,Neuro,false
PubMed,19906779,https://pubmed.ncbi.nlm.nih.gov/19906779/,Neuro,false
PubMed,19910459,https://pubmed.ncbi.nlm.nih.gov/19910459/,Neuro,false
PubMed,19939866,https://pubmed.ncbi.nlm.nih.gov/19939866/,Neuro,false
PubMed,20007426,https://pubmed.ncbi.nlm.nih.gov/20007426/,Neuro,false
PubMed,20128798,https://pubmed.ncbi.nlm.nih.gov/20128798/,Neuro,false
PubMed,20147530,https://pubmed.ncbi.nlm.nih.gov/20147530/,Neuro,false
PubMed,20159446,https://pubmed.ncbi.nlm.nih.gov/20159446/,Neuro,false
PubMed,20174577,https://pubmed.ncbi.nlm.nih.gov/20174577/,Neuro,false
PubMed,20196794,https://pubmed.ncbi.nlm.nih.gov/20196794/,Neuro,false
PubMed,20230193,https://pubmed.ncbi.nlm.nih.gov/20230193/,Neuro,false
PubMed,20307378,https://pubmed.ncbi.nlm.nih.gov/20307378/,Neuro,false
PubMed,20353778,https://pubmed.ncbi.nlm.nih.gov/20353778/,Neuro,false
PubMed,20439484,https://pubmed.ncbi.nlm.nih.gov/20439484/,Neuro,false
PubMed,20498181,https://pubmed.ncbi.nlm.nih.gov/20498181/,Neuro,false
PubMed,20565726,https://pubmed.ncbi.nlm.nih.gov/20565726/,Neuro,false
PubMed,20569094,https://pubmed.ncbi.nlm.nih.gov/20569094/,Neuro,false
PubMed,20590555,https://pubmed.ncbi.nlm.nih.gov/20590555/,Neuro,false
PubMed,20590577,https://pubmed.ncbi.nlm.nih.gov/20590577/,Neuro,false
PubMed,20600638,https://pubmed.ncbi.nlm.nih.gov/20600638/,Neuro,false
PubMed,20632970,https://pubmed.ncbi.nlm.nih.gov/20632970/,Neuro,false
PubMed,20680268,https://pubmed.ncbi.nlm.nih.gov/20680268/,Neuro,false
PubMed,20720046,https://pubmed.ncbi.nlm.nih.gov/20720046/,Neuro,false
PubMed,20829244,https://pubmed.ncbi.nlm.nih.gov/20829244/,Neuro,false
PubMed,20875047,https://pubmed.ncbi.nlm.nih.gov/20875047/,Neuro,false
PubMed,20878765,https://pubmed.ncbi.nlm.nih.gov/20878765/,Neuro,false
PubMed,20920795,https://pubmed.ncbi.nlm.nih.gov/20920795/,Neuro,false
PubMed,20929960,https://pubmed.ncbi.nlm.nih.gov/20929960/,Neuro,false
PubMed,21050680,https://pubmed.ncbi.nlm.nih.gov/21050680/,Neuro,false
PubMed,21094240,https://pubmed.ncbi.nlm.nih.gov/21094240/,Neuro,false
PubMed,21148019,https://pubmed.ncbi.nlm.nih.gov/21148019/,Neuro,false
PubMed,21182490,https://pubmed.ncbi.nlm.nih.gov/21182490/,Neuro,false
PubMed,21310228,https://pubmed.ncbi.nlm.nih.gov/21310228/,Neuro,false
PubMed,21323391,https://pubmed.ncbi.nlm.nih.gov/21323391/,Neuro,false
PubMed,21323909,https://pubmed.ncbi.nlm.nih.gov/21323909/,Neuro,false
PubMed,21350020,https://pubmed.ncbi.nlm.nih.gov/21350020/,Neuro,false
PubMed,21362108,https://pubmed.ncbi.nlm.nih.gov/21362108/,Neuro,false
PubMed,21364345,https://pubmed.ncbi.nlm.nih.gov/21364345/,Neuro,false
PubMed,21406230,https://pubmed.ncbi.nlm.nih.gov/21406230/,Neuro,false
PubMed,21412224,https://pubmed.ncbi.nlm.nih.gov/21412224/,Neuro,false
PubMed,21412829,https://pubmed.ncbi.nlm.nih.gov/21412829/,Neuro,false
PubMed,21418185,https://pubmed.ncbi.nlm.nih.gov/21418185/,Neuro,false
PubMed,21420365,https://pubmed.ncbi.nlm.nih.gov/21420365/,Neuro,false
PubMed,21449980,https://pubmed.ncbi.nlm.nih.gov/21449980/,Neuro,false
PubMed,21456949,https://pubmed.ncbi.nlm.nih.gov/21456949/,Neuro,false
PubMed,21459091,https://pubmed.ncbi.nlm.nih.gov/21459091/,Neuro,false
PubMed,21459826,https://pubmed.ncbi.nlm.nih.gov/21459826/,Neuro,false
PubMed,21479354,https://pubmed.ncbi.nlm.nih.gov/21479354/,Neuro,false
PubMed,21480865,https://pubmed.ncbi.nlm.nih.gov/21480865/,Neuro,false
PubMed,21531987,https://pubmed.ncbi.nlm.nih.gov/21531987/,Neuro,false
PubMed,21533611,https://pubmed.ncbi.nlm.nih.gov/21533611/,Neuro,false
PubMed,21542829,https://pubmed.ncbi.nlm.nih.gov/21542829/,Neuro,false
PubMed,21545415,https://pubmed.ncbi.nlm.nih.gov/21545415/,Neuro,false
PubMed,21654550,https://pubmed.ncbi.nlm.nih.gov/21654550/,Neuro,false
PubMed,21674569,https://pubmed.ncbi.nlm.nih.gov/21674569/,Neuro,false
PubMed,21699489,https://pubmed.ncbi.nlm.nih.gov/21699489/,Neuro,false
PubMed,21915768,https://pubmed.ncbi.nlm.nih.gov/21915768/,Neuro,false
PubMed,21924288,https://pubmed.ncbi.nlm.nih.gov/21924288/,Neuro,false
PubMed,22021672,https://pubmed.ncbi.nlm.nih.gov/22021672/,Neuro,false
PubMed,22102284,https://pubmed.ncbi.nlm.nih.gov/22102284/,Neuro,false
PubMed,22103420,https://pubmed.ncbi.nlm.nih.gov/22103420/,Neuro,false
PubMed,22119394,https://pubmed.ncbi.nlm.nih.gov/22119394/,Neuro,false
PubMed,22163051,https://pubmed.ncbi.nlm.nih.gov/22163051/,Neuro,false
PubMed,22178458,https://pubmed.ncbi.nlm.nih.gov/22178458/,Neuro,false
PubMed,22207189,https://pubmed.ncbi.nlm.nih.gov/22207189/,Neuro,false
PubMed,22236282,https://pubmed.ncbi.nlm.nih.gov/22236282/,Neuro,false
PubMed,22280340,https://pubmed.ncbi.nlm.nih.gov/22280340/,Neuro,false
PubMed,22285309,https://pubmed.ncbi.nlm.nih.gov/22285309/,Neuro,false
PubMed,22300746,https://pubmed.ncbi.nlm.nih.gov/22300746/,Neuro,false
PubMed,22342378,https://pubmed.ncbi.nlm.nih.gov/22342378/,Neuro,false
PubMed,22419278,https://pubmed.ncbi.nlm.nih.gov/22419278/,Neuro,false
PubMed,22442067,https://pubmed.ncbi.nlm.nih.gov/22442067/,Neuro,false
PubMed,22448595,https://pubmed.ncbi.nlm.nih.gov/22448595/,Neuro,false
PubMed,22513921,https://pubmed.ncbi.nlm.nih.gov/22513921/,Neuro,false
PubMed,22520455,https://pubmed.ncbi.nlm.nih.gov/22520455/,Neuro,false
PubMed,22521335,https://pubmed.ncbi.nlm.nih.gov/22521335/,Neuro,false
PubMed,22535572,https://pubmed.ncbi.nlm.nih.gov/22535572/,Neuro,false
PubMed,22579668,https://pubmed.ncbi.nlm.nih.gov/22579668/,Neuro,false
PubMed,22625422,https://pubmed.ncbi.nlm.nih.gov/22625422/,Neuro,false
PubMed,22659086,https://pubmed.ncbi.nlm.nih.gov/22659086/,Neuro,false
PubMed,22716136,https://pubmed.ncbi.nlm.nih.gov/22716136/,Neuro,false
PubMed,22791906,https://pubmed.ncbi.nlm.nih.gov/22791906/,Neuro,false
PubMed,22821081,https://pubmed.ncbi.nlm.nih.gov/22821081/,Neuro,false
PubMed,22827915,https://pubmed.ncbi.nlm.nih.gov/22827915/,Neuro,false
PubMed,22860209,https://pubmed.ncbi.nlm.nih.gov/22860209/,Neuro,false
PubMed,22970845,https://pubmed.ncbi.nlm.nih.gov/22970845/,Neuro,true
PubMed,22990678,https://pubmed.ncbi.nlm.nih.gov/22990678/,Neuro,false
PubMed,23040807,https://pubmed.ncbi.nlm.nih.gov/23040807/,Neuro,false
PubMed,23103940,https://pubmed.ncbi.nlm.nih.gov/23103940/,Neuro,false
PubMed,23108543,https://pubmed.ncbi.nlm.nih.gov/23108543/,Neuro,false
PubMed,23151067,https://pubmed.ncbi.nlm.nih.gov/23151067/,Neuro,false
PubMed,23180178,https://pubmed.ncbi.nlm.nih.gov/23180178/,Neuro,false
PubMed,23187140,https://pubmed.ncbi.nlm.nih.gov/23187140/,Neuro,false
PubMed,23374874,https://pubmed.ncbi.nlm.nih.gov/23374874/,Neuro,false
PubMed,23394520,https://pubmed.ncbi.nlm.nih.gov/23394520/,Neuro,false
PubMed,23478312,https://pubmed.ncbi.nlm.nih.gov/23478312/,Neuro,false
PubMed,23515018,https://pubmed.ncbi.nlm.nih.gov/23515018/,Neuro,false
PubMed,23587650,https://pubmed.ncbi.nlm.nih.gov/23587650/,Neuro,false
PubMed,23597932,https://pubmed.ncbi.nlm.nih.gov/23597932/,Neuro,false
PubMed,23678469,https://pubmed.ncbi.nlm.nih.gov/23678469/,Neuro,false
PubMed,23791616,https://pubmed.ncbi.nlm.nih.gov/23791616/,Neuro,false
PubMed,23829360,https://pubmed.ncbi.nlm.nih.gov/23829360/,Neuro,false
PubMed,23831388,https://pubmed.ncbi.nlm.nih.gov/23831388/,Neuro,false
PubMed,23851307,https://pubmed.ncbi.nlm.nih.gov/23851307/,Neuro,false
PubMed,23858009,https://pubmed.ncbi.nlm.nih.gov/23858009/,Neuro,false
PubMed,23893294,https://pubmed.ncbi.nlm.nih.gov/23893294/,Neuro,false
PubMed,23902406,https://pubmed.ncbi.nlm.nih.gov/23902406/,Neuro,true
PubMed,23924692,https://pubmed.ncbi.nlm.nih.gov/23924692/,Neuro,false
PubMed,23941747,https://pubmed.ncbi.nlm.nih.gov/23941747/,Neuro,false
PubMed,23960212,https://pubmed.ncbi.nlm.nih.gov/23960212/,Neuro,false
PubMed,23981015,https://pubmed.ncbi.nlm.nih.gov/23981015/,Neuro,false
PubMed,24012970,https://pubmed.ncbi.nlm.nih.gov/24012970/,Neuro,false
PubMed,24076098,https://pubmed.ncbi.nlm.nih.gov/24076098/,Neuro,false
PubMed,24102242,https://pubmed.ncbi.nlm.nih.gov/24102242/,Neuro,false
PubMed,24148086,https://pubmed.ncbi.nlm.nih.gov/24148086/,Neuro,false
PubMed,24172185,https://pubmed.ncbi.nlm.nih.gov/24172185/,Neuro,false
PubMed,24237632,https://pubmed.ncbi.nlm.nih.gov/24237632/,Neuro,false
PubMed,24256257,https://pubmed.ncbi.nlm.nih.gov/24256257/,Neuro,false
PubMed,24282673,https://pubmed.ncbi.nlm.nih.gov/24282673/,Neuro,false
PubMed,24288245,https://pubmed.ncbi.nlm.nih.gov/24288245/,Neuro,false
PubMed,24309936,https://pubmed.ncbi.nlm.nih.gov/24309936/,Neuro,false
PubMed,24342422,https://pubmed.ncbi.nlm.nih.gov/24342422/,Neuro,false
PubMed,24370333,https://pubmed.ncbi.nlm.nih.gov/24370333/,Neuro,false
PubMed,24392812,https://pubmed.ncbi.nlm.nih.gov/24392812/,Neuro,false
PubMed,24440366,https://pubmed.ncbi.nlm.nih.gov/24440366/,Neuro,false
PubMed,24457846,https://pubmed.ncbi.nlm.nih.gov/24457846/,Neuro,false
PubMed,24496074,https://pubmed.ncbi.nlm.nih.gov/24496074/,Neuro,false
PubMed,24525548,https://pubmed.ncbi.nlm.nih.gov/24525548/,Neuro,false
PubMed,24532152,https://pubmed.ncbi.nlm.nih.gov/24532152/,Neuro,false
PubMed,24549572,https://pubmed.ncbi.nlm.nih.gov/24549572/,Neuro,false
PubMed,24577515,https://pubmed.ncbi.nlm.nih.gov/24577515/,Neuro,false
PubMed,24595491,https://pubmed.ncbi.nlm.nih.gov/24595491/,Neuro,false
PubMed,24614667,https://pubmed.ncbi.nlm.nih.gov/24614667/,Neuro,false
PubMed,24633558,https://pubmed.ncbi.nlm.nih.gov/24633558/,Neuro,false
PubMed,24634659,https://pubmed.ncbi.nlm.nih.gov/24634659/,Neuro,false
PubMed,24641282,https://pubmed.ncbi.nlm.nih.gov/24641282/,Neuro,false
PubMed,24703394,https://pubmed.ncbi.nlm.nih.gov/24703394/,Neuro,false
PubMed,24709676,https://pubmed.ncbi.nlm.nih.gov/24709676/,Neuro,false
PubMed,24727978,https://pubmed.ncbi.nlm.nih.gov/24727978/,Neuro,false
PubMed,24778283,https://pubmed.ncbi.nlm.nih.gov/24778283/,Neuro,false
PubMed,24789863,https://pubmed.ncbi.nlm.nih.gov/24789863/,Neuro,false
PubMed,24800644,https://pubmed.ncbi.nlm.nih.gov/24800644/,Neuro,false
PubMed,24819918,https://pubmed.ncbi.nlm.nih.gov/24819918/,Neuro,false
PubMed,24844285,https://pubmed.ncbi.nlm.nih.gov/24844285/,Neuro,false
PubMed,24845114,https://pubmed.ncbi.nlm.nih.gov/24845114/,Neuro,false
PubMed,24854149,https://pubmed.ncbi.nlm.nih.gov/24854149/,Neuro,false
PubMed,24854329,https://pubmed.ncbi.nlm.nih.gov/24854329/,Neuro,false
PubMed,24929655,https://pubmed.ncbi.nlm.nih.gov/24929655/,Neuro,false
PubMed,24937045,https://pubmed.ncbi.nlm.nih.gov/24937045/,Neuro,false
PubMed,24945775,https://pubmed.ncbi.nlm.nih.gov/24945775/,Neuro,false
PubMed,24946872,https://pubmed.ncbi.nlm.nih.gov/24946872/,Neuro,false
PubMed,25024327,https://pubmed.ncbi.nlm.nih.gov/25024327/,Neuro,false
PubMed,25024347,https://pubmed.ncbi.nlm.nih.gov/25024347/,Neuro,false
PubMed,25029033,https://pubmed.ncbi.nlm.nih.gov/25029033/,Neuro,false
PubMed,25033180,https://pubmed.ncbi.nlm.nih.gov/25033180/,Neuro,false
PubMed,25042014,https://pubmed.ncbi.nlm.nih.gov/25042014/,Neuro,false
PubMed,25108670,https://pubmed.ncbi.nlm.nih.gov/25108670/,Neuro,false
PubMed,25116250,https://pubmed.ncbi.nlm.nih.gov/25116250/,Neuro,false
PubMed,25125475,https://pubmed.ncbi.nlm.nih.gov/25125475/,Neuro,false
PubMed,25135301,https://pubmed.ncbi.nlm.nih.gov/25135301/,Neuro,false
PubMed,25147120,https://pubmed.ncbi.nlm.nih.gov/25147120/,Neuro,false
PubMed,25158585,https://pubmed.ncbi.nlm.nih.gov/25158585/,Neuro,false
PubMed,25210802,https://pubmed.ncbi.nlm.nih.gov/25210802/,Neuro,false
PubMed,25237116,https://pubmed.ncbi.nlm.nih.gov/25237116/,Neuro,false
PubMed,25245510,https://pubmed.ncbi.nlm.nih.gov/25245510/,Neuro,false
PubMed,25264643,https://pubmed.ncbi.nlm.nih.gov/25264643/,Neuro,false
PubMed,25298214,https://pubmed.ncbi.nlm.nih.gov/25298214/,Neuro,false
PubMed,25350886,https://pubmed.ncbi.nlm.nih.gov/25350886/,Neuro,false
PubMed,25377755,https://pubmed.ncbi.nlm.nih.gov/25377755/,Neuro,false
PubMed,25407719,https://pubmed.ncbi.nlm.nih.gov/25407719/,Neuro,false
PubMed,25409697,https://pubmed.ncbi.nlm.nih.gov/25409697/,Neuro,false
PubMed,2542370,https://pubmed.ncbi.nlm.nih.gov/2542370/,Neuro,false
PubMed,25431432,https://pubmed.ncbi.nlm.nih.gov/25431432/,Neuro,false
PubMed,25458536,https://pubmed.ncbi.nlm.nih.gov/25458536/,Neuro,false
PubMed,25492114,https://pubmed.ncbi.nlm.nih.gov/25492114/,Neuro,false
PubMed,25524120,https://pubmed.ncbi.nlm.nih.gov/25524120/,Neuro,false
PubMed,25537576,https://pubmed.ncbi.nlm.nih.gov/25537576/,Neuro,false
PubMed,25598354,https://pubmed.ncbi.nlm.nih.gov/25598354/,Neuro,false
PubMed,25601726,https://pubmed.ncbi.nlm.nih.gov/25601726/,Neuro,false
PubMed,25637488,https://pubmed.ncbi.nlm.nih.gov/25637488/,Neuro,false
PubMed,25637536,https://pubmed.ncbi.nlm.nih.gov/25637536/,Neuro,false
PubMed,25649017,https://pubmed.ncbi.nlm.nih.gov/25649017/,Neuro,false
PubMed,25788394,https://pubmed.ncbi.nlm.nih.gov/25788394/,Neuro,false
PubMed,25821504,https://pubmed.ncbi.nlm.nih.gov/25821504/,Neuro,false
PubMed,25845492,https://pubmed.ncbi.nlm.nih.gov/25845492/,Neuro,false
PubMed,25857324,https://pubmed.ncbi.nlm.nih.gov/25857324/,Neuro,false
PubMed,25863279,https://pubmed.ncbi.nlm.nih.gov/25863279/,Neuro,false
PubMed,25873197,https://pubmed.ncbi.nlm.nih.gov/25873197/,Neuro,false
PubMed,25880134,https://pubmed.ncbi.nlm.nih.gov/25880134/,Neuro,false
PubMed,25882081,https://pubmed.ncbi.nlm.nih.gov/25882081/,Neuro,false
PubMed,25888232,https://pubmed.ncbi.nlm.nih.gov/25888232/,Neuro,false
PubMed,25900077,https://pubmed.ncbi.nlm.nih.gov/25900077/,Neuro,false
PubMed,25904357,https://pubmed.ncbi.nlm.nih.gov/25904357/,Neuro,false
PubMed,25927213,https://pubmed.ncbi.nlm.nih.gov/25927213/,Neuro,false
PubMed,25935511,https://pubmed.ncbi.nlm.nih.gov/25935511/,Neuro,false
PubMed,25942353,https://pubmed.ncbi.nlm.nih.gov/25942353/,Neuro,false
PubMed,25972490,https://pubmed.ncbi.nlm.nih.gov/25972490/,Neuro,false
PubMed,26086345,https://pubmed.ncbi.nlm.nih.gov/26086345/,Neuro,false
PubMed,26099242,https://pubmed.ncbi.nlm.nih.gov/26099242/,Neuro,false
PubMed,26152606,https://pubmed.ncbi.nlm.nih.gov/26152606/,Neuro,false
PubMed,26157003,https://pubmed.ncbi.nlm.nih.gov/26157003/,Neuro,false
PubMed,26189763,https://pubmed.ncbi.nlm.nih.gov/26189763/,Neuro,false
PubMed,26198567,https://pubmed.ncbi.nlm.nih.gov/26198567/,Neuro,false
PubMed,26206230,https://pubmed.ncbi.nlm.nih.gov/26206230/,Neuro,false
PubMed,26225920,https://pubmed.ncbi.nlm.nih.gov/26225920/,Neuro,false
PubMed,26234319,https://pubmed.ncbi.nlm.nih.gov/26234319/,Neuro,false
PubMed,26238742,https://pubmed.ncbi.nlm.nih.gov/26238742/,Neuro,false
PubMed,26271310,https://pubmed.ncbi.nlm.nih.gov/26271310/,Neuro,false
PubMed,26296704,https://pubmed.ncbi.nlm.nih.gov/26296704/,Neuro,false
PubMed,26336632,https://pubmed.ncbi.nlm.nih.gov/26336632/,Neuro,false
PubMed,26352816,https://pubmed.ncbi.nlm.nih.gov/26352816/,Neuro,false
PubMed,26362942,https://pubmed.ncbi.nlm.nih.gov/26362942/,Neuro,false
PubMed,26408162,https://pubmed.ncbi.nlm.nih.gov/26408162/,Neuro,false
PubMed,26408163,https://pubmed.ncbi.nlm.nih.gov/26408163/,Neuro,false
PubMed,26408165,https://pubmed.ncbi.nlm.nih.gov/26408165/,Neuro,false
PubMed,26489494,https://pubmed.ncbi.nlm.nih.gov/26489494/,Neuro,false
PubMed,26497782,https://pubmed.ncbi.nlm.nih.gov/26497782/,Neuro,false
PubMed,26540221,https://pubmed.ncbi.nlm.nih.gov/26540221/,Neuro,false
PubMed,26556726,https://pubmed.ncbi.nlm.nih.gov/26556726/,Neuro,false
PubMed,26558539,https://pubmed.ncbi.nlm.nih.gov/26558539/,Neuro,false
PubMed,26560511,https://pubmed.ncbi.nlm.nih.gov/26560511/,Neuro,false
PubMed,26577751,https://pubmed.ncbi.nlm.nih.gov/26577751/,Neuro,false
PubMed,26724101,https://pubmed.ncbi.nlm.nih.gov/26724101/,Neuro,false
PubMed,26738731,https://pubmed.ncbi.nlm.nih.gov/26738731/,Neuro,false
PubMed,26744883,https://pubmed.ncbi.nlm.nih.gov/26744883/,Neuro,false
PubMed,26757043,https://pubmed.ncbi.nlm.nih.gov/26757043/,Neuro,false
PubMed,26787773,https://pubmed.ncbi.nlm.nih.gov/26787773/,Neuro,false
PubMed,26803309,https://pubmed.ncbi.nlm.nih.gov/26803309/,Neuro,false
PubMed,26888301,https://pubmed.ncbi.nlm.nih.gov/26888301/,Neuro,false
PubMed,26965148,https://pubmed.ncbi.nlm.nih.gov/26965148/,Neuro,false
PubMed,27159993,https://pubmed.ncbi.nlm.nih.gov/27159993/,Neuro,false
PubMed,27256343,https://pubmed.ncbi.nlm.nih.gov/27256343/,Neuro,false
PubMed,27267376,https://pubmed.ncbi.nlm.nih.gov/27267376/,Neuro,false
PubMed,27285147,https://pubmed.ncbi.nlm.nih.gov/27285147/,Neuro,false
PubMed,27303261,https://pubmed.ncbi.nlm.nih.gov/27303261/,Neuro,false
PubMed,27323834,https://pubmed.ncbi.nlm.nih.gov/27323834/,Neuro,false
PubMed,27364363,https://pubmed.ncbi.nlm.nih.gov/27364363/,Neuro,false
PubMed,27373505,https://pubmed.ncbi.nlm.nih.gov/27373505/,Neuro,false
PubMed,27394666,https://pubmed.ncbi.nlm.nih.gov/27394666/,Neuro,false
PubMed,27441365,https://pubmed.ncbi.nlm.nih.gov/27441365/,Neuro,false
PubMed,27450295,https://pubmed.ncbi.nlm.nih.gov/27450295/,Neuro,false
PubMed,27450559,https://pubmed.ncbi.nlm.nih.gov/27450559/,Neuro,false
PubMed,27458351,https://pubmed.ncbi.nlm.nih.gov/27458351/,Neuro,false
PubMed,27462203,https://pubmed.ncbi.nlm.nih.gov/27462203/,Neuro,false
PubMed,27471947,https://pubmed.ncbi.nlm.nih.gov/27471947/,Neuro,false
PubMed,27506704,https://pubmed.ncbi.nlm.nih.gov/27506704/,Neuro,false
PubMed,27558217,https://pubmed.ncbi.nlm.nih.gov/27558217/,Neuro,false
PubMed,27624148,https://pubmed.ncbi.nlm.nih.gov/27624148/,Neuro,false
PubMed,27651254,https://pubmed.ncbi.nlm.nih.gov/27651254/,Neuro,false
PubMed,27655472,https://pubmed.ncbi.nlm.nih.gov/27655472/,Neuro,false
PubMed,27679556,https://pubmed.ncbi.nlm.nih.gov/27679556/,Neuro,false
PubMed,27696387,https://pubmed.ncbi.nlm.nih.gov/27696387/,Neuro,false
PubMed,27713349,https://pubmed.ncbi.nlm.nih.gov/27713349/,Neuro,false
PubMed,27714895,https://pubmed.ncbi.nlm.nih.gov/27714895/,Neuro,false
PubMed,27732980,https://pubmed.ncbi.nlm.nih.gov/27732980/,Neuro,false
PubMed,27733830,https://pubmed.ncbi.nlm.nih.gov/27733830/,Neuro,false
PubMed,27804883,https://pubmed.ncbi.nlm.nih.gov/27804883/,Neuro,false
PubMed,27861894,https://pubmed.ncbi.nlm.nih.gov/27861894/,Neuro,false
PubMed,27889412,https://pubmed.ncbi.nlm.nih.gov/27889412/,Neuro,false
PubMed,27890794,https://pubmed.ncbi.nlm.nih.gov/27890794/,Neuro,false
PubMed,27918106,https://pubmed.ncbi.nlm.nih.gov/27918106/,Neuro,false
PubMed,27932991,https://pubmed.ncbi.nlm.nih.gov/27932991/,Neuro,false
PubMed,27989385,https://pubmed.ncbi.nlm.nih.gov/27989385/,Neuro,false
PubMed,28012949,https://pubmed.ncbi.nlm.nih.gov/28012949/,Neuro,false
PubMed,28025562,https://pubmed.ncbi.nlm.nih.gov/28025562/,Neuro,false
PubMed,28050308,https://pubmed.ncbi.nlm.nih.gov/28050308/,Neuro,false
PubMed,28087250,https://pubmed.ncbi.nlm.nih.gov/28087250/,Neuro,false
PubMed,28089286,https://pubmed.ncbi.nlm.nih.gov/28089286/,Neuro,false
PubMed,28110213,https://pubmed.ncbi.nlm.nih.gov/28110213/,Neuro,false
PubMed,28189366,https://pubmed.ncbi.nlm.nih.gov/28189366/,Neuro,false
PubMed,28190698,https://pubmed.ncbi.nlm.nih.gov/28190698/,Neuro,false
PubMed,28197175,https://pubmed.ncbi.nlm.nih.gov/28197175/,Neuro,false
PubMed,28210207,https://pubmed.ncbi.nlm.nih.gov/28210207/,Neuro,false
PubMed,28217094,https://pubmed.ncbi.nlm.nih.gov/28217094/,Neuro,false
PubMed,28236578,https://pubmed.ncbi.nlm.nih.gov/28236578/,Neuro,false
PubMed,28249817,https://pubmed.ncbi.nlm.nih.gov/28249817/,Neuro,false
PubMed,28254350,https://pubmed.ncbi.nlm.nih.gov/28254350/,Neuro,false
PubMed,28261100,https://pubmed.ncbi.nlm.nih.gov/28261100/,Neuro,false
PubMed,28321191,https://pubmed.ncbi.nlm.nih.gov/28321191/,Neuro,false
PubMed,28333097,https://pubmed.ncbi.nlm.nih.gov/28333097/,Neuro,false
PubMed,28397674,https://pubmed.ncbi.nlm.nih.gov/28397674/,Neuro,false
PubMed,28412918,https://pubmed.ncbi.nlm.nih.gov/28412918/,Neuro,false
PubMed,28464701,https://pubmed.ncbi.nlm.nih.gov/28464701/,Neuro,false
PubMed,28478594,https://pubmed.ncbi.nlm.nih.gov/28478594/,Neuro,false
PubMed,28497982,https://pubmed.ncbi.nlm.nih.gov/28497982/,Neuro,false
PubMed,28538134,https://pubmed.ncbi.nlm.nih.gov/28538134/,Neuro,true
PubMed,28555105,https://pubmed.ncbi.nlm.nih.gov/28555105/,Neuro,false
PubMed,28564654,https://pubmed.ncbi.nlm.nih.gov/28564654/,Neuro,false
PubMed,28625718,https://pubmed.ncbi.nlm.nih.gov/28625718/,Neuro,false
PubMed,28631194,https://pubmed.ncbi.nlm.nih.gov/28631194/,Neuro,false
PubMed,28685756,https://pubmed.ncbi.nlm.nih.gov/28685756/,Neuro,false
PubMed,28690588,https://pubmed.ncbi.nlm.nih.gov/28690588/,Neuro,false
PubMed,28750802,https://pubmed.ncbi.nlm.nih.gov/28750802/,Neuro,false
PubMed,28775950,https://pubmed.ncbi.nlm.nih.gov/28775950/,Neuro,false
PubMed,28788104,https://pubmed.ncbi.nlm.nih.gov/28788104/,Neuro,false
PubMed,28807673,https://pubmed.ncbi.nlm.nih.gov/28807673/,Neuro,false
PubMed,28843453,https://pubmed.ncbi.nlm.nih.gov/28843453/,Neuro,false
PubMed,28853159,https://pubmed.ncbi.nlm.nih.gov/28853159/,Neuro,false
PubMed,28861502,https://pubmed.ncbi.nlm.nih.gov/28861502/,Neuro,false
PubMed,28867485,https://pubmed.ncbi.nlm.nih.gov/28867485/,Neuro,false
PubMed,28966975,https://pubmed.ncbi.nlm.nih.gov/28966975/,Neuro,false
PubMed,28973916,https://pubmed.ncbi.nlm.nih.gov/28973916/,Neuro,false
PubMed,28981597,https://pubmed.ncbi.nlm.nih.gov/28981597/,Neuro,false
PubMed,29063814,https://pubmed.ncbi.nlm.nih.gov/29063814/,Neuro,false
PubMed,29097192,https://pubmed.ncbi.nlm.nih.gov/29097192/,Neuro,false
PubMed,29098188,https://pubmed.ncbi.nlm.nih.gov/29098188/,Neuro,false
PubMed,29169951,https://pubmed.ncbi.nlm.nih.gov/29169951/,Neuro,false
PubMed,29256923,https://pubmed.ncbi.nlm.nih.gov/29256923/,Neuro,false
PubMed,29311804,https://pubmed.ncbi.nlm.nih.gov/29311804/,Neuro,false
PubMed,29344464,https://pubmed.ncbi.nlm.nih.gov/29344464/,Neuro,false
PubMed,29352424,https://pubmed.ncbi.nlm.nih.gov/29352424/,Neuro,false
PubMed,29382825,https://pubmed.ncbi.nlm.nih.gov/29382825/,Neuro,false
PubMed,29395273,https://pubmed.ncbi.nlm.nih.gov/29395273/,Neuro,false
PubMed,29429908,https://pubmed.ncbi.nlm.nih.gov/29429908/,Neuro,false
PubMed,29442178,https://pubmed.ncbi.nlm.nih.gov/29442178/,Neuro,false
PubMed,29511052,https://pubmed.ncbi.nlm.nih.gov/29511052/,Neuro,false
PubMed,29533978,https://pubmed.ncbi.nlm.nih.gov/29533978/,Neuro,false
PubMed,29562549,https://pubmed.ncbi.nlm.nih.gov/29562549/,Neuro,false
PubMed,29574668,https://pubmed.ncbi.nlm.nih.gov/29574668/,Neuro,false
PubMed,29574880,https://pubmed.ncbi.nlm.nih.gov/29574880/,Neuro,false
PubMed,29669714,https://pubmed.ncbi.nlm.nih.gov/29669714/,Neuro,false
PubMed,29764526,https://pubmed.ncbi.nlm.nih.gov/29764526/,Neuro,false
PubMed,29792372,https://pubmed.ncbi.nlm.nih.gov/29792372/,Neuro,false
PubMed,29851356,https://pubmed.ncbi.nlm.nih.gov/29851356/,Neuro,false
PubMed,29856067,https://pubmed.ncbi.nlm.nih.gov/29856067/,Neuro,false
PubMed,29867351,https://pubmed.ncbi.nlm.nih.gov/29867351/,Neuro,false
PubMed,29867488,https://pubmed.ncbi.nlm.nih.gov/29867488/,Neuro,false
PubMed,29876791,https://pubmed.ncbi.nlm.nih.gov/29876791/,Neuro,false
PubMed,29923025,https://pubmed.ncbi.nlm.nih.gov/29923025/,Neuro,false
PubMed,29925886,https://pubmed.ncbi.nlm.nih.gov/29925886/,Neuro,false
PubMed,29981580,https://pubmed.ncbi.nlm.nih.gov/29981580/,Neuro,false
PubMed,29986533,https://pubmed.ncbi.nlm.nih.gov/29986533/,Neuro,false
PubMed,29998598,https://pubmed.ncbi.nlm.nih.gov/29998598/,Neuro,false
PubMed,30006259,https://pubmed.ncbi.nlm.nih.gov/30006259/,Neuro,false
PubMed,30024443,https://pubmed.ncbi.nlm.nih.gov/30024443/,Neuro,false
PubMed,30058466,https://pubmed.ncbi.nlm.nih.gov/30058466/,Neuro,false
PubMed,30083103,https://pubmed.ncbi.nlm.nih.gov/30083103/,Neuro,false
PubMed,30096889,https://pubmed.ncbi.nlm.nih.gov/30096889/,Neuro,false
PubMed,30109642,https://pubmed.ncbi.nlm.nih.gov/30109642/,Neuro,false
PubMed,30121249,https://pubmed.ncbi.nlm.nih.gov/30121249/,Neuro,false
PubMed,30123217,https://pubmed.ncbi.nlm.nih.gov/30123217/,Neuro,false
PubMed,3012403,https://pubmed.ncbi.nlm.nih.gov/3012403/,Neuro,false
PubMed,30171986,https://pubmed.ncbi.nlm.nih.gov/30171986/,Neuro,false
PubMed,30177808,https://pubmed.ncbi.nlm.nih.gov/30177808/,Neuro,false
PubMed,30195734,https://pubmed.ncbi.nlm.nih.gov/30195734/,Neuro,false
PubMed,30202590,https://pubmed.ncbi.nlm.nih.gov/30202590/,Neuro,false
PubMed,30217539,https://pubmed.ncbi.nlm.nih.gov/30217539/,Neuro,false
PubMed,30223868,https://pubmed.ncbi.nlm.nih.gov/30223868/,Neuro,false
PubMed,30258398,https://pubmed.ncbi.nlm.nih.gov/30258398/,Neuro,false
PubMed,30291491,https://pubmed.ncbi.nlm.nih.gov/30291491/,Neuro,false
PubMed,30292733,https://pubmed.ncbi.nlm.nih.gov/30292733/,Neuro,false
PubMed,30307084,https://pubmed.ncbi.nlm.nih.gov/30307084/,Neuro,false
PubMed,30405366,https://pubmed.ncbi.nlm.nih.gov/30405366/,Neuro,false
PubMed,30468796,https://pubmed.ncbi.nlm.nih.gov/30468796/,Neuro,false
PubMed,30489198,https://pubmed.ncbi.nlm.nih.gov/30489198/,Neuro,false
PubMed,30520038,https://pubmed.ncbi.nlm.nih.gov/30520038/,Neuro,false
PubMed,30526351,https://pubmed.ncbi.nlm.nih.gov/30526351/,Neuro,false
PubMed,30546297,https://pubmed.ncbi.nlm.nih.gov/30546297/,Neuro,false
PubMed,30610611,https://pubmed.ncbi.nlm.nih.gov/30610611/,Neuro,false
PubMed,30658442,https://pubmed.ncbi.nlm.nih.gov/30658442/,Neuro,false
PubMed,30664919,https://pubmed.ncbi.nlm.nih.gov/30664919/,Neuro,false
PubMed,30687209,https://pubmed.ncbi.nlm.nih.gov/30687209/,Neuro,false
PubMed,30687889,https://pubmed.ncbi.nlm.nih.gov/30687889/,Neuro,false
PubMed,30706171,https://pubmed.ncbi.nlm.nih.gov/30706171/,Neuro,false
PubMed,30721081,https://pubmed.ncbi.nlm.nih.gov/30721081/,Neuro,false
PubMed,30740695,https://pubmed.ncbi.nlm.nih.gov/30740695/,Neuro,false
PubMed,30742662,https://pubmed.ncbi.nlm.nih.gov/30742662/,Neuro,false
PubMed,30753761,https://pubmed.ncbi.nlm.nih.gov/30753761/,Neuro,false
PubMed,30858029,https://pubmed.ncbi.nlm.nih.gov/30858029/,Neuro,false
PubMed,30886530,https://pubmed.ncbi.nlm.nih.gov/30886530/,Neuro,false
PubMed,30910443,https://pubmed.ncbi.nlm.nih.gov/30910443/,Neuro,false
PubMed,30938373,https://pubmed.ncbi.nlm.nih.gov/30938373/,Neuro,false
PubMed,30944868,https://pubmed.ncbi.nlm.nih.gov/30944868/,Neuro,false
PubMed,30959794,https://pubmed.ncbi.nlm.nih.gov/30959794/,Neuro,false
PubMed,30977108,https://pubmed.ncbi.nlm.nih.gov/30977108/,Neuro,false
PubMed,30984001,https://pubmed.ncbi.nlm.nih.gov/30984001/,Neuro,false
PubMed,31001593,https://pubmed.ncbi.nlm.nih.gov/31001593/,Neuro,false
PubMed,31003195,https://pubmed.ncbi.nlm.nih.gov/31003195/,Neuro,false
PubMed,31013455,https://pubmed.ncbi.nlm.nih.gov/31013455/,Neuro,false
PubMed,31013866,https://pubmed.ncbi.nlm.nih.gov/31013866/,Neuro,false
PubMed,31022635,https://pubmed.ncbi.nlm.nih.gov/31022635/,Neuro,false
PubMed,31037227,https://pubmed.ncbi.nlm.nih.gov/31037227/,Neuro,false
PubMed,31040777,https://pubmed.ncbi.nlm.nih.gov/31040777/,Neuro,false
PubMed,31048098,https://pubmed.ncbi.nlm.nih.gov/31048098/,Neuro,false
PubMed,31049885,https://pubmed.ncbi.nlm.nih.gov/31049885/,Neuro,false
PubMed,31063743,https://pubmed.ncbi.nlm.nih.gov/31063743/,Neuro,false
PubMed,31067185,https://pubmed.ncbi.nlm.nih.gov/31067185/,Neuro,false
PubMed,31075393,https://pubmed.ncbi.nlm.nih.gov/31075393/,Neuro,false
PubMed,31129526,https://pubmed.ncbi.nlm.nih.gov/31129526/,Neuro,false
PubMed,31131434,https://pubmed.ncbi.nlm.nih.gov/31131434/,Neuro,false
PubMed,31168642,https://pubmed.ncbi.nlm.nih.gov/31168642/,Neuro,false
PubMed,31179531,https://pubmed.ncbi.nlm.nih.gov/31179531/,Neuro,false
PubMed,31182351,https://pubmed.ncbi.nlm.nih.gov/31182351/,Neuro,false
PubMed,31193551,https://pubmed.ncbi.nlm.nih.gov/31193551/,Neuro,false
PubMed,31205674,https://pubmed.ncbi.nlm.nih.gov/31205674/,Neuro,false
PubMed,31213295,https://pubmed.ncbi.nlm.nih.gov/31213295/,Neuro,false
PubMed,31220785,https://pubmed.ncbi.nlm.nih.gov/31220785/,Neuro,false
PubMed,31247132,https://pubmed.ncbi.nlm.nih.gov/31247132/,Neuro,true
PubMed,3125480,https://pubmed.ncbi.nlm.nih.gov/3125480/,Neuro,false
PubMed,31314869,https://pubmed.ncbi.nlm.nih.gov/31314869/,Neuro,false
PubMed,31349553,https://pubmed.ncbi.nlm.nih.gov/31349553/,Neuro,false
PubMed,31349929,https://pubmed.ncbi.nlm.nih.gov/31349929/,Neuro,false
PubMed,31361750,https://pubmed.ncbi.nlm.nih.gov/31361750/,Neuro,false
PubMed,31366312,https://pubmed.ncbi.nlm.nih.gov/31366312/,Neuro,false
PubMed,31370779,https://pubmed.ncbi.nlm.nih.gov/31370779/,Neuro,false
PubMed,31383729,https://pubmed.ncbi.nlm.nih.gov/31383729/,Neuro,false
PubMed,31394352,https://pubmed.ncbi.nlm.nih.gov/31394352/,Neuro,false
PubMed,31403009,https://pubmed.ncbi.nlm.nih.gov/31403009/,Neuro,false
PubMed,31407233,https://pubmed.ncbi.nlm.nih.gov/31407233/,Neuro,false
PubMed,31429130,https://pubmed.ncbi.nlm.nih.gov/31429130/,Neuro,false
PubMed,31437460,https://pubmed.ncbi.nlm.nih.gov/31437460/,Neuro,false
PubMed,31440724,https://pubmed.ncbi.nlm.nih.gov/31440724/,Neuro,false
PubMed,31442553,https://pubmed.ncbi.nlm.nih.gov/31442553/,Neuro,false
PubMed,31493784,https://pubmed.ncbi.nlm.nih.gov/31493784/,Neuro,false
PubMed,31497013,https://pubmed.ncbi.nlm.nih.gov/31497013/,Neuro,false
PubMed,31503547,https://pubmed.ncbi.nlm.nih.gov/31503547/,Neuro,false
PubMed,31511618,https://pubmed.ncbi.nlm.nih.gov/31511618/,Neuro,false
PubMed,31570536,https://pubmed.ncbi.nlm.nih.gov/31570536/,Neuro,false
PubMed,31611802,https://pubmed.ncbi.nlm.nih.gov/31611802/,Neuro,false
PubMed,31632740,https://pubmed.ncbi.nlm.nih.gov/31632740/,Neuro,false
PubMed,31637586,https://pubmed.ncbi.nlm.nih.gov/31637586/,Neuro,false
PubMed,31669673,https://pubmed.ncbi.nlm.nih.gov/31669673/,Neuro,false
PubMed,31706993,https://pubmed.ncbi.nlm.nih.gov/31706993/,Neuro,false
PubMed,31707986,https://pubmed.ncbi.nlm.nih.gov/31707986/,Neuro,false
PubMed,31718076,https://pubmed.ncbi.nlm.nih.gov/31718076/,Neuro,false
PubMed,31731110,https://pubmed.ncbi.nlm.nih.gov/31731110/,Neuro,false
PubMed,31752240,https://pubmed.ncbi.nlm.nih.gov/31752240/,Neuro,false
PubMed,31758544,https://pubmed.ncbi.nlm.nih.gov/31758544/,Neuro,false
PubMed,31787870,https://pubmed.ncbi.nlm.nih.gov/31787870/,Neuro,false
PubMed,31801206,https://pubmed.ncbi.nlm.nih.gov/31801206/,Neuro,false
PubMed,31809361,https://pubmed.ncbi.nlm.nih.gov/31809361/,Neuro,false
PubMed,31810321,https://pubmed.ncbi.nlm.nih.gov/31810321/,Neuro,false
PubMed,31816477,https://pubmed.ncbi.nlm.nih.gov/31816477/,Neuro,false
PubMed,31823681,https://pubmed.ncbi.nlm.nih.gov/31823681/,Neuro,false
PubMed,31831863,https://pubmed.ncbi.nlm.nih.gov/31831863/,Neuro,false
PubMed,31835954,https://pubmed.ncbi.nlm.nih.gov/31835954/,Neuro,false
PubMed,31839498,https://pubmed.ncbi.nlm.nih.gov/31839498/,Neuro,false
PubMed,31848037,https://pubmed.ncbi.nlm.nih.gov/31848037/,Neuro,false
PubMed,31848779,https://pubmed.ncbi.nlm.nih.gov/31848779/,Neuro,false
PubMed,31855842,https://pubmed.ncbi.nlm.nih.gov/31855842/,Neuro,false
PubMed,31865133,https://pubmed.ncbi.nlm.nih.gov/31865133/,Neuro,false
PubMed,31872061,https://pubmed.ncbi.nlm.nih.gov/31872061/,Neuro,false
PubMed,31920934,https://pubmed.ncbi.nlm.nih.gov/31920934/,Neuro,false
PubMed,31923763,https://pubmed.ncbi.nlm.nih.gov/31923763/,Neuro,false
PubMed,31926846,https://pubmed.ncbi.nlm.nih.gov/31926846/,Neuro,false
PubMed,31941059,https://pubmed.ncbi.nlm.nih.gov/31941059/,Neuro,false
PubMed,31954723,https://pubmed.ncbi.nlm.nih.gov/31954723/,Neuro,false
PubMed,31973235,https://pubmed.ncbi.nlm.nih.gov/31973235/,Neuro,false
PubMed,31973708,https://pubmed.ncbi.nlm.nih.gov/31973708/,Neuro,false
PubMed,31978506,https://pubmed.ncbi.nlm.nih.gov/31978506/,Neuro,false
PubMed,31979108,https://pubmed.ncbi.nlm.nih.gov/31979108/,Neuro,false
PubMed,32024693,https://pubmed.ncbi.nlm.nih.gov/32024693/,Neuro,false
PubMed,32029015,https://pubmed.ncbi.nlm.nih.gov/32029015/,Neuro,false
PubMed,32033040,https://pubmed.ncbi.nlm.nih.gov/32033040/,Neuro,false
PubMed,32040850,https://pubmed.ncbi.nlm.nih.gov/32040850/,Neuro,false
PubMed,32065006,https://pubmed.ncbi.nlm.nih.gov/32065006/,Neuro,false
PubMed,32065105,https://pubmed.ncbi.nlm.nih.gov/32065105/,Neuro,false
PubMed,32074976,https://pubmed.ncbi.nlm.nih.gov/32074976/,Neuro,false
PubMed,32096470,https://pubmed.ncbi.nlm.nih.gov/32096470/,Neuro,false
PubMed,32109623,https://pubmed.ncbi.nlm.nih.gov/32109623/,Neuro,false
PubMed,32116258,https://pubmed.ncbi.nlm.nih.gov/32116258/,Neuro,false
PubMed,32117037,https://pubmed.ncbi.nlm.nih.gov/32117037/,Neuro,false
PubMed,32119035,https://pubmed.ncbi.nlm.nih.gov/32119035/,Neuro,false
PubMed,32124041,https://pubmed.ncbi.nlm.nih.gov/32124041/,Neuro,false
PubMed,32130684,https://pubmed.ncbi.nlm.nih.gov/32130684/,Neuro,false
PubMed,32140100,https://pubmed.ncbi.nlm.nih.gov/32140100/,Neuro,false
PubMed,32150935,https://pubmed.ncbi.nlm.nih.gov/32150935/,Neuro,false
PubMed,32167590,https://pubmed.ncbi.nlm.nih.gov/32167590/,Neuro,false
PubMed,32169600,https://pubmed.ncbi.nlm.nih.gov/32169600/,Neuro,false
PubMed,32179579,https://pubmed.ncbi.nlm.nih.gov/32179579/,Neuro,false
PubMed,32183416,https://pubmed.ncbi.nlm.nih.gov/32183416/,Neuro,false
PubMed,32184097,https://pubmed.ncbi.nlm.nih.gov/32184097/,Neuro,false
PubMed,32186469,https://pubmed.ncbi.nlm.nih.gov/32186469/,Neuro,false
PubMed,32194619,https://pubmed.ncbi.nlm.nih.gov/32194619/,Neuro,false
PubMed,32199997,https://pubmed.ncbi.nlm.nih.gov/32199997/,Neuro,false
PubMed,32203086,https://pubmed.ncbi.nlm.nih.gov/32203086/,Neuro,false
PubMed,32210795,https://pubmed.ncbi.nlm.nih.gov/32210795/,Neuro,false
PubMed,32215966,https://pubmed.ncbi.nlm.nih.gov/32215966/,Neuro,false
PubMed,32239248,https://pubmed.ncbi.nlm.nih.gov/32239248/,Neuro,false
PubMed,32244818,https://pubmed.ncbi.nlm.nih.gov/32244818/,Neuro,false
PubMed,32248810,https://pubmed.ncbi.nlm.nih.gov/32248810/,Neuro,false
PubMed,32265198,https://pubmed.ncbi.nlm.nih.gov/32265198/,Neuro,false
PubMed,32272483,https://pubmed.ncbi.nlm.nih.gov/32272483/,Neuro,false
PubMed,32310048,https://pubmed.ncbi.nlm.nih.gov/32310048/,Neuro,false
PubMed,32320718,https://pubmed.ncbi.nlm.nih.gov/32320718/,Neuro,false
PubMed,32321192,https://pubmed.ncbi.nlm.nih.gov/32321192/,Neuro,false
PubMed,32322672,https://pubmed.ncbi.nlm.nih.gov/32322672/,Neuro,false
PubMed,32322816,https://pubmed.ncbi.nlm.nih.gov/32322816/,Neuro,false
PubMed,32325875,https://pubmed.ncbi.nlm.nih.gov/32325875/,Neuro,false
PubMed,32335779,https://pubmed.ncbi.nlm.nih.gov/32335779/,Neuro,false
PubMed,32342496,https://pubmed.ncbi.nlm.nih.gov/32342496/,Neuro,false
PubMed,32351233,https://pubmed.ncbi.nlm.nih.gov/32351233/,Neuro,false
PubMed,32361185,https://pubmed.ncbi.nlm.nih.gov/32361185/,Neuro,false
PubMed,32361206,https://pubmed.ncbi.nlm.nih.gov/32361206/,Neuro,false
PubMed,32369348,https://pubmed.ncbi.nlm.nih.gov/32369348/,Neuro,false
PubMed,32387338,https://pubmed.ncbi.nlm.nih.gov/32387338/,Neuro,false
PubMed,32440886,https://pubmed.ncbi.nlm.nih.gov/32440886/,Neuro,false
PubMed,32443623,https://pubmed.ncbi.nlm.nih.gov/32443623/,Neuro,false
PubMed,32452532,https://pubmed.ncbi.nlm.nih.gov/32452532/,Neuro,false
PubMed,32477187,https://pubmed.ncbi.nlm.nih.gov/32477187/,Neuro,false
PubMed,32477850,https://pubmed.ncbi.nlm.nih.gov/32477850/,Neuro,false
PubMed,32478863,https://pubmed.ncbi.nlm.nih.gov/32478863/,Neuro,false
PubMed,32492422,https://pubmed.ncbi.nlm.nih.gov/32492422/,Neuro,false
PubMed,32502461,https://pubmed.ncbi.nlm.nih.gov/32502461/,Neuro,false
PubMed,32507423,https://pubmed.ncbi.nlm.nih.gov/32507423/,Neuro,false
PubMed,32508204,https://pubmed.ncbi.nlm.nih.gov/32508204/,Neuro,false
PubMed,32510690,https://pubmed.ncbi.nlm.nih.gov/32510690/,Neuro,false
PubMed,32514751,https://pubmed.ncbi.nlm.nih.gov/32514751/,Neuro,false
PubMed,32524649,https://pubmed.ncbi.nlm.nih.gov/32524649/,Neuro,false
PubMed,32526487,https://pubmed.ncbi.nlm.nih.gov/32526487/,Neuro,false
PubMed,32532888,https://pubmed.ncbi.nlm.nih.gov/32532888/,Neuro,false
PubMed,32539443,https://pubmed.ncbi.nlm.nih.gov/32539443/,Neuro,false
PubMed,32554292,https://pubmed.ncbi.nlm.nih.gov/32554292/,Neuro,false
PubMed,32556748,https://pubmed.ncbi.nlm.nih.gov/32556748/,Neuro,false
PubMed,32559067,https://pubmed.ncbi.nlm.nih.gov/32559067/,Neuro,false
PubMed,32574650,https://pubmed.ncbi.nlm.nih.gov/32574650/,Neuro,false
PubMed,32575773,https://pubmed.ncbi.nlm.nih.gov/32575773/,Neuro,false
PubMed,32579259,https://pubmed.ncbi.nlm.nih.gov/32579259/,Neuro,false
PubMed,32585475,https://pubmed.ncbi.nlm.nih.gov/32585475/,Neuro,false
PubMed,32592183,https://pubmed.ncbi.nlm.nih.gov/32592183/,Neuro,false
PubMed,32592731,https://pubmed.ncbi.nlm.nih.gov/32592731/,Neuro,false
PubMed,32600509,https://pubmed.ncbi.nlm.nih.gov/32600509/,Neuro,false
PubMed,32601243,https://pubmed.ncbi.nlm.nih.gov/32601243/,Neuro,false
PubMed,32608035,https://pubmed.ncbi.nlm.nih.gov/32608035/,Neuro,false
PubMed,32608111,https://pubmed.ncbi.nlm.nih.gov/32608111/,Neuro,false
PubMed,32622942,https://pubmed.ncbi.nlm.nih.gov/32622942/,Neuro,false
PubMed,32632918,https://pubmed.ncbi.nlm.nih.gov/32632918/,Neuro,false
PubMed,32640965,https://pubmed.ncbi.nlm.nih.gov/32640965/,Neuro,false
PubMed,32656347,https://pubmed.ncbi.nlm.nih.gov/32656347/,Neuro,false
PubMed,32657678,https://pubmed.ncbi.nlm.nih.gov/32657678/,Neuro,false
PubMed,32661083,https://pubmed.ncbi.nlm.nih.gov/32661083/,Neuro,false
PubMed,32691218,https://pubmed.ncbi.nlm.nih.gov/32691218/,Neuro,false
PubMed,32691712,https://pubmed.ncbi.nlm.nih.gov/32691712/,Neuro,false
PubMed,32712277,https://pubmed.ncbi.nlm.nih.gov/32712277/,Neuro,false
PubMed,32713661,https://pubmed.ncbi.nlm.nih.gov/32713661/,Neuro,false
PubMed,32714742,https://pubmed.ncbi.nlm.nih.gov/32714742/,Neuro,false
PubMed,32726634,https://pubmed.ncbi.nlm.nih.gov/32726634/,Neuro,false
PubMed,32726998,https://pubmed.ncbi.nlm.nih.gov/32726998/,Neuro,false
PubMed,32745558,https://pubmed.ncbi.nlm.nih.gov/32745558/,Neuro,false
PubMed,32745959,https://pubmed.ncbi.nlm.nih.gov/32745959/,Neuro,false
PubMed,32751761,https://pubmed.ncbi.nlm.nih.gov/32751761/,Neuro,false
PubMed,32756411,https://pubmed.ncbi.nlm.nih.gov/32756411/,Neuro,false
PubMed,32757413,https://pubmed.ncbi.nlm.nih.gov/32757413/,Neuro,false
PubMed,32759071,https://pubmed.ncbi.nlm.nih.gov/32759071/,Neuro,false
PubMed,32762071,https://pubmed.ncbi.nlm.nih.gov/32762071/,Neuro,false
PubMed,32762272,https://pubmed.ncbi.nlm.nih.gov/32762272/,Neuro,false
PubMed,32773031,https://pubmed.ncbi.nlm.nih.gov/32773031/,Neuro,false
PubMed,32785848,https://pubmed.ncbi.nlm.nih.gov/32785848/,Neuro,false
PubMed,32792944,https://pubmed.ncbi.nlm.nih.gov/32792944/,Neuro,false
PubMed,32805354,https://pubmed.ncbi.nlm.nih.gov/32805354/,Neuro,false
PubMed,32809788,https://pubmed.ncbi.nlm.nih.gov/32809788/,Neuro,false
PubMed,32813239,https://pubmed.ncbi.nlm.nih.gov/32813239/,Neuro,false
PubMed,32813905,https://pubmed.ncbi.nlm.nih.gov/32813905/,Neuro,false
PubMed,32818783,https://pubmed.ncbi.nlm.nih.gov/32818783/,Neuro,false
PubMed,32838651,https://pubmed.ncbi.nlm.nih.gov/32838651/,Neuro,false
PubMed,32846891,https://pubmed.ncbi.nlm.nih.gov/32846891/,Neuro,false
PubMed,32848597,https://pubmed.ncbi.nlm.nih.gov/32848597/,Neuro,false
PubMed,32853128,https://pubmed.ncbi.nlm.nih.gov/32853128/,Neuro,false
PubMed,32871501,https://pubmed.ncbi.nlm.nih.gov/32871501/,Neuro,false
PubMed,32872273,https://pubmed.ncbi.nlm.nih.gov/32872273/,Neuro,false
PubMed,32886342,https://pubmed.ncbi.nlm.nih.gov/32886342/,Neuro,false
PubMed,32902378,https://pubmed.ncbi.nlm.nih.gov/32902378/,Neuro,false
PubMed,32904776,https://pubmed.ncbi.nlm.nih.gov/32904776/,Neuro,false
PubMed,32948510,https://pubmed.ncbi.nlm.nih.gov/32948510/,Neuro,false
PubMed,32956517,https://pubmed.ncbi.nlm.nih.gov/32956517/,Neuro,false
PubMed,32960432,https://pubmed.ncbi.nlm.nih.gov/32960432/,Neuro,false
PubMed,32961703,https://pubmed.ncbi.nlm.nih.gov/32961703/,Neuro,false
PubMed,32972354,https://pubmed.ncbi.nlm.nih.gov/32972354/,Neuro,false
PubMed,32980333,https://pubmed.ncbi.nlm.nih.gov/32980333/,Neuro,false
PubMed,32981464,https://pubmed.ncbi.nlm.nih.gov/32981464/,Neuro,false
PubMed,32986848,https://pubmed.ncbi.nlm.nih.gov/32986848/,Neuro,false
PubMed,33002735,https://pubmed.ncbi.nlm.nih.gov/33002735/,Neuro,false
PubMed,33006124,https://pubmed.ncbi.nlm.nih.gov/33006124/,Neuro,false
PubMed,33010341,https://pubmed.ncbi.nlm.nih.gov/33010341/,Neuro,false
PubMed,33019509,https://pubmed.ncbi.nlm.nih.gov/33019509/,Neuro,false
PubMed,33022963,https://pubmed.ncbi.nlm.nih.gov/33022963/,Neuro,false
PubMed,33024239,https://pubmed.ncbi.nlm.nih.gov/33024239/,Neuro,false
PubMed,33026899,https://pubmed.ncbi.nlm.nih.gov/33026899/,Neuro,false
PubMed,33031814,https://pubmed.ncbi.nlm.nih.gov/33031814/,Neuro,false
PubMed,33035479,https://pubmed.ncbi.nlm.nih.gov/33035479/,Neuro,false
PubMed,33064979,https://pubmed.ncbi.nlm.nih.gov/33064979/,Neuro,false
PubMed,33076330,https://pubmed.ncbi.nlm.nih.gov/33076330/,Neuro,false
PubMed,33094490,https://pubmed.ncbi.nlm.nih.gov/33094490/,Neuro,false
PubMed,33096116,https://pubmed.ncbi.nlm.nih.gov/33096116/,Neuro,false
PubMed,33107418,https://pubmed.ncbi.nlm.nih.gov/33107418/,Neuro,false
PubMed,33113776,https://pubmed.ncbi.nlm.nih.gov/33113776/,Neuro,false
PubMed,33125731,https://pubmed.ncbi.nlm.nih.gov/33125731/,Neuro,false
PubMed,33131746,https://pubmed.ncbi.nlm.nih.gov/33131746/,Neuro,false
PubMed,33141426,https://pubmed.ncbi.nlm.nih.gov/33141426/,Neuro,false
PubMed,33159980,https://pubmed.ncbi.nlm.nih.gov/33159980/,Neuro,false
PubMed,33167441,https://pubmed.ncbi.nlm.nih.gov/33167441/,Neuro,false
PubMed,33170159,https://pubmed.ncbi.nlm.nih.gov/33170159/,Neuro,false
PubMed,33171772,https://pubmed.ncbi.nlm.nih.gov/33171772/,Neuro,false
PubMed,33181336,https://pubmed.ncbi.nlm.nih.gov/33181336/,Neuro,false
PubMed,33190583,https://pubmed.ncbi.nlm.nih.gov/33190583/,Neuro,false
PubMed,33212113,https://pubmed.ncbi.nlm.nih.gov/33212113/,Neuro,false
PubMed,33229747,https://pubmed.ncbi.nlm.nih.gov/33229747/,Neuro,false
PubMed,33248189,https://pubmed.ncbi.nlm.nih.gov/33248189/,Neuro,false
PubMed,33271631,https://pubmed.ncbi.nlm.nih.gov/33271631/,Neuro,false
PubMed,33278598,https://pubmed.ncbi.nlm.nih.gov/33278598/,Neuro,false
PubMed,33280111,https://pubmed.ncbi.nlm.nih.gov/33280111/,Neuro,false
PubMed,33289534,https://pubmed.ncbi.nlm.nih.gov/33289534/,Neuro,false
PubMed,33290784,https://pubmed.ncbi.nlm.nih.gov/33290784/,Neuro,false
PubMed,33302569,https://pubmed.ncbi.nlm.nih.gov/33302569/,Neuro,false
PubMed,33310415,https://pubmed.ncbi.nlm.nih.gov/33310415/,Neuro,false
PubMed,33329293,https://pubmed.ncbi.nlm.nih.gov/33329293/,Neuro,false
PubMed,33332002,https://pubmed.ncbi.nlm.nih.gov/33332002/,Neuro,false
PubMed,33332005,https://pubmed.ncbi.nlm.nih.gov/33332005/,Neuro,false
PubMed,33335094,https://pubmed.ncbi.nlm.nih.gov/33335094/,Neuro,false
PubMed,33346789,https://pubmed.ncbi.nlm.nih.gov/33346789/,Neuro,false
PubMed,33347884,https://pubmed.ncbi.nlm.nih.gov/33347884/,Neuro,false
PubMed,33349985,https://pubmed.ncbi.nlm.nih.gov/33349985/,Neuro,false
PubMed,33368252,https://pubmed.ncbi.nlm.nih.gov/33368252/,Neuro,false
PubMed,33370468,https://pubmed.ncbi.nlm.nih.gov/33370468/,Neuro,false
PubMed,33375871,https://pubmed.ncbi.nlm.nih.gov/33375871/,Neuro,false
PubMed,33381646,https://pubmed.ncbi.nlm.nih.gov/33381646/,Neuro,false
PubMed,33384591,https://pubmed.ncbi.nlm.nih.gov/33384591/,Neuro,false
PubMed,33384602,https://pubmed.ncbi.nlm.nih.gov/33384602/,Neuro,false
PubMed,33395525,https://pubmed.ncbi.nlm.nih.gov/33395525/,Neuro,false
PubMed,33408620,https://pubmed.ncbi.nlm.nih.gov/33408620/,Neuro,false
PubMed,33424597,https://pubmed.ncbi.nlm.nih.gov/33424597/,Neuro,false
PubMed,33427341,https://pubmed.ncbi.nlm.nih.gov/33427341/,Neuro,false
PubMed,33435623,https://pubmed.ncbi.nlm.nih.gov/33435623/,Neuro,false
PubMed,33444462,https://pubmed.ncbi.nlm.nih.gov/33444462/,Neuro,false
PubMed,33444638,https://pubmed.ncbi.nlm.nih.gov/33444638/,Neuro,false
PubMed,33450277,https://pubmed.ncbi.nlm.nih.gov/33450277/,Neuro,false
PubMed,33452114,https://pubmed.ncbi.nlm.nih.gov/33452114/,Neuro,false
PubMed,33468648,https://pubmed.ncbi.nlm.nih.gov/33468648/,Neuro,false
PubMed,33486755,https://pubmed.ncbi.nlm.nih.gov/33486755/,Neuro,false
PubMed,33491188,https://pubmed.ncbi.nlm.nih.gov/33491188/,Neuro,false
PubMed,33522084,https://pubmed.ncbi.nlm.nih.gov/33522084/,Neuro,false
PubMed,33530917,https://pubmed.ncbi.nlm.nih.gov/33530917/,Neuro,false
PubMed,33544587,https://pubmed.ncbi.nlm.nih.gov/33544587/,Neuro,false
PubMed,33551817,https://pubmed.ncbi.nlm.nih.gov/33551817/,Neuro,false
PubMed,33612548,https://pubmed.ncbi.nlm.nih.gov/33612548/,Neuro,false
PubMed,33613284,https://pubmed.ncbi.nlm.nih.gov/33613284/,Neuro,false
PubMed,33614951,https://pubmed.ncbi.nlm.nih.gov/33614951/,Neuro,false
PubMed,33614955,https://pubmed.ncbi.nlm.nih.gov/33614955/,Neuro,false
PubMed,33619843,https://pubmed.ncbi.nlm.nih.gov/33619843/,Neuro,false
PubMed,33674134,https://pubmed.ncbi.nlm.nih.gov/33674134/,Neuro,false
PubMed,33686185,https://pubmed.ncbi.nlm.nih.gov/33686185/,Neuro,false
PubMed,33708855,https://pubmed.ncbi.nlm.nih.gov/33708855/,Neuro,false
PubMed,33723716,https://pubmed.ncbi.nlm.nih.gov/33723716/,Neuro,false
PubMed,33737216,https://pubmed.ncbi.nlm.nih.gov/33737216/,Neuro,false
PubMed,33737752,https://pubmed.ncbi.nlm.nih.gov/33737752/,Neuro,false
PubMed,33754312,https://pubmed.ncbi.nlm.nih.gov/33754312/,Neuro,false
PubMed,33754375,https://pubmed.ncbi.nlm.nih.gov/33754375/,Neuro,false
PubMed,33766102,https://pubmed.ncbi.nlm.nih.gov/33766102/,Neuro,false
PubMed,33770505,https://pubmed.ncbi.nlm.nih.gov/33770505/,Neuro,false
PubMed,33789118,https://pubmed.ncbi.nlm.nih.gov/33789118/,Neuro,false
PubMed,33794254,https://pubmed.ncbi.nlm.nih.gov/33794254/,Neuro,false
PubMed,33797076,https://pubmed.ncbi.nlm.nih.gov/33797076/,Neuro,false
PubMed,33797364,https://pubmed.ncbi.nlm.nih.gov/33797364/,Neuro,false
PubMed,33800024,https://pubmed.ncbi.nlm.nih.gov/33800024/,Neuro,false
PubMed,33804243,https://pubmed.ncbi.nlm.nih.gov/33804243/,Neuro,false
PubMed,33807975,https://pubmed.ncbi.nlm.nih.gov/33807975/,Neuro,false
PubMed,33815062,https://pubmed.ncbi.nlm.nih.gov/33815062/,Neuro,false
PubMed,33817834,https://pubmed.ncbi.nlm.nih.gov/33817834/,Neuro,false
PubMed,33829414,https://pubmed.ncbi.nlm.nih.gov/33829414/,Neuro,false
PubMed,33838258,https://pubmed.ncbi.nlm.nih.gov/33838258/,Neuro,false
PubMed,33843424,https://pubmed.ncbi.nlm.nih.gov/33843424/,Neuro,false
PubMed,33845074,https://pubmed.ncbi.nlm.nih.gov/33845074/,Neuro,false
PubMed,33845076,https://pubmed.ncbi.nlm.nih.gov/33845076/,Neuro,false
PubMed,33848261,https://pubmed.ncbi.nlm.nih.gov/33848261/,Neuro,false
PubMed,33852975,https://pubmed.ncbi.nlm.nih.gov/33852975/,Neuro,false
PubMed,33880663,https://pubmed.ncbi.nlm.nih.gov/33880663/,Neuro,false
PubMed,33887676,https://pubmed.ncbi.nlm.nih.gov/33887676/,Neuro,false
PubMed,33907944,https://pubmed.ncbi.nlm.nih.gov/33907944/,Neuro,false
PubMed,33908026,https://pubmed.ncbi.nlm.nih.gov/33908026/,Neuro,false
PubMed,33913416,https://pubmed.ncbi.nlm.nih.gov/33913416/,Neuro,false
PubMed,33919010,https://pubmed.ncbi.nlm.nih.gov/33919010/,Neuro,false
PubMed,33921556,https://pubmed.ncbi.nlm.nih.gov/33921556/,Neuro,false
PubMed,33927630,https://pubmed.ncbi.nlm.nih.gov/33927630/,Neuro,false
PubMed,33931733,https://pubmed.ncbi.nlm.nih.gov/33931733/,Neuro,false
PubMed,33942314,https://pubmed.ncbi.nlm.nih.gov/33942314/,Neuro,false
PubMed,33945101,https://pubmed.ncbi.nlm.nih.gov/33945101/,Neuro,false
PubMed,33958576,https://pubmed.ncbi.nlm.nih.gov/33958576/,Neuro,false
PubMed,33961911,https://pubmed.ncbi.nlm.nih.gov/33961911/,Neuro,false
PubMed,33964342,https://pubmed.ncbi.nlm.nih.gov/33964342/,Neuro,false
PubMed,33977665,https://pubmed.ncbi.nlm.nih.gov/33977665/,Neuro,false
PubMed,33983653,https://pubmed.ncbi.nlm.nih.gov/33983653/,Neuro,false
PubMed,33984046,https://pubmed.ncbi.nlm.nih.gov/33984046/,Neuro,false
PubMed,33991216,https://pubmed.ncbi.nlm.nih.gov/33991216/,Neuro,false
PubMed,33998890,https://pubmed.ncbi.nlm.nih.gov/33998890/,Neuro,false
PubMed,34027742,https://pubmed.ncbi.nlm.nih.gov/34027742/,Neuro,false
PubMed,34034553,https://pubmed.ncbi.nlm.nih.gov/34034553/,Neuro,false
PubMed,34048863,https://pubmed.ncbi.nlm.nih.gov/34048863/,Neuro,false
PubMed,34052628,https://pubmed.ncbi.nlm.nih.gov/34052628/,Neuro,false
PubMed,34062987,https://pubmed.ncbi.nlm.nih.gov/34062987/,Neuro,false
PubMed,34089867,https://pubmed.ncbi.nlm.nih.gov/34089867/,Neuro,false
PubMed,34117788,https://pubmed.ncbi.nlm.nih.gov/34117788/,Neuro,false
PubMed,34129911,https://pubmed.ncbi.nlm.nih.gov/34129911/,Neuro,false
PubMed,34142866,https://pubmed.ncbi.nlm.nih.gov/34142866/,Neuro,false
PubMed,34148781,https://pubmed.ncbi.nlm.nih.gov/34148781/,Neuro,false
PubMed,34157362,https://pubmed.ncbi.nlm.nih.gov/34157362/,Neuro,false
PubMed,34157999,https://pubmed.ncbi.nlm.nih.gov/34157999/,Neuro,false
PubMed,34196695,https://pubmed.ncbi.nlm.nih.gov/34196695/,Neuro,false
PubMed,34205169,https://pubmed.ncbi.nlm.nih.gov/34205169/,Neuro,false
PubMed,34209666,https://pubmed.ncbi.nlm.nih.gov/34209666/,Neuro,false
PubMed,34216157,https://pubmed.ncbi.nlm.nih.gov/34216157/,Neuro,false
PubMed,34216647,https://pubmed.ncbi.nlm.nih.gov/34216647/,Neuro,false
PubMed,34217798,https://pubmed.ncbi.nlm.nih.gov/34217798/,Neuro,false
PubMed,34222471,https://pubmed.ncbi.nlm.nih.gov/34222471/,Neuro,false
PubMed,34246682,https://pubmed.ncbi.nlm.nih.gov/34246682/,Neuro,false
PubMed,34251027,https://pubmed.ncbi.nlm.nih.gov/34251027/,Neuro,false
PubMed,34262460,https://pubmed.ncbi.nlm.nih.gov/34262460/,Neuro,false
PubMed,34265088,https://pubmed.ncbi.nlm.nih.gov/34265088/,Neuro,false
PubMed,34273739,https://pubmed.ncbi.nlm.nih.gov/34273739/,Neuro,false
PubMed,34287833,https://pubmed.ncbi.nlm.nih.gov/34287833/,Neuro,false
PubMed,34289379,https://pubmed.ncbi.nlm.nih.gov/34289379/,Neuro,false
PubMed,34297297,https://pubmed.ncbi.nlm.nih.gov/34297297/,Neuro,false
PubMed,34299330,https://pubmed.ncbi.nlm.nih.gov/34299330/,Neuro,false
PubMed,34303725,https://pubmed.ncbi.nlm.nih.gov/34303725/,Neuro,false
PubMed,34311183,https://pubmed.ncbi.nlm.nih.gov/34311183/,Neuro,false
PubMed,34314602,https://pubmed.ncbi.nlm.nih.gov/34314602/,Neuro,false
PubMed,34332924,https://pubmed.ncbi.nlm.nih.gov/34332924/,Neuro,false
PubMed,34332978,https://pubmed.ncbi.nlm.nih.gov/34332978/,Neuro,false
PubMed,34340527,https://pubmed.ncbi.nlm.nih.gov/34340527/,Neuro,false
PubMed,34343612,https://pubmed.ncbi.nlm.nih.gov/34343612/,Neuro,false
PubMed,34352214,https://pubmed.ncbi.nlm.nih.gov/34352214/,Neuro,false
PubMed,34374269,https://pubmed.ncbi.nlm.nih.gov/34374269/,Neuro,false
PubMed,34384142,https://pubmed.ncbi.nlm.nih.gov/34384142/,Neuro,false
PubMed,34402136,https://pubmed.ncbi.nlm.nih.gov/34402136/,Neuro,false
PubMed,34406656,https://pubmed.ncbi.nlm.nih.gov/34406656/,Neuro,false
PubMed,34412587,https://pubmed.ncbi.nlm.nih.gov/34412587/,Neuro,false
PubMed,34419853,https://pubmed.ncbi.nlm.nih.gov/34419853/,Neuro,false
PubMed,34424117,https://pubmed.ncbi.nlm.nih.gov/34424117/,Neuro,false
PubMed,34428457,https://pubmed.ncbi.nlm.nih.gov/34428457/,Neuro,false
PubMed,34445417,https://pubmed.ncbi.nlm.nih.gov/34445417/,Neuro,false
PubMed,34445626,https://pubmed.ncbi.nlm.nih.gov/34445626/,Neuro,false
PubMed,34461009,https://pubmed.ncbi.nlm.nih.gov/34461009/,Neuro,false
PubMed,34477852,https://pubmed.ncbi.nlm.nih.gov/34477852/,Neuro,false
PubMed,34486101,https://pubmed.ncbi.nlm.nih.gov/34486101/,Neuro,false
PubMed,34486749,https://pubmed.ncbi.nlm.nih.gov/34486749/,Neuro,false
PubMed,34499767,https://pubmed.ncbi.nlm.nih.gov/34499767/,Neuro,false
PubMed,34500787,https://pubmed.ncbi.nlm.nih.gov/34500787/,Neuro,false
PubMed,34505940,https://pubmed.ncbi.nlm.nih.gov/34505940/,Neuro,false
PubMed,34508923,https://pubmed.ncbi.nlm.nih.gov/34508923/,Neuro,false
PubMed,34543449,https://pubmed.ncbi.nlm.nih.gov/34543449/,Neuro,false
PubMed,34549704,https://pubmed.ncbi.nlm.nih.gov/34549704/,Neuro,false
PubMed,34560171,https://pubmed.ncbi.nlm.nih.gov/34560171/,Neuro,false
PubMed,34560358,https://pubmed.ncbi.nlm.nih.gov/34560358/,Neuro,false
PubMed,34563808,https://pubmed.ncbi.nlm.nih.gov/34563808/,Neuro,false
PubMed,34591647,https://pubmed.ncbi.nlm.nih.gov/34591647/,Neuro,false
PubMed,34599739,https://pubmed.ncbi.nlm.nih.gov/34599739/,Neuro,false
PubMed,34620719,https://pubmed.ncbi.nlm.nih.gov/34620719/,Neuro,false
PubMed,34624613,https://pubmed.ncbi.nlm.nih.gov/34624613/,Neuro,false
PubMed,34632896,https://pubmed.ncbi.nlm.nih.gov/34632896/,Neuro,false
PubMed,34646382,https://pubmed.ncbi.nlm.nih.gov/34646382/,Neuro,false
PubMed,34676335,https://pubmed.ncbi.nlm.nih.gov/34676335/,Neuro,false
PubMed,34687005,https://pubmed.ncbi.nlm.nih.gov/34687005/,Neuro,false
PubMed,34708399,https://pubmed.ncbi.nlm.nih.gov/34708399/,Neuro,false
PubMed,34717053,https://pubmed.ncbi.nlm.nih.gov/34717053/,Neuro,false
PubMed,34727550,https://pubmed.ncbi.nlm.nih.gov/34727550/,Neuro,false
PubMed,34731865,https://pubmed.ncbi.nlm.nih.gov/34731865/,Neuro,false
PubMed,34747647,https://pubmed.ncbi.nlm.nih.gov/34747647/,Neuro,false
PubMed,34757526,https://pubmed.ncbi.nlm.nih.gov/34757526/,Neuro,false
PubMed,34781846,https://pubmed.ncbi.nlm.nih.gov/34781846/,Neuro,false
PubMed,34781863,https://pubmed.ncbi.nlm.nih.gov/34781863/,Neuro,false
PubMed,34790270,https://pubmed.ncbi.nlm.nih.gov/34790270/,Neuro,false
PubMed,34799468,https://pubmed.ncbi.nlm.nih.gov/34799468/,Neuro,false
PubMed,34808322,https://pubmed.ncbi.nlm.nih.gov/34808322/,Neuro,false
PubMed,34808574,https://pubmed.ncbi.nlm.nih.gov/34808574/,Neuro,false
PubMed,34822817,https://pubmed.ncbi.nlm.nih.gov/34822817/,Neuro,false
PubMed,34825873,https://pubmed.ncbi.nlm.nih.gov/34825873/,Neuro,false
PubMed,34826557,https://pubmed.ncbi.nlm.nih.gov/34826557/,Neuro,false
PubMed,34847610,https://pubmed.ncbi.nlm.nih.gov/34847610/,Neuro,false
PubMed,34873203,https://pubmed.ncbi.nlm.nih.gov/34873203/,Neuro,false
PubMed,34875285,https://pubmed.ncbi.nlm.nih.gov/34875285/,Neuro,false
PubMed,34907627,https://pubmed.ncbi.nlm.nih.gov/34907627/,Neuro,false
PubMed,34918950,https://pubmed.ncbi.nlm.nih.gov/34918950/,Neuro,false
PubMed,34936875,https://pubmed.ncbi.nlm.nih.gov/34936875/,Neuro,false
PubMed,34944028,https://pubmed.ncbi.nlm.nih.gov/34944028/,Neuro,false
PubMed,34944056,https://pubmed.ncbi.nlm.nih.gov/34944056/,Neuro,false
PubMed,34957550,https://pubmed.ncbi.nlm.nih.gov/34957550/,Neuro,false
PubMed,34967906,https://pubmed.ncbi.nlm.nih.gov/34967906/,Neuro,false
PubMed,34968475,https://pubmed.ncbi.nlm.nih.gov/34968475/,Neuro,false
PubMed,34992485,https://pubmed.ncbi.nlm.nih.gov/34992485/,Neuro,false
PubMed,34999381,https://pubmed.ncbi.nlm.nih.gov/34999381/,Neuro,false
PubMed,35008517,https://pubmed.ncbi.nlm.nih.gov/35008517/,Neuro,false
PubMed,35022487,https://pubmed.ncbi.nlm.nih.gov/35022487/,Neuro,false
PubMed,35026188,https://pubmed.ncbi.nlm.nih.gov/35026188/,Neuro,false
PubMed,35031355,https://pubmed.ncbi.nlm.nih.gov/35031355/,Neuro,false
PubMed,35035295,https://pubmed.ncbi.nlm.nih.gov/35035295/,Neuro,false
PubMed,35051868,https://pubmed.ncbi.nlm.nih.gov/35051868/,Neuro,false
PubMed,35053844,https://pubmed.ncbi.nlm.nih.gov/35053844/,Neuro,false
PubMed,35055161,https://pubmed.ncbi.nlm.nih.gov/35055161/,Neuro,false
PubMed,35056822,https://pubmed.ncbi.nlm.nih.gov/35056822/,Neuro,false
PubMed,35060216,https://pubmed.ncbi.nlm.nih.gov/35060216/,Neuro,false
PubMed,35064271,https://pubmed.ncbi.nlm.nih.gov/35064271/,Neuro,false
PubMed,35078115,https://pubmed.ncbi.nlm.nih.gov/35078115/,Neuro,false
PubMed,35093803,https://pubmed.ncbi.nlm.nih.gov/35093803/,Neuro,false
PubMed,35112235,https://pubmed.ncbi.nlm.nih.gov/35112235/,Neuro,false
PubMed,35114802,https://pubmed.ncbi.nlm.nih.gov/35114802/,Neuro,false
PubMed,35128516,https://pubmed.ncbi.nlm.nih.gov/35128516/,Neuro,false
PubMed,35132190,https://pubmed.ncbi.nlm.nih.gov/35132190/,Neuro,false
PubMed,35136958,https://pubmed.ncbi.nlm.nih.gov/35136958/,Neuro,false
PubMed,35144615,https://pubmed.ncbi.nlm.nih.gov/35144615/,Neuro,false
PubMed,35145136,https://pubmed.ncbi.nlm.nih.gov/35145136/,Neuro,false
PubMed,35151190,https://pubmed.ncbi.nlm.nih.gov/35151190/,Neuro,false
PubMed,35158060,https://pubmed.ncbi.nlm.nih.gov/35158060/,Neuro,false
PubMed,35158449,https://pubmed.ncbi.nlm.nih.gov/35158449/,Neuro,false
PubMed,35165360,https://pubmed.ncbi.nlm.nih.gov/35165360/,Neuro,false
PubMed,35173880,https://pubmed.ncbi.nlm.nih.gov/35173880/,Neuro,false
PubMed,35175622,https://pubmed.ncbi.nlm.nih.gov/35175622/,Neuro,false
PubMed,35178701,https://pubmed.ncbi.nlm.nih.gov/35178701/,Neuro,false
PubMed,35179483,https://pubmed.ncbi.nlm.nih.gov/35179483/,Neuro,false
PubMed,35181336,https://pubmed.ncbi.nlm.nih.gov/35181336/,Neuro,false
PubMed,35185547,https://pubmed.ncbi.nlm.nih.gov/35185547/,Neuro,false
PubMed,35201831,https://pubmed.ncbi.nlm.nih.gov/35201831/,Neuro,false
PubMed,35202719,https://pubmed.ncbi.nlm.nih.gov/35202719/,Neuro,false
PubMed,35211946,https://pubmed.ncbi.nlm.nih.gov/35211946/,Neuro,false
PubMed,35217387,https://pubmed.ncbi.nlm.nih.gov/35217387/,Neuro,false
PubMed,35233759,https://pubmed.ncbi.nlm.nih.gov/35233759/,Neuro,false
PubMed,35236771,https://pubmed.ncbi.nlm.nih.gov/35236771/,Neuro,false
PubMed,35255711,https://pubmed.ncbi.nlm.nih.gov/35255711/,Neuro,false
PubMed,35261078,https://pubmed.ncbi.nlm.nih.gov/35261078/,Neuro,false
PubMed,35278524,https://pubmed.ncbi.nlm.nih.gov/35278524/,Neuro,false
PubMed,35287749,https://pubmed.ncbi.nlm.nih.gov/35287749/,Neuro,false
PubMed,35293647,https://pubmed.ncbi.nlm.nih.gov/35293647/,Neuro,false
PubMed,35296862,https://pubmed.ncbi.nlm.nih.gov/35296862/,Neuro,false
PubMed,35296863,https://pubmed.ncbi.nlm.nih.gov/35296863/,Neuro,false
PubMed,35297036,https://pubmed.ncbi.nlm.nih.gov/35297036/,Neuro,false
PubMed,35300975,https://pubmed.ncbi.nlm.nih.gov/35300975/,Neuro,false
PubMed,35303507,https://pubmed.ncbi.nlm.nih.gov/35303507/,Neuro,false
PubMed,35306000,https://pubmed.ncbi.nlm.nih.gov/35306000/,Neuro,false
PubMed,35313383,https://pubmed.ncbi.nlm.nih.gov/35313383/,Neuro,false
PubMed,35316021,https://pubmed.ncbi.nlm.nih.gov/35316021/,Neuro,false
PubMed,35336814,https://pubmed.ncbi.nlm.nih.gov/35336814/,Neuro,false
PubMed,35342937,https://pubmed.ncbi.nlm.nih.gov/35342937/,Neuro,false
PubMed,35349580,https://pubmed.ncbi.nlm.nih.gov/35349580/,Neuro,false
PubMed,35353392,https://pubmed.ncbi.nlm.nih.gov/35353392/,Neuro,false
PubMed,35353889,https://pubmed.ncbi.nlm.nih.gov/35353889/,Neuro,false
PubMed,35364618,https://pubmed.ncbi.nlm.nih.gov/35364618/,Neuro,false
PubMed,35371598,https://pubmed.ncbi.nlm.nih.gov/35371598/,Neuro,false
PubMed,35382939,https://pubmed.ncbi.nlm.nih.gov/35382939/,Neuro,false
PubMed,35385645,https://pubmed.ncbi.nlm.nih.gov/35385645/,Neuro,false
PubMed,35393641,https://pubmed.ncbi.nlm.nih.gov/35393641/,Neuro,false
PubMed,35398594,https://pubmed.ncbi.nlm.nih.gov/35398594/,Neuro,false
PubMed,35406803,https://pubmed.ncbi.nlm.nih.gov/35406803/,Neuro,false
PubMed,35411970,https://pubmed.ncbi.nlm.nih.gov/35411970/,Neuro,false
PubMed,35443799,https://pubmed.ncbi.nlm.nih.gov/35443799/,Neuro,false
PubMed,35457070,https://pubmed.ncbi.nlm.nih.gov/35457070/,Neuro,false
PubMed,35460705,https://pubmed.ncbi.nlm.nih.gov/35460705/,Neuro,false
PubMed,35460837,https://pubmed.ncbi.nlm.nih.gov/35460837/,Neuro,false
PubMed,35484401,https://pubmed.ncbi.nlm.nih.gov/35484401/,Neuro,false
PubMed,35491566,https://pubmed.ncbi.nlm.nih.gov/35491566/,Neuro,false
PubMed,35500511,https://pubmed.ncbi.nlm.nih.gov/35500511/,Neuro,false
PubMed,35500651,https://pubmed.ncbi.nlm.nih.gov/35500651/,Neuro,false
PubMed,35508705,https://pubmed.ncbi.nlm.nih.gov/35508705/,Neuro,false
PubMed,35534502,https://pubmed.ncbi.nlm.nih.gov/35534502/,Neuro,false
PubMed,35590453,https://pubmed.ncbi.nlm.nih.gov/35590453/,Neuro,false
PubMed,35595026,https://pubmed.ncbi.nlm.nih.gov/35595026/,Neuro,false
PubMed,35622101,https://pubmed.ncbi.nlm.nih.gov/35622101/,Neuro,false
PubMed,35625047,https://pubmed.ncbi.nlm.nih.gov/35625047/,Neuro,false
PubMed,35628181,https://pubmed.ncbi.nlm.nih.gov/35628181/,Neuro,false
PubMed,35655086,https://pubmed.ncbi.nlm.nih.gov/35655086/,Neuro,false
PubMed,35672602,https://pubmed.ncbi.nlm.nih.gov/35672602/,Neuro,false
PubMed,35674270,https://pubmed.ncbi.nlm.nih.gov/35674270/,Neuro,false
PubMed,35677756,https://pubmed.ncbi.nlm.nih.gov/35677756/,Neuro,false
PubMed,35679523,https://pubmed.ncbi.nlm.nih.gov/35679523/,Neuro,false
PubMed,35684543,https://pubmed.ncbi.nlm.nih.gov/35684543/,Neuro,false
PubMed,35686025,https://pubmed.ncbi.nlm.nih.gov/35686025/,Neuro,false
PubMed,35688339,https://pubmed.ncbi.nlm.nih.gov/35688339/,Neuro,false
PubMed,35689251,https://pubmed.ncbi.nlm.nih.gov/35689251/,Neuro,false
PubMed,35700815,https://pubmed.ncbi.nlm.nih.gov/35700815/,Neuro,false
PubMed,35707977,https://pubmed.ncbi.nlm.nih.gov/35707977/,Neuro,false
PubMed,35715418,https://pubmed.ncbi.nlm.nih.gov/35715418/,Neuro,false
PubMed,35718215,https://pubmed.ncbi.nlm.nih.gov/35718215/,Neuro,false
PubMed,35720213,https://pubmed.ncbi.nlm.nih.gov/35720213/,Neuro,false
PubMed,35721207,https://pubmed.ncbi.nlm.nih.gov/35721207/,Neuro,false
PubMed,35733947,https://pubmed.ncbi.nlm.nih.gov/35733947/,Neuro,false
PubMed,35740883,https://pubmed.ncbi.nlm.nih.gov/35740883/,Neuro,false
PubMed,35749710,https://pubmed.ncbi.nlm.nih.gov/35749710/,Neuro,false
PubMed,35764268,https://pubmed.ncbi.nlm.nih.gov/35764268/,Neuro,false
PubMed,35770762,https://pubmed.ncbi.nlm.nih.gov/35770762/,Neuro,false
PubMed,35774086,https://pubmed.ncbi.nlm.nih.gov/35774086/,Neuro,false
PubMed,35778327,https://pubmed.ncbi.nlm.nih.gov/35778327/,Neuro,false
PubMed,35787624,https://pubmed.ncbi.nlm.nih.gov/35787624/,Neuro,false
PubMed,35789177,https://pubmed.ncbi.nlm.nih.gov/35789177/,Neuro,false
PubMed,35792194,https://pubmed.ncbi.nlm.nih.gov/35792194/,Neuro,false
PubMed,35798697,https://pubmed.ncbi.nlm.nih.gov/35798697/,Neuro,false
PubMed,35807001,https://pubmed.ncbi.nlm.nih.gov/35807001/,Neuro,false
PubMed,35807499,https://pubmed.ncbi.nlm.nih.gov/35807499/,Neuro,false
PubMed,35809457,https://pubmed.ncbi.nlm.nih.gov/35809457/,Neuro,false
PubMed,35810304,https://pubmed.ncbi.nlm.nih.gov/35810304/,Neuro,false
PubMed,35820856,https://pubmed.ncbi.nlm.nih.gov/35820856/,Neuro,false
PubMed,35822691,https://pubmed.ncbi.nlm.nih.gov/35822691/,Neuro,false
PubMed,35852615,https://pubmed.ncbi.nlm.nih.gov/35852615/,Neuro,false
PubMed,35859051,https://pubmed.ncbi.nlm.nih.gov/35859051/,Neuro,false
PubMed,35859208,https://pubmed.ncbi.nlm.nih.gov/35859208/,Neuro,false
PubMed,35863558,https://pubmed.ncbi.nlm.nih.gov/35863558/,Neuro,false
PubMed,35864772,https://pubmed.ncbi.nlm.nih.gov/35864772/,Neuro,false
PubMed,35886896,https://pubmed.ncbi.nlm.nih.gov/35886896/,Neuro,false
PubMed,35892676,https://pubmed.ncbi.nlm.nih.gov/35892676/,Neuro,false
PubMed,35914625,https://pubmed.ncbi.nlm.nih.gov/35914625/,Neuro,false
PubMed,35918531,https://pubmed.ncbi.nlm.nih.gov/35918531/,Neuro,false
PubMed,35927027,https://pubmed.ncbi.nlm.nih.gov/35927027/,Neuro,false
PubMed,35934162,https://pubmed.ncbi.nlm.nih.gov/35934162/,Neuro,false
PubMed,35955562,https://pubmed.ncbi.nlm.nih.gov/35955562/,Neuro,false
PubMed,35956911,https://pubmed.ncbi.nlm.nih.gov/35956911/,Neuro,false
PubMed,35961268,https://pubmed.ncbi.nlm.nih.gov/35961268/,Neuro,false
PubMed,35963203,https://pubmed.ncbi.nlm.nih.gov/35963203/,Neuro,false
PubMed,35982060,https://pubmed.ncbi.nlm.nih.gov/35982060/,Neuro,false
PubMed,35985400,https://pubmed.ncbi.nlm.nih.gov/35985400/,Neuro,false
PubMed,35985958,https://pubmed.ncbi.nlm.nih.gov/35985958/,Neuro,false
PubMed,35991988,https://pubmed.ncbi.nlm.nih.gov/35991988/,Neuro,false
PubMed,36009055,https://pubmed.ncbi.nlm.nih.gov/36009055/,Neuro,false
PubMed,36009400,https://pubmed.ncbi.nlm.nih.gov/36009400/,Neuro,false
PubMed,36012711,https://pubmed.ncbi.nlm.nih.gov/36012711/,Neuro,false
PubMed,36028005,https://pubmed.ncbi.nlm.nih.gov/36028005/,Neuro,false
PubMed,36032146,https://pubmed.ncbi.nlm.nih.gov/36032146/,Neuro,false
PubMed,36038457,https://pubmed.ncbi.nlm.nih.gov/36038457/,Neuro,false
PubMed,36040329,https://pubmed.ncbi.nlm.nih.gov/36040329/,Neuro,false
PubMed,36049378,https://pubmed.ncbi.nlm.nih.gov/36049378/,Neuro,false
PubMed,36067295,https://pubmed.ncbi.nlm.nih.gov/36067295/,Neuro,false
PubMed,36069981,https://pubmed.ncbi.nlm.nih.gov/36069981/,Neuro,false
PubMed,36075309,https://pubmed.ncbi.nlm.nih.gov/36075309/,Neuro,false
PubMed,36077095,https://pubmed.ncbi.nlm.nih.gov/36077095/,Neuro,false
PubMed,36080415,https://pubmed.ncbi.nlm.nih.gov/36080415/,Neuro,false
PubMed,36080421,https://pubmed.ncbi.nlm.nih.gov/36080421/,Neuro,false
PubMed,36084029,https://pubmed.ncbi.nlm.nih.gov/36084029/,Neuro,false
PubMed,36087758,https://pubmed.ncbi.nlm.nih.gov/36087758/,Neuro,false
PubMed,36094027,https://pubmed.ncbi.nlm.nih.gov/36094027/,Neuro,false
PubMed,36099645,https://pubmed.ncbi.nlm.nih.gov/36099645/,Neuro,false
PubMed,36100636,https://pubmed.ncbi.nlm.nih.gov/36100636/,Neuro,false
PubMed,36108318,https://pubmed.ncbi.nlm.nih.gov/36108318/,Neuro,false
PubMed,36108815,https://pubmed.ncbi.nlm.nih.gov/36108815/,Neuro,false
PubMed,36109476,https://pubmed.ncbi.nlm.nih.gov/36109476/,Neuro,false
PubMed,36109623,https://pubmed.ncbi.nlm.nih.gov/36109623/,Neuro,false
PubMed,36110372,https://pubmed.ncbi.nlm.nih.gov/36110372/,Neuro,false
PubMed,36112318,https://pubmed.ncbi.nlm.nih.gov/36112318/,Neuro,false
PubMed,36117622,https://pubmed.ncbi.nlm.nih.gov/36117622/,Neuro,false
PubMed,36118134,https://pubmed.ncbi.nlm.nih.gov/36118134/,Neuro,false
PubMed,36120297,https://pubmed.ncbi.nlm.nih.gov/36120297/,Neuro,false
PubMed,36120593,https://pubmed.ncbi.nlm.nih.gov/36120593/,Neuro,false
PubMed,36120979,https://pubmed.ncbi.nlm.nih.gov/36120979/,Neuro,false
PubMed,36125410,https://pubmed.ncbi.nlm.nih.gov/36125410/,Neuro,false
PubMed,36129109,https://pubmed.ncbi.nlm.nih.gov/36129109/,Neuro,false
PubMed,36129615,https://pubmed.ncbi.nlm.nih.gov/36129615/,Neuro,false
PubMed,36135314,https://pubmed.ncbi.nlm.nih.gov/36135314/,Neuro,false
PubMed,36140762,https://pubmed.ncbi.nlm.nih.gov/36140762/,Neuro,false
PubMed,36147210,https://pubmed.ncbi.nlm.nih.gov/36147210/,Neuro,false
PubMed,36147343,https://pubmed.ncbi.nlm.nih.gov/36147343/,Neuro,false
PubMed,36148467,https://pubmed.ncbi.nlm.nih.gov/36148467/,Neuro,false
PubMed,36150252,https://pubmed.ncbi.nlm.nih.gov/36150252/,Neuro,false
PubMed,36154489,https://pubmed.ncbi.nlm.nih.gov/36154489/,Neuro,false
PubMed,36156289,https://pubmed.ncbi.nlm.nih.gov/36156289/,Neuro,false
PubMed,36162511,https://pubmed.ncbi.nlm.nih.gov/36162511/,Neuro,false
PubMed,36174323,https://pubmed.ncbi.nlm.nih.gov/36174323/,Neuro,false
PubMed,36176449,https://pubmed.ncbi.nlm.nih.gov/36176449/,Neuro,false
PubMed,36179898,https://pubmed.ncbi.nlm.nih.gov/36179898/,Neuro,false
PubMed,36189477,https://pubmed.ncbi.nlm.nih.gov/36189477/,Neuro,false
PubMed,36195689,https://pubmed.ncbi.nlm.nih.gov/36195689/,Neuro,false
PubMed,36206805,https://pubmed.ncbi.nlm.nih.gov/36206805/,Neuro,false
PubMed,36206806,https://pubmed.ncbi.nlm.nih.gov/36206806/,Neuro,false
PubMed,36209703,https://pubmed.ncbi.nlm.nih.gov/36209703/,Neuro,false
PubMed,36212685,https://pubmed.ncbi.nlm.nih.gov/36212685/,Neuro,false
PubMed,36216124,https://pubmed.ncbi.nlm.nih.gov/36216124/,Neuro,false
PubMed,36220975,https://pubmed.ncbi.nlm.nih.gov/36220975/,Neuro,false
PubMed,36222019,https://pubmed.ncbi.nlm.nih.gov/36222019/,Neuro,false
PubMed,36229600,https://pubmed.ncbi.nlm.nih.gov/36229600/,Neuro,false
PubMed,36229601,https://pubmed.ncbi.nlm.nih.gov/36229601/,Neuro,false
PubMed,36230909,https://pubmed.ncbi.nlm.nih.gov/36230909/,Neuro,false
PubMed,36230976,https://pubmed.ncbi.nlm.nih.gov/36230976/,Neuro,false
PubMed,36238284,https://pubmed.ncbi.nlm.nih.gov/36238284/,Neuro,false
PubMed,36240948,https://pubmed.ncbi.nlm.nih.gov/36240948/,Neuro,false
PubMed,36247984,https://pubmed.ncbi.nlm.nih.gov/36247984/,Neuro,false
PubMed,36248003,https://pubmed.ncbi.nlm.nih.gov/36248003/,Neuro,false
PubMed,36250246,https://pubmed.ncbi.nlm.nih.gov/36250246/,Neuro,false
PubMed,36254984,https://pubmed.ncbi.nlm.nih.gov/36254984/,Neuro,false
PubMed,36268196,https://pubmed.ncbi.nlm.nih.gov/36268196/,Neuro,false
PubMed,36269656,https://pubmed.ncbi.nlm.nih.gov/36269656/,Neuro,false
PubMed,36271319,https://pubmed.ncbi.nlm.nih.gov/36271319/,Neuro,false
PubMed,36278152,https://pubmed.ncbi.nlm.nih.gov/36278152/,Neuro,false
PubMed,36283508,https://pubmed.ncbi.nlm.nih.gov/36283508/,Neuro,false
PubMed,36286061,https://pubmed.ncbi.nlm.nih.gov/36286061/,Neuro,false
PubMed,36290320,https://pubmed.ncbi.nlm.nih.gov/36290320/,Neuro,false
PubMed,36290771,https://pubmed.ncbi.nlm.nih.gov/36290771/,Neuro,false
PubMed,36292998,https://pubmed.ncbi.nlm.nih.gov/36292998/,Neuro,false
PubMed,36308424,https://pubmed.ncbi.nlm.nih.gov/36308424/,Neuro,false
PubMed,36313013,https://pubmed.ncbi.nlm.nih.gov/36313013/,Neuro,false
PubMed,36328984,https://pubmed.ncbi.nlm.nih.gov/36328984/,Neuro,false
PubMed,36333901,https://pubmed.ncbi.nlm.nih.gov/36333901/,Neuro,false
PubMed,36342913,https://pubmed.ncbi.nlm.nih.gov/36342913/,Neuro,false
PubMed,36345044,https://pubmed.ncbi.nlm.nih.gov/36345044/,Neuro,false
PubMed,36353497,https://pubmed.ncbi.nlm.nih.gov/36353497/,Neuro,false
PubMed,36355181,https://pubmed.ncbi.nlm.nih.gov/36355181/,Neuro,false
PubMed,36361598,https://pubmed.ncbi.nlm.nih.gov/36361598/,Neuro,false
PubMed,36361675,https://pubmed.ncbi.nlm.nih.gov/36361675/,Neuro,false
PubMed,36367574,https://pubmed.ncbi.nlm.nih.gov/36367574/,Neuro,false
PubMed,36374961,https://pubmed.ncbi.nlm.nih.gov/36374961/,Neuro,false
PubMed,36379717,https://pubmed.ncbi.nlm.nih.gov/36379717/,Neuro,false
PubMed,36382587,https://pubmed.ncbi.nlm.nih.gov/36382587/,Neuro,false
PubMed,36386164,https://pubmed.ncbi.nlm.nih.gov/36386164/,Neuro,false
PubMed,36386183,https://pubmed.ncbi.nlm.nih.gov/36386183/,Neuro,false
PubMed,36387996,https://pubmed.ncbi.nlm.nih.gov/36387996/,Neuro,false
PubMed,36394060,https://pubmed.ncbi.nlm.nih.gov/36394060/,Neuro,false
PubMed,36394442,https://pubmed.ncbi.nlm.nih.gov/36394442/,Neuro,false
PubMed,36399869,https://pubmed.ncbi.nlm.nih.gov/36399869/,Neuro,false
PubMed,36402869,https://pubmed.ncbi.nlm.nih.gov/36402869/,Neuro,false
PubMed,36408881,https://pubmed.ncbi.nlm.nih.gov/36408881/,Neuro,false
PubMed,36414010,https://pubmed.ncbi.nlm.nih.gov/36414010/,Neuro,false
PubMed,36417631,https://pubmed.ncbi.nlm.nih.gov/36417631/,Neuro,false
PubMed,36423813,https://pubmed.ncbi.nlm.nih.gov/36423813/,Neuro,false
PubMed,36428554,https://pubmed.ncbi.nlm.nih.gov/36428554/,Neuro,false
PubMed,36434122,https://pubmed.ncbi.nlm.nih.gov/36434122/,Neuro,false
PubMed,36434514,https://pubmed.ncbi.nlm.nih.gov/36434514/,Neuro,false
PubMed,36437738,https://pubmed.ncbi.nlm.nih.gov/36437738/,Neuro,false
PubMed,36439263,https://pubmed.ncbi.nlm.nih.gov/36439263/,Neuro,false
PubMed,36439273,https://pubmed.ncbi.nlm.nih.gov/36439273/,Neuro,false
PubMed,36440544,https://pubmed.ncbi.nlm.nih.gov/36440544/,Neuro,false
PubMed,36442674,https://pubmed.ncbi.nlm.nih.gov/36442674/,Neuro,false
PubMed,36451348,https://pubmed.ncbi.nlm.nih.gov/36451348/,Neuro,false
PubMed,36454179,https://pubmed.ncbi.nlm.nih.gov/36454179/,Neuro,false
PubMed,36455638,https://pubmed.ncbi.nlm.nih.gov/36455638/,Neuro,false
PubMed,36460464,https://pubmed.ncbi.nlm.nih.gov/36460464/,Neuro,false
PubMed,36462439,https://pubmed.ncbi.nlm.nih.gov/36462439/,Neuro,false
PubMed,36466600,https://pubmed.ncbi.nlm.nih.gov/36466600/,Neuro,false
PubMed,36467781,https://pubmed.ncbi.nlm.nih.gov/36467781/,Neuro,false
PubMed,36471511,https://pubmed.ncbi.nlm.nih.gov/36471511/,Neuro,false
PubMed,36475439,https://pubmed.ncbi.nlm.nih.gov/36475439/,Neuro,false
PubMed,36481187,https://pubmed.ncbi.nlm.nih.gov/36481187/,Neuro,false
PubMed,36482034,https://pubmed.ncbi.nlm.nih.gov/36482034/,Neuro,false
PubMed,36493860,https://pubmed.ncbi.nlm.nih.gov/36493860/,Neuro,false
PubMed,36516746,https://pubmed.ncbi.nlm.nih.gov/36516746/,Neuro,false
PubMed,36522511,https://pubmed.ncbi.nlm.nih.gov/36522511/,Neuro,false
PubMed,36525572,https://pubmed.ncbi.nlm.nih.gov/36525572/,Neuro,false
PubMed,36526591,https://pubmed.ncbi.nlm.nih.gov/36526591/,Neuro,false
PubMed,36531614,https://pubmed.ncbi.nlm.nih.gov/36531614/,Neuro,false
PubMed,36533179,https://pubmed.ncbi.nlm.nih.gov/36533179/,Neuro,false
PubMed,36537757,https://pubmed.ncbi.nlm.nih.gov/36537757/,Neuro,false
PubMed,36539215,https://pubmed.ncbi.nlm.nih.gov/36539215/,Neuro,false
PubMed,36551756,https://pubmed.ncbi.nlm.nih.gov/36551756/,Neuro,false
PubMed,36552056,https://pubmed.ncbi.nlm.nih.gov/36552056/,Neuro,false
PubMed,36555823,https://pubmed.ncbi.nlm.nih.gov/36555823/,Neuro,false
PubMed,36556407,https://pubmed.ncbi.nlm.nih.gov/36556407/,Neuro,false
PubMed,36556430,https://pubmed.ncbi.nlm.nih.gov/36556430/,Neuro,false
PubMed,36563921,https://pubmed.ncbi.nlm.nih.gov/36563921/,Neuro,false
PubMed,36567416,https://pubmed.ncbi.nlm.nih.gov/36567416/,Neuro,false
PubMed,36576709,https://pubmed.ncbi.nlm.nih.gov/36576709/,Neuro,false
PubMed,36576970,https://pubmed.ncbi.nlm.nih.gov/36576970/,Neuro,false
PubMed,36583304,https://pubmed.ncbi.nlm.nih.gov/36583304/,Neuro,false
PubMed,36583706,https://pubmed.ncbi.nlm.nih.gov/36583706/,Neuro,false
PubMed,36604187,https://pubmed.ncbi.nlm.nih.gov/36604187/,Neuro,false
PubMed,36605398,https://pubmed.ncbi.nlm.nih.gov/36605398/,Neuro,false
PubMed,36605545,https://pubmed.ncbi.nlm.nih.gov/36605545/,Neuro,false
PubMed,36605549,https://pubmed.ncbi.nlm.nih.gov/36605549/,Neuro,false
PubMed,36616322,https://pubmed.ncbi.nlm.nih.gov/36616322/,Neuro,false
PubMed,36618606,https://pubmed.ncbi.nlm.nih.gov/36618606/,Neuro,false
PubMed,36624400,https://pubmed.ncbi.nlm.nih.gov/36624400/,Neuro,false
PubMed,36626985,https://pubmed.ncbi.nlm.nih.gov/36626985/,Neuro,false
PubMed,36627040,https://pubmed.ncbi.nlm.nih.gov/36627040/,Neuro,false
PubMed,36632949,https://pubmed.ncbi.nlm.nih.gov/36632949/,Neuro,false
PubMed,36635488,https://pubmed.ncbi.nlm.nih.gov/36635488/,Neuro,false
PubMed,36635629,https://pubmed.ncbi.nlm.nih.gov/36635629/,Neuro,false
PubMed,36637897,https://pubmed.ncbi.nlm.nih.gov/36637897/,Neuro,false
PubMed,36645029,https://pubmed.ncbi.nlm.nih.gov/36645029/,Neuro,false
PubMed,36646020,https://pubmed.ncbi.nlm.nih.gov/36646020/,Neuro,false
PubMed,36647671,https://pubmed.ncbi.nlm.nih.gov/36647671/,Neuro,false
PubMed,36655645,https://pubmed.ncbi.nlm.nih.gov/36655645/,Neuro,false
PubMed,36671742,https://pubmed.ncbi.nlm.nih.gov/36671742/,Neuro,false
PubMed,36672536,https://pubmed.ncbi.nlm.nih.gov/36672536/,Neuro,false
PubMed,36674424,https://pubmed.ncbi.nlm.nih.gov/36674424/,Neuro,false
PubMed,36674826,https://pubmed.ncbi.nlm.nih.gov/36674826/,Neuro,false
PubMed,36674936,https://pubmed.ncbi.nlm.nih.gov/36674936/,Neuro,false
PubMed,36678832,https://pubmed.ncbi.nlm.nih.gov/36678832/,Neuro,false
PubMed,36685079,https://pubmed.ncbi.nlm.nih.gov/36685079/,Neuro,false
PubMed,36693811,https://pubmed.ncbi.nlm.nih.gov/36693811/,Neuro,false
PubMed,36706124,https://pubmed.ncbi.nlm.nih.gov/36706124/,Neuro,false
PubMed,36708234,https://pubmed.ncbi.nlm.nih.gov/36708234/,Neuro,false
PubMed,36711875,https://pubmed.ncbi.nlm.nih.gov/36711875/,Neuro,false
PubMed,36716771,https://pubmed.ncbi.nlm.nih.gov/36716771/,Neuro,false
PubMed,36717883,https://pubmed.ncbi.nlm.nih.gov/36717883/,Neuro,false
PubMed,36720447,https://pubmed.ncbi.nlm.nih.gov/36720447/,Neuro,false
PubMed,36743777,https://pubmed.ncbi.nlm.nih.gov/36743777/,Neuro,false
PubMed,36745386,https://pubmed.ncbi.nlm.nih.gov/36745386/,Neuro,false
PubMed,36768668,https://pubmed.ncbi.nlm.nih.gov/36768668/,Neuro,false
PubMed,36771595,https://pubmed.ncbi.nlm.nih.gov/36771595/,Neuro,false
PubMed,36773215,https://pubmed.ncbi.nlm.nih.gov/36773215/,Neuro,false
PubMed,36793224,https://pubmed.ncbi.nlm.nih.gov/36793224/,Neuro,false
PubMed,36823232,https://pubmed.ncbi.nlm.nih.gov/36823232/,Neuro,false
PubMed,36878177,https://pubmed.ncbi.nlm.nih.gov/36878177/,Neuro,false
PubMed,36905375,https://pubmed.ncbi.nlm.nih.gov/36905375/,Neuro,false
PubMed,36913400,https://pubmed.ncbi.nlm.nih.gov/36913400/,Neuro,false
PubMed,36959856,https://pubmed.ncbi.nlm.nih.gov/36959856/,Neuro,false
PubMed,36991352,https://pubmed.ncbi.nlm.nih.gov/36991352/,Neuro,false
PubMed,37047608,https://pubmed.ncbi.nlm.nih.gov/37047608/,Neuro,false
PubMed,37047663,https://pubmed.ncbi.nlm.nih.gov/37047663/,Neuro,false
PubMed,37072341,https://pubmed.ncbi.nlm.nih.gov/37072341/,Neuro,false
PubMed,37076628,https://pubmed.ncbi.nlm.nih.gov/37076628/,Neuro,false
PubMed,37085487,https://pubmed.ncbi.nlm.nih.gov/37085487/,Neuro,false
PubMed,37127287,https://pubmed.ncbi.nlm.nih.gov/37127287/,Neuro,false
PubMed,37132109,https://pubmed.ncbi.nlm.nih.gov/37132109/,Neuro,false
PubMed,37149645,https://pubmed.ncbi.nlm.nih.gov/37149645/,Neuro,false
PubMed,37156034,https://pubmed.ncbi.nlm.nih.gov/37156034/,Neuro,false
PubMed,37172308,https://pubmed.ncbi.nlm.nih.gov/37172308/,Neuro,false
PubMed,37193782,https://pubmed.ncbi.nlm.nih.gov/37193782/,Neuro,false
PubMed,37199723,https://pubmed.ncbi.nlm.nih.gov/37199723/,Neuro,false
PubMed,37216564,https://pubmed.ncbi.nlm.nih.gov/37216564/,Neuro,false
PubMed,37250194,https://pubmed.ncbi.nlm.nih.gov/37250194/,Neuro,false
PubMed,37290534,https://pubmed.ncbi.nlm.nih.gov/37290534/,Neuro,false
PubMed,37298639,https://pubmed.ncbi.nlm.nih.gov/37298639/,Neuro,false
PubMed,37372090,https://pubmed.ncbi.nlm.nih.gov/37372090/,Neuro,false
PubMed,37414155,https://pubmed.ncbi.nlm.nih.gov/37414155/,Neuro,false
PubMed,37451163,https://pubmed.ncbi.nlm.nih.gov/37451163/,Neuro,false
PubMed,37481040,https://pubmed.ncbi.nlm.nih.gov/37481040/,Neuro,false
PubMed,37519000,https://pubmed.ncbi.nlm.nih.gov/37519000/,Neuro,false
PubMed,37602231,https://pubmed.ncbi.nlm.nih.gov/37602231/,Neuro,false
PubMed,37628778,https://pubmed.ncbi.nlm.nih.gov/37628778/,Neuro,false
PubMed,37706104,https://pubmed.ncbi.nlm.nih.gov/37706104/,Neuro,false
PubMed,37782433,https://pubmed.ncbi.nlm.nih.gov/37782433/,Neuro,false
PubMed,37783412,https://pubmed.ncbi.nlm.nih.gov/37783412/,Neuro,false
PubMed,37815196,https://pubmed.ncbi.nlm.nih.gov/37815196/,Neuro,false
PubMed,37862567,https://pubmed.ncbi.nlm.nih.gov/37862567/,Neuro,false
PubMed,37892128,https://pubmed.ncbi.nlm.nih.gov/37892128/,Neuro,false
PubMed,3793381,https://pubmed.ncbi.nlm.nih.gov/3793381/,Neuro,false
PubMed,37991091,https://pubmed.ncbi.nlm.nih.gov/37991091/,Neuro,false
PubMed,38029793,https://pubmed.ncbi.nlm.nih.gov/38029793/,Neuro,false
PubMed,38320199,https://pubmed.ncbi.nlm.nih.gov/38320199/,Neuro,false
PubMed,407606,https://pubmed.ncbi.nlm.nih.gov/407606/,Neuro,false
PubMed,4148442,https://pubmed.ncbi.nlm.nih.gov/4148442/,Neuro,false
PubMed,4149660,https://pubmed.ncbi.nlm.nih.gov/4149660/,Neuro,false
PubMed,4438826,https://pubmed.ncbi.nlm.nih.gov/4438826/,Neuro,false
PubMed,4612180,https://pubmed.ncbi.nlm.nih.gov/4612180/,Neuro,false
PubMed,4850602,https://pubmed.ncbi.nlm.nih.gov/4850602/,Neuro,false
PubMed,6129147,https://pubmed.ncbi.nlm.nih.gov/6129147/,Neuro,false
PubMed,6275447,https://pubmed.ncbi.nlm.nih.gov/6275447/,Neuro,false
PubMed,6732800,https://pubmed.ncbi.nlm.nih.gov/6732800/,Neuro,false
PubMed,7071126,https://pubmed.ncbi.nlm.nih.gov/7071126/,Neuro,false
PubMed,7248333,https://pubmed.ncbi.nlm.nih.gov/7248333/,Neuro,false
PubMed,7298873,https://pubmed.ncbi.nlm.nih.gov/7298873/,Neuro,false
PubMed,7413719,https://pubmed.ncbi.nlm.nih.gov/7413719/,Neuro,false
PubMed,7498458,https://pubmed.ncbi.nlm.nih.gov/7498458/,Neuro,false
PubMed,850145,https://pubmed.ncbi.nlm.nih.gov/850145/,Neuro,false
PubMed,8699243,https://pubmed.ncbi.nlm.nih.gov/8699243/,Neuro,false
PubMed,9242259,https://pubmed.ncbi.nlm.nih.gov/9242259/,Neuro,false
PubMed,9252798,https://pubmed.ncbi.nlm.nih.gov/9252798/,Neuro,false
PubMed,9398468,https://pubmed.ncbi.nlm.nih.gov/9398468/,Neuro,false
PubMed,9465342,https://pubmed.ncbi.nlm.nih.gov/9465342/,Neuro,false
PubMed,9653176,https://pubmed.ncbi.nlm.nih.gov/9653176/,Neuro,false
PubMed,9654336,https://pubmed.ncbi.nlm.nih.gov/9654336/,Neuro,false
PubMed,9809557,https://pubmed.ncbi.nlm.nih.gov/9809557/,Neuro,false
PubMed,9879795,https://pubmed.ncbi.nlm.nih.gov/9879795/,Neuro,false
PubMed,9881850,https://pubmed.ncbi.nlm.nih.gov/9881850/,Neuro,false
PubMed,9974182,https://pubmed.ncbi.nlm.nih.gov/9974182/,Neuro,false
DOI,10.1002/9781119701170.ch20,https://doi.org/10.1002/9781119701170.ch20,"Pain, Inflammation, Antioxidation & Anesthesia",false
DOI,10.1002/brb3.1850,https://doi.org/10.1002/brb3.1850,"Pain, Inflammation, Antioxidation & Anesthesia",false
DOI,10.1002/ejp.1675,https://doi.org/10.1002/ejp.1675,"Pain, Inflammation, Antioxidation & Anesthesia",false
DOI,10.1002/ejp.2107,https://doi.org/10.1002/ejp.2107,"Pain, Inflammation, Antioxidation & Anesthesia",false
DOI,10.1007/978-3-030-69186-8,https://doi.org/10.1007/978-3-030-69186-8,"Pain, Inflammation, Antioxidation & Anesthesia",false
DOI,10.1007/978-981-15-5917-4_5,https://doi.org/10.1007/978-981-15-5917-4_5,"Pain, Inflammation, Antioxidation & Anesthesia",false
DOI,10.1007/s40138-019-00199-w,https://doi.org/10.1007/s40138-019-00199-w,"Pain, Inflammation, Antioxidation & Anesthesia",false
DOI,10.1007/s43440-019-00053-6,https://doi.org/10.1007/s43440-019-00053-6,"Pain, Inflammation, Antioxidation & Anesthesia",false
DOI,10.1042/ns20200080,https://doi.org/10.1042/ns20200080,"Pain, Inflammation, Antioxidation & Anesthesia",false
DOI,10.1080/00207144.2020.1682254,https://doi.org/10.1080/00207144.2020.1682254,"Pain, Inflammation, Antioxidation & Anesthesia",false
DOI,10.1080/02791072.2013.805976,https://doi.org/10.1080/02791072.2013.805976,"Pain, Inflammation, Antioxidation & Anesthesia",false
DOI,10.1089/can.2016.0007,https://doi.org/10.1089/can.2016.0007,"Pain, Inflammation, Antioxidation & Anesthesia",false
DOI,10.1089/can.2020.0004,https://doi.org/10.1089/can.2020.0004,"Pain, Inflammation, Antioxidation & Anesthesia",false
DOI,10.1089/can.2020.0025,https://doi.org/10.1089/can.2020.0025,"Pain, Inflammation, Antioxidation & Anesthesia",false
DOI,10.1089/can.2020.0068,https://doi.org/10.1089/can.2020.0068,"Pain, Inflammation, Antioxidation & Anesthesia",false
DOI,10.1089/can.2020.0105,https://doi.org/10.1089/can.2020.0105,"Pain, Inflammation, Antioxidation & Anesthesia",false
DOI,10.1089/can.2020.0129,https://doi.org/10.1089/can.2020.0129,"Pain, Inflammation, Antioxidation & Anesthesia",false
DOI,10.1093/neuros/nyz573,https://doi.org/10.1093/neuros/nyz573,"Pain, Inflammation, Antioxidation & Anesthesia",false
DOI,10.1096/fasebj.2021.35.s1.01643,https://doi.org/10.1096/fasebj.2021.35.s1.01643,"Pain, Inflammation, Antioxidation & Anesthesia",false
DOI,10.1096/fasebj.2022.36.s1.l7533,https://doi.org/10.1096/fasebj.2022.36.s1.l7533,"Pain, Inflammation, Antioxidation & Anesthesia",false
DOI,10.1096/fasebj.2022.36.s1.r2054,https://doi.org/10.1096/fasebj.2022.36.s1.r2054,"Pain, Inflammation, Antioxidation & Anesthesia",false
DOI,10.1096/fasebj.2022.36.s1.r2682,https://doi.org/10.1096/fasebj.2022.36.s1.r2682,"Pain, Inflammation, Antioxidation & Anesthesia",false
DOI,10.1096/fasebj.2022.36.s1.r4829,https://doi.org/10.1096/fasebj.2022.36.s1.r4829,"Pain, Inflammation, Antioxidation & Anesthesia",false
DOI,10.1096/fasebj.2022.36.s1.r5753,https://doi.org/10.1096/fasebj.2022.36.s1.r5753,"Pain, Inflammation, Antioxidation & Anesthesia",false
DOI,10.1096/fj.202000975r,https://doi.org/10.1096/fj.202000975r,"Pain, Inflammation, Antioxidation & Anesthesia",false
DOI,10.1111/ejn.14897,https://doi.org/10.1111/ejn.14897,"Pain, Inflammation, Antioxidation & Anesthesia",false
DOI,10.1111/j.1365-2044.2004.03674.x,https://doi.org/10.1111/j.1365-2044.2004.03674.x,"Pain, Inflammation, Antioxidation & Anesthesia",false
DOI,10.1111/jre.12765,https://doi.org/10.1111/jre.12765,"Pain, Inflammation, Antioxidation & Anesthesia",false
DOI,10.1177/0333102420949201,https://doi.org/10.1177/0333102420949201,"Pain, Inflammation, Antioxidation & Anesthesia",false
DOI,10.1177/03635465221109573,https://doi.org/10.1177/03635465221109573,"Pain, Inflammation, Antioxidation & Anesthesia",false
DOI,10.1177/1179544120906461,https://doi.org/10.1177/1179544120906461,"Pain, Inflammation, Antioxidation & Anesthesia",false
DOI,10.1177/2325967121s00631,https://doi.org/10.1177/2325967121s00631,"Pain, Inflammation, Antioxidation & Anesthesia",false
DOI,10.1186/s42238-020-00024-2,https://doi.org/10.1186/s42238-020-00024-2,"Pain, Inflammation, Antioxidation & Anesthesia",false
DOI,10.1300/j175v01n02_04,https://doi.org/10.1300/j175v01n02_04,"Pain, Inflammation, Antioxidation & Anesthesia",false
DOI,10.1371/journal.pone.0187795,https://doi.org/10.1371/journal.pone.0187795,"Pain, Inflammation, Antioxidation & Anesthesia",false
DOI,10.17245/jdapm.2021.21.6.479,https://doi.org/10.17245/jdapm.2021.21.6.479,"Pain, Inflammation, Antioxidation & Anesthesia",false
DOI,10.2478/amb-2021-0005,https://doi.org/10.2478/amb-2021-0005,"Pain, Inflammation, Antioxidation & Anesthesia",false
DOI,10.3389/fphar.2017.00108,https://doi.org/10.3389/fphar.2017.00108,"Pain, Inflammation, Antioxidation & Anesthesia",false
DOI,10.3389/fphar.2017.00391,https://doi.org/10.3389/fphar.2017.00391,"Pain, Inflammation, Antioxidation & Anesthesia",false
DOI,10.9740/mhc.2018.05.110,https://doi.org/10.9740/mhc.2018.05.110,"Pain, Inflammation, Antioxidation & Anesthesia",false
PMC,PMC2116906,https://www.ncbi.nlm.nih.gov/pmc/articles/PMC2116906/,"Pain, Inflammation, Antioxidation & Anesthesia",false
PMC,PMC2818338,https://www.ncbi.nlm.nih.gov/pmc/articles/PMC2818338/,"Pain, Inflammation, Antioxidation & Anesthesia",false
PMC,PMC3566631,https://www.ncbi.nlm.nih.gov/pmc/articles/PMC3566631/,"Pain, Inflammation, Antioxidation & Anesthesia",false
PMC,PMC4549801,https://www.ncbi.nlm.nih.gov/pmc/articles/PMC4549801/,"Pain, Inflammation, Antioxidation & Anesthesia",false
PMC,PMC5422566,https://www.ncbi.nlm.nih.gov/pmc/articles/PMC5422566/,"Pain, Inflammation, Antioxidation & Anesthesia",false
PMC,PMC549497,https://www.ncbi.nlm.nih.gov/pmc/articles/PMC549497/,"Pain, Inflammation, Antioxidation & Anesthesia",false
PMC,PMC5499986,https://www.ncbi.nlm.nih.gov/pmc/articles/PMC5499986/,"Pain, Inflammation, Antioxidation & Anesthesia",false
PMC,PMC6222489,https://www.ncbi.nlm.nih.gov/pmc/articles/PMC6222489/,"Pain, Inflammation, Antioxidation & Anesthesia",false
PMC,PMC6319597,https://www.ncbi.nlm.nih.gov/pmc/articles/PMC6319597/,"Pain, Inflammation, Antioxidation & Anesthesia",false
PMC,PMC6430597,https://www.ncbi.nlm.nih.gov/pmc/articles/PMC6430597/,"Pain, Inflammation, Antioxidation & Anesthesia",false
PMC,PMC6494210,https://www.ncbi.nlm.nih.gov/pmc/articles/PMC6494210/,"Pain, Inflammation, Antioxidation & Anesthesia",false
PMC,PMC6853369,https://www.ncbi.nlm.nih.gov/pmc/articles/PMC6853369/,"Pain, Inflammation, Antioxidation & Anesthesia",false
PMC,PMC7295551,https://www.ncbi.nlm.nih.gov/pmc/articles/PMC7295551/,"Pain, Inflammation, Antioxidation & Anesthesia",false
PMC,PMC7510332,https://www.ncbi.nlm.nih.gov/pmc/articles/PMC7510332/,"Pain, Inflammation, Antioxidation & Anesthesia",false
PMC,PMC7590544,https://www.ncbi.nlm.nih.gov/pmc/articles/PMC7590544/,"Pain, Inflammation, Antioxidation & Anesthesia",false
PMC,PMC7667774,https://www.ncbi.nlm.nih.gov/pmc/articles/PMC7667774/,"Pain, Inflammation, Antioxidation & Anesthesia",false
PubMed,12052040,https://pubmed.ncbi.nlm.nih.gov/12052040/,"Pain, Inflammation, Antioxidation & Anesthesia",false
PubMed,12505698,https://pubmed.ncbi.nlm.nih.gov/12505698/,"Pain, Inflammation, Antioxidation & Anesthesia",false
PubMed,12617376,https://pubmed.ncbi.nlm.nih.gov/12617376/,"Pain, Inflammation, Antioxidation & Anesthesia",false
PubMed,12782429,https://pubmed.ncbi.nlm.nih.gov/12782429/,"Pain, Inflammation, Antioxidation & Anesthesia",false
PubMed,14519710,https://pubmed.ncbi.nlm.nih.gov/14519710/,"Pain, Inflammation, Antioxidation & Anesthesia",false
PubMed,15159679,https://pubmed.ncbi.nlm.nih.gov/15159679/,"Pain, Inflammation, Antioxidation & Anesthesia",false
PubMed,15561385,https://pubmed.ncbi.nlm.nih.gov/15561385/,"Pain, Inflammation, Antioxidation & Anesthesia",false
PubMed,16510698,https://pubmed.ncbi.nlm.nih.gov/16510698/,"Pain, Inflammation, Antioxidation & Anesthesia",false
PubMed,16563625,https://pubmed.ncbi.nlm.nih.gov/16563625/,"Pain, Inflammation, Antioxidation & Anesthesia",false
PubMed,17018694,https://pubmed.ncbi.nlm.nih.gov/17018694/,"Pain, Inflammation, Antioxidation & Anesthesia",false
PubMed,17119542,https://pubmed.ncbi.nlm.nih.gov/17119542/,"Pain, Inflammation, Antioxidation & Anesthesia",false
PubMed,18088560,https://pubmed.ncbi.nlm.nih.gov/18088560/,"Pain, Inflammation, Antioxidation & Anesthesia",false
PubMed,18403272,https://pubmed.ncbi.nlm.nih.gov/18403272/,"Pain, Inflammation, Antioxidation & Anesthesia",false
PubMed,18602217,https://pubmed.ncbi.nlm.nih.gov/18602217/,"Pain, Inflammation, Antioxidation & Anesthesia",false
PubMed,18618522,https://pubmed.ncbi.nlm.nih.gov/18618522/,"Pain, Inflammation, Antioxidation & Anesthesia",false
PubMed,18804501,https://pubmed.ncbi.nlm.nih.gov/18804501/,"Pain, Inflammation, Antioxidation & Anesthesia",false
PubMed,19027877,https://pubmed.ncbi.nlm.nih.gov/19027877/,"Pain, Inflammation, Antioxidation & Anesthesia",false
PubMed,19042851,https://pubmed.ncbi.nlm.nih.gov/19042851/,"Pain, Inflammation, Antioxidation & Anesthesia",false
PubMed,19199042,https://pubmed.ncbi.nlm.nih.gov/19199042/,"Pain, Inflammation, Antioxidation & Anesthesia",false
PubMed,19789075,https://pubmed.ncbi.nlm.nih.gov/19789075/,"Pain, Inflammation, Antioxidation & Anesthesia",false
PubMed,19896326,https://pubmed.ncbi.nlm.nih.gov/19896326/,"Pain, Inflammation, Antioxidation & Anesthesia",false
PubMed,20191092,https://pubmed.ncbi.nlm.nih.gov/20191092/,"Pain, Inflammation, Antioxidation & Anesthesia",true
PubMed,20590571,https://pubmed.ncbi.nlm.nih.gov/20590571/,"Pain, Inflammation, Antioxidation & Anesthesia",false
PubMed,20805210,https://pubmed.ncbi.nlm.nih.gov/20805210/,"Pain, Inflammation, Antioxidation & Anesthesia",false
PubMed,20942863,https://pubmed.ncbi.nlm.nih.gov/20942863/,"Pain, Inflammation, Antioxidation & Anesthesia",false
PubMed,21238581,https://pubmed.ncbi.nlm.nih.gov/21238581/,"Pain, Inflammation, Antioxidation & Anesthesia",false
PubMed,21737705,https://pubmed.ncbi.nlm.nih.gov/21737705/,"Pain, Inflammation, Antioxidation & Anesthesia",false
PubMed,22354705,https://pubmed.ncbi.nlm.nih.gov/22354705/,"Pain, Inflammation, Antioxidation & Anesthesia",false
PubMed,22367503,https://pubmed.ncbi.nlm.nih.gov/22367503/,"Pain, Inflammation, Antioxidation & Anesthesia",false
PubMed,22613132,https://pubmed.ncbi.nlm.nih.gov/22613132/,"Pain, Inflammation, Antioxidation & Anesthesia",false
PubMed,22697514,https://pubmed.ncbi.nlm.nih.gov/22697514/,"Pain, Inflammation, Antioxidation & Anesthesia",false
PubMed,22749865,https://pubmed.ncbi.nlm.nih.gov/22749865/,"Pain, Inflammation, Antioxidation & Anesthesia",false
PubMed,22771770,https://pubmed.ncbi.nlm.nih.gov/22771770/,"Pain, Inflammation, Antioxidation & Anesthesia",false
PubMed,22785079,https://pubmed.ncbi.nlm.nih.gov/22785079/,"Pain, Inflammation, Antioxidation & Anesthesia",false
PubMed,22860203,https://pubmed.ncbi.nlm.nih.gov/22860203/,"Pain, Inflammation, Antioxidation & Anesthesia",false
PubMed,23278562,https://pubmed.ncbi.nlm.nih.gov/23278562/,"Pain, Inflammation, Antioxidation & Anesthesia",false
PubMed,23293857,https://pubmed.ncbi.nlm.nih.gov/23293857/,"Pain, Inflammation, Antioxidation & Anesthesia",false
PubMed,23623250,https://pubmed.ncbi.nlm.nih.gov/23623250/,"Pain, Inflammation, Antioxidation & Anesthesia",false
PubMed,23673278,https://pubmed.ncbi.nlm.nih.gov/23673278/,"Pain, Inflammation, Antioxidation & Anesthesia",false
PubMed,23764370,https://pubmed.ncbi.nlm.nih.gov/23764370/,"Pain, Inflammation, Antioxidation & Anesthesia",false
PubMed,24027286,https://pubmed.ncbi.nlm.nih.gov/24027286/,"Pain, Inflammation, Antioxidation & Anesthesia",false
PubMed,24210682,https://pubmed.ncbi.nlm.nih.gov/24210682/,"Pain, Inflammation, Antioxidation & Anesthesia",false
PubMed,24292843,https://pubmed.ncbi.nlm.nih.gov/24292843/,"Pain, Inflammation, Antioxidation & Anesthesia",false
PubMed,24420962,https://pubmed.ncbi.nlm.nih.gov/24420962/,"Pain, Inflammation, Antioxidation & Anesthesia",false
PubMed,24460677,https://pubmed.ncbi.nlm.nih.gov/24460677/,"Pain, Inflammation, Antioxidation & Anesthesia",false
PubMed,24494676,https://pubmed.ncbi.nlm.nih.gov/24494676/,"Pain, Inflammation, Antioxidation & Anesthesia",false
PubMed,24494680,https://pubmed.ncbi.nlm.nih.gov/24494680/,"Pain, Inflammation, Antioxidation & Anesthesia",false
PubMed,24508403,https://pubmed.ncbi.nlm.nih.gov/24508403/,"Pain, Inflammation, Antioxidation & Anesthesia",false
PubMed,24583930,https://pubmed.ncbi.nlm.nih.gov/24583930/,"Pain, Inflammation, Antioxidation & Anesthesia",false
PubMed,24636539,https://pubmed.ncbi.nlm.nih.gov/24636539/,"Pain, Inflammation, Antioxidation & Anesthesia",false
PubMed,24705380,https://pubmed.ncbi.nlm.nih.gov/24705380/,"Pain, Inflammation, Antioxidation & Anesthesia",false
PubMed,24845457,https://pubmed.ncbi.nlm.nih.gov/24845457/,"Pain, Inflammation, Antioxidation & Anesthesia",false
PubMed,24915599,https://pubmed.ncbi.nlm.nih.gov/24915599/,"Pain, Inflammation, Antioxidation & Anesthesia",false
PubMed,24952959,https://pubmed.ncbi.nlm.nih.gov/24952959/,"Pain, Inflammation, Antioxidation & Anesthesia",false
PubMed,24977967,https://pubmed.ncbi.nlm.nih.gov/24977967/,"Pain, Inflammation, Antioxidation & Anesthesia",false
PubMed,25118789,https://pubmed.ncbi.nlm.nih.gov/25118789/,"Pain, Inflammation, Antioxidation & Anesthesia",false
PubMed,25485642,https://pubmed.ncbi.nlm.nih.gov/25485642/,"Pain, Inflammation, Antioxidation & Anesthesia",false
PubMed,25533893,https://pubmed.ncbi.nlm.nih.gov/25533893/,"Pain, Inflammation, Antioxidation & Anesthesia",false
PubMed,25703248,https://pubmed.ncbi.nlm.nih.gov/25703248/,"Pain, Inflammation, Antioxidation & Anesthesia",false
PubMed,25796592,https://pubmed.ncbi.nlm.nih.gov/25796592/,"Pain, Inflammation, Antioxidation & Anesthesia",false
PubMed,25863168,https://pubmed.ncbi.nlm.nih.gov/25863168/,"Pain, Inflammation, Antioxidation & Anesthesia",false
PubMed,25877930,https://pubmed.ncbi.nlm.nih.gov/25877930/,"Pain, Inflammation, Antioxidation & Anesthesia",false
PubMed,25910421,https://pubmed.ncbi.nlm.nih.gov/25910421/,"Pain, Inflammation, Antioxidation & Anesthesia",false
PubMed,26325095,https://pubmed.ncbi.nlm.nih.gov/26325095/,"Pain, Inflammation, Antioxidation & Anesthesia",false
PubMed,26398331,https://pubmed.ncbi.nlm.nih.gov/26398331/,"Pain, Inflammation, Antioxidation & Anesthesia",false
PubMed,26514581,https://pubmed.ncbi.nlm.nih.gov/26514581/,"Pain, Inflammation, Antioxidation & Anesthesia",false
PubMed,26720619,https://pubmed.ncbi.nlm.nih.gov/26720619/,"Pain, Inflammation, Antioxidation & Anesthesia",false
PubMed,26749285,https://pubmed.ncbi.nlm.nih.gov/26749285/,"Pain, Inflammation, Antioxidation & Anesthesia",false
PubMed,26791602,https://pubmed.ncbi.nlm.nih.gov/26791602/,"Pain, Inflammation, Antioxidation & Anesthesia",false
PubMed,26822791,https://pubmed.ncbi.nlm.nih.gov/26822791/,"Pain, Inflammation, Antioxidation & Anesthesia",false
PubMed,27001005,https://pubmed.ncbi.nlm.nih.gov/27001005/,"Pain, Inflammation, Antioxidation & Anesthesia",false
PubMed,27240888,https://pubmed.ncbi.nlm.nih.gov/27240888/,"Pain, Inflammation, Antioxidation & Anesthesia",false
PubMed,27402121,https://pubmed.ncbi.nlm.nih.gov/27402121/,"Pain, Inflammation, Antioxidation & Anesthesia",false
PubMed,27713370,https://pubmed.ncbi.nlm.nih.gov/27713370/,"Pain, Inflammation, Antioxidation & Anesthesia",false
PubMed,28097916,https://pubmed.ncbi.nlm.nih.gov/28097916/,"Pain, Inflammation, Antioxidation & Anesthesia",false
PubMed,28281107,https://pubmed.ncbi.nlm.nih.gov/28281107/,"Pain, Inflammation, Antioxidation & Anesthesia",false
PubMed,28548225,https://pubmed.ncbi.nlm.nih.gov/28548225/,"Pain, Inflammation, Antioxidation & Anesthesia",false
PubMed,28758944,https://pubmed.ncbi.nlm.nih.gov/28758944/,"Pain, Inflammation, Antioxidation & Anesthesia",false
PubMed,28771697,https://pubmed.ncbi.nlm.nih.gov/28771697/,"Pain, Inflammation, Antioxidation & Anesthesia",false
PubMed,28861505,https://pubmed.ncbi.nlm.nih.gov/28861505/,"Pain, Inflammation, Antioxidation & Anesthesia",false
PubMed,28945457,https://pubmed.ncbi.nlm.nih.gov/28945457/,"Pain, Inflammation, Antioxidation & Anesthesia",false
PubMed,29111112,https://pubmed.ncbi.nlm.nih.gov/29111112/,"Pain, Inflammation, Antioxidation & Anesthesia",false
PubMed,29118192,https://pubmed.ncbi.nlm.nih.gov/29118192/,"Pain, Inflammation, Antioxidation & Anesthesia",false
PubMed,29434586,https://pubmed.ncbi.nlm.nih.gov/29434586/,"Pain, Inflammation, Antioxidation & Anesthesia",false
PubMed,29513392,https://pubmed.ncbi.nlm.nih.gov/29513392/,"Pain, Inflammation, Antioxidation & Anesthesia",true
PubMed,29615860,https://pubmed.ncbi.nlm.nih.gov/29615860/,"Pain, Inflammation, Antioxidation & Anesthesia",false
PubMed,29740328,https://pubmed.ncbi.nlm.nih.gov/29740328/,"Pain, Inflammation, Antioxidation & Anesthesia",false
PubMed,29797104,https://pubmed.ncbi.nlm.nih.gov/29797104/,"Pain, Inflammation, Antioxidation & Anesthesia",false
PubMed,29863609,https://pubmed.ncbi.nlm.nih.gov/29863609/,"Pain, Inflammation, Antioxidation & Anesthesia",false
PubMed,29966400,https://pubmed.ncbi.nlm.nih.gov/29966400/,"Pain, Inflammation, Antioxidation & Anesthesia",false
PubMed,30102253,https://pubmed.ncbi.nlm.nih.gov/30102253/,"Pain, Inflammation, Antioxidation & Anesthesia",false
PubMed,30170186,https://pubmed.ncbi.nlm.nih.gov/30170186/,"Pain, Inflammation, Antioxidation & Anesthesia",false
PubMed,30225378,https://pubmed.ncbi.nlm.nih.gov/30225378/,"Pain, Inflammation, Antioxidation & Anesthesia",false
PubMed,30225659,https://pubmed.ncbi.nlm.nih.gov/30225659/,"Pain, Inflammation, Antioxidation & Anesthesia",false
PubMed,30262735,https://pubmed.ncbi.nlm.nih.gov/30262735/,"Pain, Inflammation, Antioxidation & Anesthesia",false
PubMed,30691004,https://pubmed.ncbi.nlm.nih.gov/30691004/,"Pain, Inflammation, Antioxidation & Anesthesia",false
PubMed,30718662,https://pubmed.ncbi.nlm.nih.gov/30718662/,"Pain, Inflammation, Antioxidation & Anesthesia",false
PubMed,30721403,https://pubmed.ncbi.nlm.nih.gov/30721403/,"Pain, Inflammation, Antioxidation & Anesthesia",false
PubMed,31096838,https://pubmed.ncbi.nlm.nih.gov/31096838/,"Pain, Inflammation, Antioxidation & Anesthesia",false
PubMed,31097758,https://pubmed.ncbi.nlm.nih.gov/31097758/,"Pain, Inflammation, Antioxidation & Anesthesia",false
PubMed,31120281,https://pubmed.ncbi.nlm.nih.gov/31120281/,"Pain, Inflammation, Antioxidation & Anesthesia",false
PubMed,31129977,https://pubmed.ncbi.nlm.nih.gov/31129977/,"Pain, Inflammation, Antioxidation & Anesthesia",false
PubMed,31158702,https://pubmed.ncbi.nlm.nih.gov/31158702/,"Pain, Inflammation, Antioxidation & Anesthesia",false
PubMed,31190969,https://pubmed.ncbi.nlm.nih.gov/31190969/,"Pain, Inflammation, Antioxidation & Anesthesia",false
PubMed,31218677,https://pubmed.ncbi.nlm.nih.gov/31218677/,"Pain, Inflammation, Antioxidation & Anesthesia",false
PubMed,31311288,https://pubmed.ncbi.nlm.nih.gov/31311288/,"Pain, Inflammation, Antioxidation & Anesthesia",false
PubMed,31318364,https://pubmed.ncbi.nlm.nih.gov/31318364/,"Pain, Inflammation, Antioxidation & Anesthesia",false
PubMed,31330139,https://pubmed.ncbi.nlm.nih.gov/31330139/,"Pain, Inflammation, Antioxidation & Anesthesia",false
PubMed,31335650,https://pubmed.ncbi.nlm.nih.gov/31335650/,"Pain, Inflammation, Antioxidation & Anesthesia",false
PubMed,31354896,https://pubmed.ncbi.nlm.nih.gov/31354896/,"Pain, Inflammation, Antioxidation & Anesthesia",false
PubMed,31405787,https://pubmed.ncbi.nlm.nih.gov/31405787/,"Pain, Inflammation, Antioxidation & Anesthesia",false
PubMed,31464475,https://pubmed.ncbi.nlm.nih.gov/31464475/,"Pain, Inflammation, Antioxidation & Anesthesia",false
PubMed,31495691,https://pubmed.ncbi.nlm.nih.gov/31495691/,"Pain, Inflammation, Antioxidation & Anesthesia",false
PubMed,31525567,https://pubmed.ncbi.nlm.nih.gov/31525567/,"Pain, Inflammation, Antioxidation & Anesthesia",false
PubMed,31544609,https://pubmed.ncbi.nlm.nih.gov/31544609/,"Pain, Inflammation, Antioxidation & Anesthesia",false
PubMed,31629892,https://pubmed.ncbi.nlm.nih.gov/31629892/,"Pain, Inflammation, Antioxidation & Anesthesia",false
PubMed,31715263,https://pubmed.ncbi.nlm.nih.gov/31715263/,"Pain, Inflammation, Antioxidation & Anesthesia",false
PubMed,31793418,https://pubmed.ncbi.nlm.nih.gov/31793418/,"Pain, Inflammation, Antioxidation & Anesthesia",false
PubMed,31806570,https://pubmed.ncbi.nlm.nih.gov/31806570/,"Pain, Inflammation, Antioxidation & Anesthesia",false
PubMed,31872058,https://pubmed.ncbi.nlm.nih.gov/31872058/,"Pain, Inflammation, Antioxidation & Anesthesia",false
PubMed,31881765,https://pubmed.ncbi.nlm.nih.gov/31881765/,"Pain, Inflammation, Antioxidation & Anesthesia",false
PubMed,31938604,https://pubmed.ncbi.nlm.nih.gov/31938604/,"Pain, Inflammation, Antioxidation & Anesthesia",false
PubMed,31980957,https://pubmed.ncbi.nlm.nih.gov/31980957/,"Pain, Inflammation, Antioxidation & Anesthesia",false
PubMed,32104061,https://pubmed.ncbi.nlm.nih.gov/32104061/,"Pain, Inflammation, Antioxidation & Anesthesia",false
PubMed,32167427,https://pubmed.ncbi.nlm.nih.gov/32167427/,"Pain, Inflammation, Antioxidation & Anesthesia",false
PubMed,32179573,https://pubmed.ncbi.nlm.nih.gov/32179573/,"Pain, Inflammation, Antioxidation & Anesthesia",false
PubMed,32201189,https://pubmed.ncbi.nlm.nih.gov/32201189/,"Pain, Inflammation, Antioxidation & Anesthesia",false
PubMed,32232476,https://pubmed.ncbi.nlm.nih.gov/32232476/,"Pain, Inflammation, Antioxidation & Anesthesia",false
PubMed,32326173,https://pubmed.ncbi.nlm.nih.gov/32326173/,"Pain, Inflammation, Antioxidation & Anesthesia",false
PubMed,32421842,https://pubmed.ncbi.nlm.nih.gov/32421842/,"Pain, Inflammation, Antioxidation & Anesthesia",false
PubMed,32425793,https://pubmed.ncbi.nlm.nih.gov/32425793/,"Pain, Inflammation, Antioxidation & Anesthesia",false
PubMed,32433075,https://pubmed.ncbi.nlm.nih.gov/32433075/,"Pain, Inflammation, Antioxidation & Anesthesia",false
PubMed,32544481,https://pubmed.ncbi.nlm.nih.gov/32544481/,"Pain, Inflammation, Antioxidation & Anesthesia",false
PubMed,32551466,https://pubmed.ncbi.nlm.nih.gov/32551466/,"Pain, Inflammation, Antioxidation & Anesthesia",false
PubMed,32656349,https://pubmed.ncbi.nlm.nih.gov/32656349/,"Pain, Inflammation, Antioxidation & Anesthesia",false
PubMed,32673629,https://pubmed.ncbi.nlm.nih.gov/32673629/,"Pain, Inflammation, Antioxidation & Anesthesia",false
PubMed,32727084,https://pubmed.ncbi.nlm.nih.gov/32727084/,"Pain, Inflammation, Antioxidation & Anesthesia",false
PubMed,32766463,https://pubmed.ncbi.nlm.nih.gov/32766463/,"Pain, Inflammation, Antioxidation & Anesthesia",false
PubMed,32781705,https://pubmed.ncbi.nlm.nih.gov/32781705/,"Pain, Inflammation, Antioxidation & Anesthesia",false
PubMed,32857187,https://pubmed.ncbi.nlm.nih.gov/32857187/,"Pain, Inflammation, Antioxidation & Anesthesia",false
PubMed,32885502,https://pubmed.ncbi.nlm.nih.gov/32885502/,"Pain, Inflammation, Antioxidation & Anesthesia",false
PubMed,32896549,https://pubmed.ncbi.nlm.nih.gov/32896549/,"Pain, Inflammation, Antioxidation & Anesthesia",false
PubMed,32916536,https://pubmed.ncbi.nlm.nih.gov/32916536/,"Pain, Inflammation, Antioxidation & Anesthesia",false
PubMed,32923663,https://pubmed.ncbi.nlm.nih.gov/32923663/,"Pain, Inflammation, Antioxidation & Anesthesia",false
PubMed,32982390,https://pubmed.ncbi.nlm.nih.gov/32982390/,"Pain, Inflammation, Antioxidation & Anesthesia",false
PubMed,33002174,https://pubmed.ncbi.nlm.nih.gov/33002174/,"Pain, Inflammation, Antioxidation & Anesthesia",false
PubMed,33105840,https://pubmed.ncbi.nlm.nih.gov/33105840/,"Pain, Inflammation, Antioxidation & Anesthesia",false
PubMed,33129489,https://pubmed.ncbi.nlm.nih.gov/33129489/,"Pain, Inflammation, Antioxidation & Anesthesia",false
PubMed,33129939,https://pubmed.ncbi.nlm.nih.gov/33129939/,"Pain, Inflammation, Antioxidation & Anesthesia",false
PubMed,33238607,https://pubmed.ncbi.nlm.nih.gov/33238607/,"Pain, Inflammation, Antioxidation & Anesthesia",false
PubMed,33239391,https://pubmed.ncbi.nlm.nih.gov/33239391/,"Pain, Inflammation, Antioxidation & Anesthesia",false
PubMed,33331440,https://pubmed.ncbi.nlm.nih.gov/33331440/,"Pain, Inflammation, Antioxidation & Anesthesia",false
PubMed,33353819,https://pubmed.ncbi.nlm.nih.gov/33353819/,"Pain, Inflammation, Antioxidation & Anesthesia",false
PubMed,33367882,https://pubmed.ncbi.nlm.nih.gov/33367882/,"Pain, Inflammation, Antioxidation & Anesthesia",false
PubMed,33406408,https://pubmed.ncbi.nlm.nih.gov/33406408/,"Pain, Inflammation, Antioxidation & Anesthesia",false
PubMed,33530477,https://pubmed.ncbi.nlm.nih.gov/33530477/,"Pain, Inflammation, Antioxidation & Anesthesia",false
PubMed,33534356,https://pubmed.ncbi.nlm.nih.gov/33534356/,"Pain, Inflammation, Antioxidation & Anesthesia",false
PubMed,33561282,https://pubmed.ncbi.nlm.nih.gov/33561282/,"Pain, Inflammation, Antioxidation & Anesthesia",false
PubMed,33584697,https://pubmed.ncbi.nlm.nih.gov/33584697/,"Pain, Inflammation, Antioxidation & Anesthesia",false
PubMed,33587406,https://pubmed.ncbi.nlm.nih.gov/33587406/,"Pain, Inflammation, Antioxidation & Anesthesia",false
PubMed,33654018,https://pubmed.ncbi.nlm.nih.gov/33654018/,"Pain, Inflammation, Antioxidation & Anesthesia",false
PubMed,33693301,https://pubmed.ncbi.nlm.nih.gov/33693301/,"Pain, Inflammation, Antioxidation & Anesthesia",false
PubMed,33703917,https://pubmed.ncbi.nlm.nih.gov/33703917/,"Pain, Inflammation, Antioxidation & Anesthesia",false
PubMed,33709984,https://pubmed.ncbi.nlm.nih.gov/33709984/,"Pain, Inflammation, Antioxidation & Anesthesia",false
PubMed,33712283,https://pubmed.ncbi.nlm.nih.gov/33712283/,"Pain, Inflammation, Antioxidation & Anesthesia",false
PubMed,33715044,https://pubmed.ncbi.nlm.nih.gov/33715044/,"Pain, Inflammation, Antioxidation & Anesthesia",false
PubMed,33722712,https://pubmed.ncbi.nlm.nih.gov/33722712/,"Pain, Inflammation, Antioxidation & Anesthesia",false
PubMed,33729209,https://pubmed.ncbi.nlm.nih.gov/33729209/,"Pain, Inflammation, Antioxidation & Anesthesia",false
PubMed,33729211,https://pubmed.ncbi.nlm.nih.gov/33729211/,"Pain, Inflammation, Antioxidation & Anesthesia",false
PubMed,33741405,https://pubmed.ncbi.nlm.nih.gov/33741405/,"Pain, Inflammation, Antioxidation & Anesthesia",false
PubMed,33745983,https://pubmed.ncbi.nlm.nih.gov/33745983/,"Pain, Inflammation, Antioxidation & Anesthesia",false
PubMed,33759484,https://pubmed.ncbi.nlm.nih.gov/33759484/,"Pain, Inflammation, Antioxidation & Anesthesia",false
PubMed,33764103,https://pubmed.ncbi.nlm.nih.gov/33764103/,"Pain, Inflammation, Antioxidation & Anesthesia",false
PubMed,33783763,https://pubmed.ncbi.nlm.nih.gov/33783763/,"Pain, Inflammation, Antioxidation & Anesthesia",false
PubMed,33826922,https://pubmed.ncbi.nlm.nih.gov/33826922/,"Pain, Inflammation, Antioxidation & Anesthesia",false
PubMed,33846971,https://pubmed.ncbi.nlm.nih.gov/33846971/,"Pain, Inflammation, Antioxidation & Anesthesia",false
PubMed,33861675,https://pubmed.ncbi.nlm.nih.gov/33861675/,"Pain, Inflammation, Antioxidation & Anesthesia",false
PubMed,33879842,https://pubmed.ncbi.nlm.nih.gov/33879842/,"Pain, Inflammation, Antioxidation & Anesthesia",false
PubMed,33887904,https://pubmed.ncbi.nlm.nih.gov/33887904/,"Pain, Inflammation, Antioxidation & Anesthesia",false
PubMed,33909195,https://pubmed.ncbi.nlm.nih.gov/33909195/,"Pain, Inflammation, Antioxidation & Anesthesia",false
PubMed,33912678,https://pubmed.ncbi.nlm.nih.gov/33912678/,"Pain, Inflammation, Antioxidation & Anesthesia",false
PubMed,33998864,https://pubmed.ncbi.nlm.nih.gov/33998864/,"Pain, Inflammation, Antioxidation & Anesthesia",false
PubMed,33998903,https://pubmed.ncbi.nlm.nih.gov/33998903/,"Pain, Inflammation, Antioxidation & Anesthesia",false
PubMed,34052856,https://pubmed.ncbi.nlm.nih.gov/34052856/,"Pain, Inflammation, Antioxidation & Anesthesia",false
PubMed,34072930,https://pubmed.ncbi.nlm.nih.gov/34072930/,"Pain, Inflammation, Antioxidation & Anesthesia",false
PubMed,34086631,https://pubmed.ncbi.nlm.nih.gov/34086631/,"Pain, Inflammation, Antioxidation & Anesthesia",false
PubMed,34131037,https://pubmed.ncbi.nlm.nih.gov/34131037/,"Pain, Inflammation, Antioxidation & Anesthesia",false
PubMed,34138827,https://pubmed.ncbi.nlm.nih.gov/34138827/,"Pain, Inflammation, Antioxidation & Anesthesia",false
PubMed,34223660,https://pubmed.ncbi.nlm.nih.gov/34223660/,"Pain, Inflammation, Antioxidation & Anesthesia",false
PubMed,34227872,https://pubmed.ncbi.nlm.nih.gov/34227872/,"Pain, Inflammation, Antioxidation & Anesthesia",false
PubMed,34251840,https://pubmed.ncbi.nlm.nih.gov/34251840/,"Pain, Inflammation, Antioxidation & Anesthesia",false
PubMed,34274349,https://pubmed.ncbi.nlm.nih.gov/34274349/,"Pain, Inflammation, Antioxidation & Anesthesia",false
PubMed,34285125,https://pubmed.ncbi.nlm.nih.gov/34285125/,"Pain, Inflammation, Antioxidation & Anesthesia",false
PubMed,34324957,https://pubmed.ncbi.nlm.nih.gov/34324957/,"Pain, Inflammation, Antioxidation & Anesthesia",false
PubMed,34338621,https://pubmed.ncbi.nlm.nih.gov/34338621/,"Pain, Inflammation, Antioxidation & Anesthesia",false
PubMed,34347088,https://pubmed.ncbi.nlm.nih.gov/34347088/,"Pain, Inflammation, Antioxidation & Anesthesia",false
PubMed,34361704,https://pubmed.ncbi.nlm.nih.gov/34361704/,"Pain, Inflammation, Antioxidation & Anesthesia",false
PubMed,34398938,https://pubmed.ncbi.nlm.nih.gov/34398938/,"Pain, Inflammation, Antioxidation & Anesthesia",false
PubMed,34467511,https://pubmed.ncbi.nlm.nih.gov/34467511/,"Pain, Inflammation, Antioxidation & Anesthesia",false
PubMed,34480564,https://pubmed.ncbi.nlm.nih.gov/34480564/,"Pain, Inflammation, Antioxidation & Anesthesia",false
PubMed,34480749,https://pubmed.ncbi.nlm.nih.gov/34480749/,"Pain, Inflammation, Antioxidation & Anesthesia",false
PubMed,34511153,https://pubmed.ncbi.nlm.nih.gov/34511153/,"Pain, Inflammation, Antioxidation & Anesthesia",false
PubMed,34515130,https://pubmed.ncbi.nlm.nih.gov/34515130/,"Pain, Inflammation, Antioxidation & Anesthesia",false
PubMed,34521640,https://pubmed.ncbi.nlm.nih.gov/34521640/,"Pain, Inflammation, Antioxidation & Anesthesia",false
PubMed,34624164,https://pubmed.ncbi.nlm.nih.gov/34624164/,"Pain, Inflammation, Antioxidation & Anesthesia",false
PubMed,34663685,https://pubmed.ncbi.nlm.nih.gov/34663685/,"Pain, Inflammation, Antioxidation & Anesthesia",false
PubMed,34767730,https://pubmed.ncbi.nlm.nih.gov/34767730/,"Pain, Inflammation, Antioxidation & Anesthesia",false
PubMed,34774500,https://pubmed.ncbi.nlm.nih.gov/34774500/,"Pain, Inflammation, Antioxidation & Anesthesia",false
PubMed,34792764,https://pubmed.ncbi.nlm.nih.gov/34792764/,"Pain, Inflammation, Antioxidation & Anesthesia",false
PubMed,34794001,https://pubmed.ncbi.nlm.nih.gov/34794001/,"Pain, Inflammation, Antioxidation & Anesthesia",false
PubMed,34800285,https://pubmed.ncbi.nlm.nih.gov/34800285/,"Pain, Inflammation, Antioxidation & Anesthesia",false
PubMed,34802112,https://pubmed.ncbi.nlm.nih.gov/34802112/,"Pain, Inflammation, Antioxidation & Anesthesia",false
PubMed,34811740,https://pubmed.ncbi.nlm.nih.gov/34811740/,"Pain, Inflammation, Antioxidation & Anesthesia",false
PubMed,34844727,https://pubmed.ncbi.nlm.nih.gov/34844727/,"Pain, Inflammation, Antioxidation & Anesthesia",false
PubMed,34846928,https://pubmed.ncbi.nlm.nih.gov/34846928/,"Pain, Inflammation, Antioxidation & Anesthesia",false
PubMed,34882379,https://pubmed.ncbi.nlm.nih.gov/34882379/,"Pain, Inflammation, Antioxidation & Anesthesia",false
PubMed,34904193,https://pubmed.ncbi.nlm.nih.gov/34904193/,"Pain, Inflammation, Antioxidation & Anesthesia",false
PubMed,34937477,https://pubmed.ncbi.nlm.nih.gov/34937477/,"Pain, Inflammation, Antioxidation & Anesthesia",false
PubMed,34973920,https://pubmed.ncbi.nlm.nih.gov/34973920/,"Pain, Inflammation, Antioxidation & Anesthesia",false
PubMed,34997430,https://pubmed.ncbi.nlm.nih.gov/34997430/,"Pain, Inflammation, Antioxidation & Anesthesia",false
PubMed,35004055,https://pubmed.ncbi.nlm.nih.gov/35004055/,"Pain, Inflammation, Antioxidation & Anesthesia",false
PubMed,35012994,https://pubmed.ncbi.nlm.nih.gov/35012994/,"Pain, Inflammation, Antioxidation & Anesthesia",false
PubMed,35016733,https://pubmed.ncbi.nlm.nih.gov/35016733/,"Pain, Inflammation, Antioxidation & Anesthesia",false
PubMed,35032552,https://pubmed.ncbi.nlm.nih.gov/35032552/,"Pain, Inflammation, Antioxidation & Anesthesia",false
PubMed,35050393,https://pubmed.ncbi.nlm.nih.gov/35050393/,"Pain, Inflammation, Antioxidation & Anesthesia",false
PubMed,35051158,https://pubmed.ncbi.nlm.nih.gov/35051158/,"Pain, Inflammation, Antioxidation & Anesthesia",false
PubMed,35056095,https://pubmed.ncbi.nlm.nih.gov/35056095/,"Pain, Inflammation, Antioxidation & Anesthesia",false
PubMed,35104881,https://pubmed.ncbi.nlm.nih.gov/35104881/,"Pain, Inflammation, Antioxidation & Anesthesia",false
PubMed,35119602,https://pubmed.ncbi.nlm.nih.gov/35119602/,"Pain, Inflammation, Antioxidation & Anesthesia",false
PubMed,35128969,https://pubmed.ncbi.nlm.nih.gov/35128969/,"Pain, Inflammation, Antioxidation & Anesthesia",false
PubMed,35132567,https://pubmed.ncbi.nlm.nih.gov/35132567/,"Pain, Inflammation, Antioxidation & Anesthesia",false
PubMed,35140513,https://pubmed.ncbi.nlm.nih.gov/35140513/,"Pain, Inflammation, Antioxidation & Anesthesia",false
PubMed,35153513,https://pubmed.ncbi.nlm.nih.gov/35153513/,"Pain, Inflammation, Antioxidation & Anesthesia",false
PubMed,35160010,https://pubmed.ncbi.nlm.nih.gov/35160010/,"Pain, Inflammation, Antioxidation & Anesthesia",false
PubMed,35171881,https://pubmed.ncbi.nlm.nih.gov/35171881/,"Pain, Inflammation, Antioxidation & Anesthesia",false
PubMed,35179780,https://pubmed.ncbi.nlm.nih.gov/35179780/,"Pain, Inflammation, Antioxidation & Anesthesia",false
PubMed,35202866,https://pubmed.ncbi.nlm.nih.gov/35202866/,"Pain, Inflammation, Antioxidation & Anesthesia",false
PubMed,35224431,https://pubmed.ncbi.nlm.nih.gov/35224431/,"Pain, Inflammation, Antioxidation & Anesthesia",false
PubMed,35226977,https://pubmed.ncbi.nlm.nih.gov/35226977/,"Pain, Inflammation, Antioxidation & Anesthesia",false
PubMed,35239547,https://pubmed.ncbi.nlm.nih.gov/35239547/,"Pain, Inflammation, Antioxidation & Anesthesia",false
PubMed,35253178,https://pubmed.ncbi.nlm.nih.gov/35253178/,"Pain, Inflammation, Antioxidation & Anesthesia",false
PubMed,35384481,https://pubmed.ncbi.nlm.nih.gov/35384481/,"Pain, Inflammation, Antioxidation & Anesthesia",false
PubMed,35390457,https://pubmed.ncbi.nlm.nih.gov/35390457/,"Pain, Inflammation, Antioxidation & Anesthesia",false
PubMed,35438555,https://pubmed.ncbi.nlm.nih.gov/35438555/,"Pain, Inflammation, Antioxidation & Anesthesia",false
PubMed,35467781,https://pubmed.ncbi.nlm.nih.gov/35467781/,"Pain, Inflammation, Antioxidation & Anesthesia",false
PubMed,35476908,https://pubmed.ncbi.nlm.nih.gov/35476908/,"Pain, Inflammation, Antioxidation & Anesthesia",false
PubMed,35502947,https://pubmed.ncbi.nlm.nih.gov/35502947/,"Pain, Inflammation, Antioxidation & Anesthesia",false
PubMed,35534020,https://pubmed.ncbi.nlm.nih.gov/35534020/,"Pain, Inflammation, Antioxidation & Anesthesia",false
PubMed,35551150,https://pubmed.ncbi.nlm.nih.gov/35551150/,"Pain, Inflammation, Antioxidation & Anesthesia",false
PubMed,35593277,https://pubmed.ncbi.nlm.nih.gov/35593277/,"Pain, Inflammation, Antioxidation & Anesthesia",false
PubMed,35598579,https://pubmed.ncbi.nlm.nih.gov/35598579/,"Pain, Inflammation, Antioxidation & Anesthesia",false
PubMed,35612493,https://pubmed.ncbi.nlm.nih.gov/35612493/,"Pain, Inflammation, Antioxidation & Anesthesia",false
PubMed,35614947,https://pubmed.ncbi.nlm.nih.gov/35614947/,"Pain, Inflammation, Antioxidation & Anesthesia",false
PubMed,35620248,https://pubmed.ncbi.nlm.nih.gov/35620248/,"Pain, Inflammation, Antioxidation & Anesthesia",false
PubMed,35652734,https://pubmed.ncbi.nlm.nih.gov/35652734/,"Pain, Inflammation, Antioxidation & Anesthesia",false
PubMed,35667063,https://pubmed.ncbi.nlm.nih.gov/35667063/,"Pain, Inflammation, Antioxidation & Anesthesia",false
PubMed,35667066,https://pubmed.ncbi.nlm.nih.gov/35667066/,"Pain, Inflammation, Antioxidation & Anesthesia",false
PubMed,35711271,https://pubmed.ncbi.nlm.nih.gov/35711271/,"Pain, Inflammation, Antioxidation & Anesthesia",false
PubMed,35775024,https://pubmed.ncbi.nlm.nih.gov/35775024/,"Pain, Inflammation, Antioxidation & Anesthesia",false
PubMed,35799128,https://pubmed.ncbi.nlm.nih.gov/35799128/,"Pain, Inflammation, Antioxidation & Anesthesia",false
PubMed,35821925,https://pubmed.ncbi.nlm.nih.gov/35821925/,"Pain, Inflammation, Antioxidation & Anesthesia",false
PubMed,35849499,https://pubmed.ncbi.nlm.nih.gov/35849499/,"Pain, Inflammation, Antioxidation & Anesthesia",false
PubMed,35858162,https://pubmed.ncbi.nlm.nih.gov/35858162/,"Pain, Inflammation, Antioxidation & Anesthesia",false
PubMed,35860716,https://pubmed.ncbi.nlm.nih.gov/35860716/,"Pain, Inflammation, Antioxidation & Anesthesia",false
PubMed,35867598,https://pubmed.ncbi.nlm.nih.gov/35867598/,"Pain, Inflammation, Antioxidation & Anesthesia",false
PubMed,35884902,https://pubmed.ncbi.nlm.nih.gov/35884902/,"Pain, Inflammation, Antioxidation & Anesthesia",false
PubMed,35893735,https://pubmed.ncbi.nlm.nih.gov/35893735/,"Pain, Inflammation, Antioxidation & Anesthesia",false
PubMed,35926992,https://pubmed.ncbi.nlm.nih.gov/35926992/,"Pain, Inflammation, Antioxidation & Anesthesia",false
PubMed,35932800,https://pubmed.ncbi.nlm.nih.gov/35932800/,"Pain, Inflammation, Antioxidation & Anesthesia",false
PubMed,35950052,https://pubmed.ncbi.nlm.nih.gov/35950052/,"Pain, Inflammation, Antioxidation & Anesthesia",false
PubMed,35955774,https://pubmed.ncbi.nlm.nih.gov/35955774/,"Pain, Inflammation, Antioxidation & Anesthesia",false
PubMed,35977118,https://pubmed.ncbi.nlm.nih.gov/35977118/,"Pain, Inflammation, Antioxidation & Anesthesia",false
PubMed,35977124,https://pubmed.ncbi.nlm.nih.gov/35977124/,"Pain, Inflammation, Antioxidation & Anesthesia",false
PubMed,35984662,https://pubmed.ncbi.nlm.nih.gov/35984662/,"Pain, Inflammation, Antioxidation & Anesthesia",false
PubMed,35986814,https://pubmed.ncbi.nlm.nih.gov/35986814/,"Pain, Inflammation, Antioxidation & Anesthesia",false
PubMed,36015298,https://pubmed.ncbi.nlm.nih.gov/36015298/,"Pain, Inflammation, Antioxidation & Anesthesia",false
PubMed,36028000,https://pubmed.ncbi.nlm.nih.gov/36028000/,"Pain, Inflammation, Antioxidation & Anesthesia",false
PubMed,36055965,https://pubmed.ncbi.nlm.nih.gov/36055965/,"Pain, Inflammation, Antioxidation & Anesthesia",false
PubMed,36080443,https://pubmed.ncbi.nlm.nih.gov/36080443/,"Pain, Inflammation, Antioxidation & Anesthesia",false
PubMed,36086988,https://pubmed.ncbi.nlm.nih.gov/36086988/,"Pain, Inflammation, Antioxidation & Anesthesia",false
PubMed,36103283,https://pubmed.ncbi.nlm.nih.gov/36103283/,"Pain, Inflammation, Antioxidation & Anesthesia",false
PubMed,36104448,https://pubmed.ncbi.nlm.nih.gov/36104448/,"Pain, Inflammation, Antioxidation & Anesthesia",false
PubMed,36121021,https://pubmed.ncbi.nlm.nih.gov/36121021/,"Pain, Inflammation, Antioxidation & Anesthesia",false
PubMed,36122809,https://pubmed.ncbi.nlm.nih.gov/36122809/,"Pain, Inflammation, Antioxidation & Anesthesia",false
PubMed,36129515,https://pubmed.ncbi.nlm.nih.gov/36129515/,"Pain, Inflammation, Antioxidation & Anesthesia",false
PubMed,36129666,https://pubmed.ncbi.nlm.nih.gov/36129666/,"Pain, Inflammation, Antioxidation & Anesthesia",false
PubMed,36156300,https://pubmed.ncbi.nlm.nih.gov/36156300/,"Pain, Inflammation, Antioxidation & Anesthesia",false
PubMed,36158462,https://pubmed.ncbi.nlm.nih.gov/36158462/,"Pain, Inflammation, Antioxidation & Anesthesia",false
PubMed,36164439,https://pubmed.ncbi.nlm.nih.gov/36164439/,"Pain, Inflammation, Antioxidation & Anesthesia",false
PubMed,36168127,https://pubmed.ncbi.nlm.nih.gov/36168127/,"Pain, Inflammation, Antioxidation & Anesthesia",false
PubMed,36193548,https://pubmed.ncbi.nlm.nih.gov/36193548/,"Pain, Inflammation, Antioxidation & Anesthesia",false
PubMed,36198205,https://pubmed.ncbi.nlm.nih.gov/36198205/,"Pain, Inflammation, Antioxidation & Anesthesia",false
PubMed,36199181,https://pubmed.ncbi.nlm.nih.gov/36199181/,"Pain, Inflammation, Antioxidation & Anesthesia",false
PubMed,36223199,https://pubmed.ncbi.nlm.nih.gov/36223199/,"Pain, Inflammation, Antioxidation & Anesthesia",false
PubMed,36232883,https://pubmed.ncbi.nlm.nih.gov/36232883/,"Pain, Inflammation, Antioxidation & Anesthesia",false
PubMed,36269560,https://pubmed.ncbi.nlm.nih.gov/36269560/,"Pain, Inflammation, Antioxidation & Anesthesia",false
PubMed,36289810,https://pubmed.ncbi.nlm.nih.gov/36289810/,"Pain, Inflammation, Antioxidation & Anesthesia",false
PubMed,36292717,https://pubmed.ncbi.nlm.nih.gov/36292717/,"Pain, Inflammation, Antioxidation & Anesthesia",false
PubMed,36355044,https://pubmed.ncbi.nlm.nih.gov/36355044/,"Pain, Inflammation, Antioxidation & Anesthesia",false
PubMed,36356937,https://pubmed.ncbi.nlm.nih.gov/36356937/,"Pain, Inflammation, Antioxidation & Anesthesia",false
PubMed,36360283,https://pubmed.ncbi.nlm.nih.gov/36360283/,"Pain, Inflammation, Antioxidation & Anesthesia",false
PubMed,36394124,https://pubmed.ncbi.nlm.nih.gov/36394124/,"Pain, Inflammation, Antioxidation & Anesthesia",false
PubMed,36394500,https://pubmed.ncbi.nlm.nih.gov/36394500/,"Pain, Inflammation, Antioxidation & Anesthesia",false
PubMed,36432024,https://pubmed.ncbi.nlm.nih.gov/36432024/,"Pain, Inflammation, Antioxidation & Anesthesia",false
PubMed,36445409,https://pubmed.ncbi.nlm.nih.gov/36445409/,"Pain, Inflammation, Antioxidation & Anesthesia",false
PubMed,36448002,https://pubmed.ncbi.nlm.nih.gov/36448002/,"Pain, Inflammation, Antioxidation & Anesthesia",false
PubMed,36467780,https://pubmed.ncbi.nlm.nih.gov/36467780/,"Pain, Inflammation, Antioxidation & Anesthesia",false
PubMed,36506271,https://pubmed.ncbi.nlm.nih.gov/36506271/,"Pain, Inflammation, Antioxidation & Anesthesia",false
PubMed,36507111,https://pubmed.ncbi.nlm.nih.gov/36507111/,"Pain, Inflammation, Antioxidation & Anesthesia",false
PubMed,36514630,https://pubmed.ncbi.nlm.nih.gov/36514630/,"Pain, Inflammation, Antioxidation & Anesthesia",false
PubMed,36525274,https://pubmed.ncbi.nlm.nih.gov/36525274/,"Pain, Inflammation, Antioxidation & Anesthesia",false
PubMed,36534774,https://pubmed.ncbi.nlm.nih.gov/36534774/,"Pain, Inflammation, Antioxidation & Anesthesia",false
PubMed,36540475,https://pubmed.ncbi.nlm.nih.gov/36540475/,"Pain, Inflammation, Antioxidation & Anesthesia",false
PubMed,36542836,https://pubmed.ncbi.nlm.nih.gov/36542836/,"Pain, Inflammation, Antioxidation & Anesthesia",false
PubMed,36552893,https://pubmed.ncbi.nlm.nih.gov/36552893/,"Pain, Inflammation, Antioxidation & Anesthesia",false
PubMed,36555111,https://pubmed.ncbi.nlm.nih.gov/36555111/,"Pain, Inflammation, Antioxidation & Anesthesia",false
PubMed,36558970,https://pubmed.ncbi.nlm.nih.gov/36558970/,"Pain, Inflammation, Antioxidation & Anesthesia",false
PubMed,36571471,https://pubmed.ncbi.nlm.nih.gov/36571471/,"Pain, Inflammation, Antioxidation & Anesthesia",false
PubMed,36582568,https://pubmed.ncbi.nlm.nih.gov/36582568/,"Pain, Inflammation, Antioxidation & Anesthesia",false
PubMed,36596580,https://pubmed.ncbi.nlm.nih.gov/36596580/,"Pain, Inflammation, Antioxidation & Anesthesia",false
PubMed,36598058,https://pubmed.ncbi.nlm.nih.gov/36598058/,"Pain, Inflammation, Antioxidation & Anesthesia",false
PubMed,36607641,https://pubmed.ncbi.nlm.nih.gov/36607641/,"Pain, Inflammation, Antioxidation & Anesthesia",false
PubMed,36628124,https://pubmed.ncbi.nlm.nih.gov/36628124/,"Pain, Inflammation, Antioxidation & Anesthesia",false
PubMed,36638515,https://pubmed.ncbi.nlm.nih.gov/36638515/,"Pain, Inflammation, Antioxidation & Anesthesia",false
PubMed,36639601,https://pubmed.ncbi.nlm.nih.gov/36639601/,"Pain, Inflammation, Antioxidation & Anesthesia",false
PubMed,36642726,https://pubmed.ncbi.nlm.nih.gov/36642726/,"Pain, Inflammation, Antioxidation & Anesthesia",false
PubMed,36648357,https://pubmed.ncbi.nlm.nih.gov/36648357/,"Pain, Inflammation, Antioxidation & Anesthesia",false
PubMed,36651363,https://pubmed.ncbi.nlm.nih.gov/36651363/,"Pain, Inflammation, Antioxidation & Anesthesia",false
PubMed,36660507,https://pubmed.ncbi.nlm.nih.gov/36660507/,"Pain, Inflammation, Antioxidation & Anesthesia",false
PubMed,36662296,https://pubmed.ncbi.nlm.nih.gov/36662296/,"Pain, Inflammation, Antioxidation & Anesthesia",false
PubMed,36662570,https://pubmed.ncbi.nlm.nih.gov/36662570/,"Pain, Inflammation, Antioxidation & Anesthesia",false
PubMed,36684012,https://pubmed.ncbi.nlm.nih.gov/36684012/,"Pain, Inflammation, Antioxidation & Anesthesia",false
PubMed,36704391,https://pubmed.ncbi.nlm.nih.gov/36704391/,"Pain, Inflammation, Antioxidation & Anesthesia",false
PubMed,36715394,https://pubmed.ncbi.nlm.nih.gov/36715394/,"Pain, Inflammation, Antioxidation & Anesthesia",false
PubMed,36716026,https://pubmed.ncbi.nlm.nih.gov/36716026/,"Pain, Inflammation, Antioxidation & Anesthesia",false
PubMed,36716312,https://pubmed.ncbi.nlm.nih.gov/36716312/,"Pain, Inflammation, Antioxidation & Anesthesia",false
PubMed,36719831,https://pubmed.ncbi.nlm.nih.gov/36719831/,"Pain, Inflammation, Antioxidation & Anesthesia",false
PubMed,36722292,https://pubmed.ncbi.nlm.nih.gov/36722292/,"Pain, Inflammation, Antioxidation & Anesthesia",false
PubMed,36725378,https://pubmed.ncbi.nlm.nih.gov/36725378/,"Pain, Inflammation, Antioxidation & Anesthesia",false
PubMed,36738909,https://pubmed.ncbi.nlm.nih.gov/36738909/,"Pain, Inflammation, Antioxidation & Anesthesia",false
PubMed,36740564,https://pubmed.ncbi.nlm.nih.gov/36740564/,"Pain, Inflammation, Antioxidation & Anesthesia",false
PubMed,36746375,https://pubmed.ncbi.nlm.nih.gov/36746375/,"Pain, Inflammation, Antioxidation & Anesthesia",false
PubMed,36768835,https://pubmed.ncbi.nlm.nih.gov/36768835/,"Pain, Inflammation, Antioxidation & Anesthesia",false
PubMed,36813014,https://pubmed.ncbi.nlm.nih.gov/36813014/,"Pain, Inflammation, Antioxidation & Anesthesia",false
PubMed,36821347,https://pubmed.ncbi.nlm.nih.gov/36821347/,"Pain, Inflammation, Antioxidation & Anesthesia",false
PubMed,36829777,https://pubmed.ncbi.nlm.nih.gov/36829777/,"Pain, Inflammation, Antioxidation & Anesthesia",false
PubMed,36829838,https://pubmed.ncbi.nlm.nih.gov/36829838/,"Pain, Inflammation, Antioxidation & Anesthesia",false
PubMed,36830042,https://pubmed.ncbi.nlm.nih.gov/36830042/,"Pain, Inflammation, Antioxidation & Anesthesia",false
PubMed,36831056,https://pubmed.ncbi.nlm.nih.gov/36831056/,"Pain, Inflammation, Antioxidation & Anesthesia",false
PubMed,36836018,https://pubmed.ncbi.nlm.nih.gov/36836018/,"Pain, Inflammation, Antioxidation & Anesthesia",false
PubMed,36843080,https://pubmed.ncbi.nlm.nih.gov/36843080/,"Pain, Inflammation, Antioxidation & Anesthesia",false
PubMed,36897501,https://pubmed.ncbi.nlm.nih.gov/36897501/,"Pain, Inflammation, Antioxidation & Anesthesia",false
PubMed,36916438,https://pubmed.ncbi.nlm.nih.gov/36916438/,"Pain, Inflammation, Antioxidation & Anesthesia",false
PubMed,36937502,https://pubmed.ncbi.nlm.nih.gov/36937502/,"Pain, Inflammation, Antioxidation & Anesthesia",false
PubMed,36982577,https://pubmed.ncbi.nlm.nih.gov/36982577/,"Pain, Inflammation, Antioxidation & Anesthesia",false
PubMed,36986081,https://pubmed.ncbi.nlm.nih.gov/36986081/,"Pain, Inflammation, Antioxidation & Anesthesia",false
PubMed,36986714,https://pubmed.ncbi.nlm.nih.gov/36986714/,"Pain, Inflammation, Antioxidation & Anesthesia",false
PubMed,37259306,https://pubmed.ncbi.nlm.nih.gov/37259306/,"Pain, Inflammation, Antioxidation & Anesthesia",false
PubMed,9685157,https://pubmed.ncbi.nlm.nih.gov/9685157/,"Pain, Inflammation, Antioxidation & Anesthesia",false
DOI,10.1007/s10924-023-02756-7,https://doi.org/10.1007/s10924-023-02756-7,Skin,false
DOI,10.1007/s11101-023-09860-5,https://doi.org/10.1007/s11101-023-09860-5,Skin,false
DOI,10.1007/s43440-020-00166-3,https://doi.org/10.1007/s43440-020-00166-3,Skin,false
DOI,10.1055/s-0037-1608567,https://doi.org/10.1055/s-0037-1608567,Skin,false
DOI,10.1055/s-0042-1749286,https://doi.org/10.1055/s-0042-1749286,Skin,false
DOI,10.1096/fba.2021-00022,https://doi.org/10.1096/fba.2021-00022,Skin,false
DOI,10.1111/bjd.12975,https://doi.org/10.1111/bjd.12975,Skin,false
DOI,10.1111/j.1600-0625.2009.00923.x,https://doi.org/10.1111/j.1600-0625.2009.00923.x,Skin,false
DOI,10.1111/jocd.13693,https://doi.org/10.1111/jocd.13693,Skin,false
DOI,10.2340/00015555-2593,https://doi.org/10.2340/00015555-2593,Skin,false
DOI,10.3390/cells8090995,https://doi.org/10.3390/cells8090995,Skin,false
DOI,10.3892/mmr.2016.4961,https://doi.org/10.3892/mmr.2016.4961,Skin,false
PMC,PMC2670585,https://www.ncbi.nlm.nih.gov/pmc/articles/PMC2670585/,Skin,false
PMC,PMC2749687,https://www.ncbi.nlm.nih.gov/pmc/articles/PMC2749687/,Skin,false
PMC,PMC2757311,https://www.ncbi.nlm.nih.gov/pmc/articles/PMC2757311/,Skin,false
PMC,PMC3125418,https://www.ncbi.nlm.nih.gov/pmc/articles/PMC3125418/,Skin,false
PMC,PMC3842910,https://www.ncbi.nlm.nih.gov/pmc/articles/PMC3842910/,Skin,false
PMC,PMC4057719,https://www.ncbi.nlm.nih.gov/pmc/articles/PMC4057719/,Skin,false
PMC,PMC4947375,https://www.ncbi.nlm.nih.gov/pmc/articles/PMC4947375/,Skin,false
PMC,PMC5302180,https://www.ncbi.nlm.nih.gov/pmc/articles/PMC5302180/,Skin,false
PMC,PMC8539042,https://www.ncbi.nlm.nih.gov/pmc/articles/PMC8539042/,Skin,false
PubMed,10440374,https://pubmed.ncbi.nlm.nih.gov/10440374/,Skin,false
PubMed,10692582,https://pubmed.ncbi.nlm.nih.gov/10692582/,Skin,false
PubMed,11301536,https://pubmed.ncbi.nlm.nih.gov/11301536/,Skin,false
PubMed,12190187,https://pubmed.ncbi.nlm.nih.gov/12190187/,Skin,false
PubMed,12511587,https://pubmed.ncbi.nlm.nih.gov/12511587/,Skin,false
PubMed,12815050,https://pubmed.ncbi.nlm.nih.gov/12815050/,Skin,false
PubMed,14644587,https://pubmed.ncbi.nlm.nih.gov/14644587/,Skin,false
PubMed,15025853,https://pubmed.ncbi.nlm.nih.gov/15025853/,Skin,false
PubMed,15705714,https://pubmed.ncbi.nlm.nih.gov/15705714/,Skin,false
PubMed,15723173,https://pubmed.ncbi.nlm.nih.gov/15723173/,Skin,false
PubMed,15857457,https://pubmed.ncbi.nlm.nih.gov/15857457/,Skin,false
PubMed,15927811,https://pubmed.ncbi.nlm.nih.gov/15927811/,Skin,false
PubMed,15967006,https://pubmed.ncbi.nlm.nih.gov/15967006/,Skin,false
PubMed,16324422,https://pubmed.ncbi.nlm.nih.gov/16324422/,Skin,false
PubMed,16645591,https://pubmed.ncbi.nlm.nih.gov/16645591/,Skin,false
PubMed,16824511,https://pubmed.ncbi.nlm.nih.gov/16824511/,Skin,false
PubMed,16874533,https://pubmed.ncbi.nlm.nih.gov/16874533/,Skin,false
PubMed,17055000,https://pubmed.ncbi.nlm.nih.gov/17055000/,Skin,false
PubMed,17065222,https://pubmed.ncbi.nlm.nih.gov/17065222/,Skin,false
PubMed,17142782,https://pubmed.ncbi.nlm.nih.gov/17142782/,Skin,false
PubMed,17157480,https://pubmed.ncbi.nlm.nih.gov/17157480/,Skin,false
PubMed,17567570,https://pubmed.ncbi.nlm.nih.gov/17567570/,Skin,false
PubMed,17868162,https://pubmed.ncbi.nlm.nih.gov/17868162/,Skin,false
PubMed,18165231,https://pubmed.ncbi.nlm.nih.gov/18165231/,Skin,false
PubMed,18181976,https://pubmed.ncbi.nlm.nih.gov/18181976/,Skin,false
PubMed,18354058,https://pubmed.ncbi.nlm.nih.gov/18354058/,Skin,false
PubMed,18483286,https://pubmed.ncbi.nlm.nih.gov/18483286/,Skin,false
PubMed,18596221,https://pubmed.ncbi.nlm.nih.gov/18596221/,Skin,false
PubMed,18769453,https://pubmed.ncbi.nlm.nih.gov/18769453/,Skin,false
PubMed,19083670,https://pubmed.ncbi.nlm.nih.gov/19083670/,Skin,false
PubMed,19148897,https://pubmed.ncbi.nlm.nih.gov/19148897/,Skin,false
PubMed,19333940,https://pubmed.ncbi.nlm.nih.gov/19333940/,Skin,false
PubMed,19539619,https://pubmed.ncbi.nlm.nih.gov/19539619/,Skin,false
PubMed,19589890,https://pubmed.ncbi.nlm.nih.gov/19589890/,Skin,false
PubMed,19625089,https://pubmed.ncbi.nlm.nih.gov/19625089/,Skin,false
PubMed,19647122,https://pubmed.ncbi.nlm.nih.gov/19647122/,Skin,false
PubMed,19664006,https://pubmed.ncbi.nlm.nih.gov/19664006/,Skin,false
PubMed,19909294,https://pubmed.ncbi.nlm.nih.gov/19909294/,Skin,false
PubMed,20335147,https://pubmed.ncbi.nlm.nih.gov/20335147/,Skin,false
PubMed,20450962,https://pubmed.ncbi.nlm.nih.gov/20450962/,Skin,false
PubMed,20508030,https://pubmed.ncbi.nlm.nih.gov/20508030/,Skin,false
PubMed,20514790,https://pubmed.ncbi.nlm.nih.gov/20514790/,Skin,false
PubMed,20545522,https://pubmed.ncbi.nlm.nih.gov/20545522/,Skin,false
PubMed,20617520,https://pubmed.ncbi.nlm.nih.gov/20617520/,Skin,false
PubMed,20967946,https://pubmed.ncbi.nlm.nih.gov/20967946/,Skin,false
PubMed,21177293,https://pubmed.ncbi.nlm.nih.gov/21177293/,Skin,false
PubMed,21248768,https://pubmed.ncbi.nlm.nih.gov/21248768/,Skin,false
PubMed,21298280,https://pubmed.ncbi.nlm.nih.gov/21298280/,Skin,false
PubMed,21414652,https://pubmed.ncbi.nlm.nih.gov/21414652/,Skin,false
PubMed,21432910,https://pubmed.ncbi.nlm.nih.gov/21432910/,Skin,false
PubMed,21601500,https://pubmed.ncbi.nlm.nih.gov/21601500/,Skin,false
PubMed,21601562,https://pubmed.ncbi.nlm.nih.gov/21601562/,Skin,false
PubMed,21628127,https://pubmed.ncbi.nlm.nih.gov/21628127/,Skin,false
PubMed,21807457,https://pubmed.ncbi.nlm.nih.gov/21807457/,Skin,false
PubMed,22019199,https://pubmed.ncbi.nlm.nih.gov/22019199/,Skin,false
PubMed,22177137,https://pubmed.ncbi.nlm.nih.gov/22177137/,Skin,false
PubMed,22226549,https://pubmed.ncbi.nlm.nih.gov/22226549/,Skin,false
PubMed,22429826,https://pubmed.ncbi.nlm.nih.gov/22429826/,Skin,false
PubMed,22431736,https://pubmed.ncbi.nlm.nih.gov/22431736/,Skin,false
PubMed,22447182,https://pubmed.ncbi.nlm.nih.gov/22447182/,Skin,false
PubMed,22492781,https://pubmed.ncbi.nlm.nih.gov/22492781/,Skin,false
PubMed,22513781,https://pubmed.ncbi.nlm.nih.gov/22513781/,Skin,false
PubMed,22652530,https://pubmed.ncbi.nlm.nih.gov/22652530/,Skin,false
PubMed,22683515,https://pubmed.ncbi.nlm.nih.gov/22683515/,Skin,false
PubMed,22738050,https://pubmed.ncbi.nlm.nih.gov/22738050/,Skin,false
PubMed,22751111,https://pubmed.ncbi.nlm.nih.gov/22751111/,Skin,false
PubMed,22814434,https://pubmed.ncbi.nlm.nih.gov/22814434/,Skin,false
PubMed,22897575,https://pubmed.ncbi.nlm.nih.gov/22897575/,Skin,false
PubMed,22915616,https://pubmed.ncbi.nlm.nih.gov/22915616/,Skin,false
PubMed,23124022,https://pubmed.ncbi.nlm.nih.gov/23124022/,Skin,false
PubMed,23138934,https://pubmed.ncbi.nlm.nih.gov/23138934/,Skin,false
PubMed,23264851,https://pubmed.ncbi.nlm.nih.gov/23264851/,Skin,false
PubMed,23361273,https://pubmed.ncbi.nlm.nih.gov/23361273/,Skin,false
PubMed,23394523,https://pubmed.ncbi.nlm.nih.gov/23394523/,Skin,false
PubMed,23453134,https://pubmed.ncbi.nlm.nih.gov/23453134/,Skin,false
PubMed,23578218,https://pubmed.ncbi.nlm.nih.gov/23578218/,Skin,false
PubMed,23585676,https://pubmed.ncbi.nlm.nih.gov/23585676/,Skin,false
PubMed,23638377,https://pubmed.ncbi.nlm.nih.gov/23638377/,Skin,false
PubMed,23869687,https://pubmed.ncbi.nlm.nih.gov/23869687/,Skin,false
PubMed,23889474,https://pubmed.ncbi.nlm.nih.gov/23889474/,Skin,false
PubMed,24423192,https://pubmed.ncbi.nlm.nih.gov/24423192/,Skin,false
PubMed,24750433,https://pubmed.ncbi.nlm.nih.gov/24750433/,Skin,false
PubMed,24915981,https://pubmed.ncbi.nlm.nih.gov/24915981/,Skin,false
PubMed,25061872,https://pubmed.ncbi.nlm.nih.gov/25061872/,Skin,false
PubMed,25071367,https://pubmed.ncbi.nlm.nih.gov/25071367/,Skin,false
PubMed,25594019,https://pubmed.ncbi.nlm.nih.gov/25594019/,Skin,false
PubMed,25598150,https://pubmed.ncbi.nlm.nih.gov/25598150/,Skin,false
PubMed,25674907,https://pubmed.ncbi.nlm.nih.gov/25674907/,Skin,false
PubMed,25819153,https://pubmed.ncbi.nlm.nih.gov/25819153/,Skin,false
PubMed,25931325,https://pubmed.ncbi.nlm.nih.gov/25931325/,Skin,false
PubMed,25974027,https://pubmed.ncbi.nlm.nih.gov/25974027/,Skin,false
PubMed,26095080,https://pubmed.ncbi.nlm.nih.gov/26095080/,Skin,false
PubMed,26108183,https://pubmed.ncbi.nlm.nih.gov/26108183/,Skin,false
PubMed,26142529,https://pubmed.ncbi.nlm.nih.gov/26142529/,Skin,false
PubMed,26283633,https://pubmed.ncbi.nlm.nih.gov/26283633/,Skin,false
PubMed,26513129,https://pubmed.ncbi.nlm.nih.gov/26513129/,Skin,false
PubMed,26639824,https://pubmed.ncbi.nlm.nih.gov/26639824/,Skin,false
PubMed,26674123,https://pubmed.ncbi.nlm.nih.gov/26674123/,Skin,false
PubMed,26738935,https://pubmed.ncbi.nlm.nih.gov/26738935/,Skin,false
PubMed,26764235,https://pubmed.ncbi.nlm.nih.gov/26764235/,Skin,false
PubMed,26848215,https://pubmed.ncbi.nlm.nih.gov/26848215/,Skin,false
PubMed,26887982,https://pubmed.ncbi.nlm.nih.gov/26887982/,Skin,false
PubMed,27028361,https://pubmed.ncbi.nlm.nih.gov/27028361/,Skin,false
PubMed,27034934,https://pubmed.ncbi.nlm.nih.gov/27034934/,Skin,false
PubMed,27094344,https://pubmed.ncbi.nlm.nih.gov/27094344/,Skin,false
PubMed,27126057,https://pubmed.ncbi.nlm.nih.gov/27126057/,Skin,false
PubMed,27164964,https://pubmed.ncbi.nlm.nih.gov/27164964/,Skin,false
PubMed,27268717,https://pubmed.ncbi.nlm.nih.gov/27268717/,Skin,false
PubMed,27720681,https://pubmed.ncbi.nlm.nih.gov/27720681/,Skin,false
PubMed,27805543,https://pubmed.ncbi.nlm.nih.gov/27805543/,Skin,false
PubMed,28098721,https://pubmed.ncbi.nlm.nih.gov/28098721/,Skin,false
PubMed,28110689,https://pubmed.ncbi.nlm.nih.gov/28110689/,Skin,false
PubMed,28131817,https://pubmed.ncbi.nlm.nih.gov/28131817/,Skin,false
PubMed,28214870,https://pubmed.ncbi.nlm.nih.gov/28214870/,Skin,false
PubMed,28416341,https://pubmed.ncbi.nlm.nih.gov/28416341/,Skin,false
PubMed,28585337,https://pubmed.ncbi.nlm.nih.gov/28585337/,Skin,false
PubMed,28681540,https://pubmed.ncbi.nlm.nih.gov/28681540/,Skin,false
PubMed,28915638,https://pubmed.ncbi.nlm.nih.gov/28915638/,Skin,false
PubMed,29056081,https://pubmed.ncbi.nlm.nih.gov/29056081/,Skin,false
PubMed,29424035,https://pubmed.ncbi.nlm.nih.gov/29424035/,Skin,false
PubMed,29501385,https://pubmed.ncbi.nlm.nih.gov/29501385/,Skin,false
PubMed,29786144,https://pubmed.ncbi.nlm.nih.gov/29786144/,Skin,false
PubMed,29808460,https://pubmed.ncbi.nlm.nih.gov/29808460/,Skin,false
PubMed,29897115,https://pubmed.ncbi.nlm.nih.gov/29897115/,Skin,false
PubMed,30033591,https://pubmed.ncbi.nlm.nih.gov/30033591/,Skin,false
PubMed,30076848,https://pubmed.ncbi.nlm.nih.gov/30076848/,Skin,false
PubMed,30138623,https://pubmed.ncbi.nlm.nih.gov/30138623/,Skin,false
PubMed,30243065,https://pubmed.ncbi.nlm.nih.gov/30243065/,Skin,false
PubMed,30347109,https://pubmed.ncbi.nlm.nih.gov/30347109/,Skin,false
PubMed,30359820,https://pubmed.ncbi.nlm.nih.gov/30359820/,Skin,false
PubMed,30380925,https://pubmed.ncbi.nlm.nih.gov/30380925/,Skin,false
PubMed,30517778,https://pubmed.ncbi.nlm.nih.gov/30517778/,Skin,false
PubMed,30529014,https://pubmed.ncbi.nlm.nih.gov/30529014/,Skin,false
PubMed,30542832,https://pubmed.ncbi.nlm.nih.gov/30542832/,Skin,false
PubMed,30845666,https://pubmed.ncbi.nlm.nih.gov/30845666/,Skin,false
PubMed,30993303,https://pubmed.ncbi.nlm.nih.gov/30993303/,Skin,false
PubMed,31250491,https://pubmed.ncbi.nlm.nih.gov/31250491/,Skin,false
PubMed,31350927,https://pubmed.ncbi.nlm.nih.gov/31350927/,Skin,false
PubMed,31382646,https://pubmed.ncbi.nlm.nih.gov/31382646/,Skin,false
PubMed,31429590,https://pubmed.ncbi.nlm.nih.gov/31429590/,Skin,false
PubMed,31446453,https://pubmed.ncbi.nlm.nih.gov/31446453/,Skin,false
PubMed,31466340,https://pubmed.ncbi.nlm.nih.gov/31466340/,Skin,false
PubMed,31518892,https://pubmed.ncbi.nlm.nih.gov/31518892/,Skin,false
PubMed,31599175,https://pubmed.ncbi.nlm.nih.gov/31599175/,Skin,false
PubMed,31841509,https://pubmed.ncbi.nlm.nih.gov/31841509/,Skin,false
PubMed,31987788,https://pubmed.ncbi.nlm.nih.gov/31987788/,Skin,false
PubMed,32006556,https://pubmed.ncbi.nlm.nih.gov/32006556/,Skin,false
PubMed,32033005,https://pubmed.ncbi.nlm.nih.gov/32033005/,Skin,false
PubMed,32060787,https://pubmed.ncbi.nlm.nih.gov/32060787/,Skin,false
PubMed,32121131,https://pubmed.ncbi.nlm.nih.gov/32121131/,Skin,false
PubMed,32367548,https://pubmed.ncbi.nlm.nih.gov/32367548/,Skin,false
PubMed,32454223,https://pubmed.ncbi.nlm.nih.gov/32454223/,Skin,false
PubMed,32578480,https://pubmed.ncbi.nlm.nih.gov/32578480/,Skin,false
PubMed,32735381,https://pubmed.ncbi.nlm.nih.gov/32735381/,Skin,false
PubMed,32863232,https://pubmed.ncbi.nlm.nih.gov/32863232/,Skin,false
PubMed,32875692,https://pubmed.ncbi.nlm.nih.gov/32875692/,Skin,false
PubMed,32914659,https://pubmed.ncbi.nlm.nih.gov/32914659/,Skin,false
PubMed,32916896,https://pubmed.ncbi.nlm.nih.gov/32916896/,Skin,false
PubMed,32947961,https://pubmed.ncbi.nlm.nih.gov/32947961/,Skin,false
PubMed,33114270,https://pubmed.ncbi.nlm.nih.gov/33114270/,Skin,false
PubMed,33205468,https://pubmed.ncbi.nlm.nih.gov/33205468/,Skin,false
PubMed,33255796,https://pubmed.ncbi.nlm.nih.gov/33255796/,Skin,false
PubMed,33335413,https://pubmed.ncbi.nlm.nih.gov/33335413/,Skin,false
PubMed,33346512,https://pubmed.ncbi.nlm.nih.gov/33346512/,Skin,false
PubMed,33381641,https://pubmed.ncbi.nlm.nih.gov/33381641/,Skin,false
PubMed,33382613,https://pubmed.ncbi.nlm.nih.gov/33382613/,Skin,false
PubMed,33401488,https://pubmed.ncbi.nlm.nih.gov/33401488/,Skin,false
PubMed,33413786,https://pubmed.ncbi.nlm.nih.gov/33413786/,Skin,false
PubMed,33453360,https://pubmed.ncbi.nlm.nih.gov/33453360/,Skin,false
PubMed,33540902,https://pubmed.ncbi.nlm.nih.gov/33540902/,Skin,false
PubMed,33557174,https://pubmed.ncbi.nlm.nih.gov/33557174/,Skin,false
PubMed,33557204,https://pubmed.ncbi.nlm.nih.gov/33557204/,Skin,false
PubMed,33559194,https://pubmed.ncbi.nlm.nih.gov/33559194/,Skin,false
PubMed,33560661,https://pubmed.ncbi.nlm.nih.gov/33560661/,Skin,false
PubMed,33851375,https://pubmed.ncbi.nlm.nih.gov/33851375/,Skin,false
PubMed,33955754,https://pubmed.ncbi.nlm.nih.gov/33955754/,Skin,false
PubMed,33964365,https://pubmed.ncbi.nlm.nih.gov/33964365/,Skin,false
PubMed,34013652,https://pubmed.ncbi.nlm.nih.gov/34013652/,Skin,false
PubMed,34022073,https://pubmed.ncbi.nlm.nih.gov/34022073/,Skin,false
PubMed,34249397,https://pubmed.ncbi.nlm.nih.gov/34249397/,Skin,false
PubMed,34259358,https://pubmed.ncbi.nlm.nih.gov/34259358/,Skin,false
PubMed,34289728,https://pubmed.ncbi.nlm.nih.gov/34289728/,Skin,false
PubMed,34298466,https://pubmed.ncbi.nlm.nih.gov/34298466/,Skin,false
PubMed,34363728,https://pubmed.ncbi.nlm.nih.gov/34363728/,Skin,false
PubMed,34438005,https://pubmed.ncbi.nlm.nih.gov/34438005/,Skin,false
PubMed,34445404,https://pubmed.ncbi.nlm.nih.gov/34445404/,Skin,false
PubMed,34488820,https://pubmed.ncbi.nlm.nih.gov/34488820/,Skin,false
PubMed,34510973,https://pubmed.ncbi.nlm.nih.gov/34510973/,Skin,false
PubMed,34624321,https://pubmed.ncbi.nlm.nih.gov/34624321/,Skin,false
PubMed,34650521,https://pubmed.ncbi.nlm.nih.gov/34650521/,Skin,false
PubMed,34667212,https://pubmed.ncbi.nlm.nih.gov/34667212/,Skin,false
PubMed,34692966,https://pubmed.ncbi.nlm.nih.gov/34692966/,Skin,false
PubMed,34798780,https://pubmed.ncbi.nlm.nih.gov/34798780/,Skin,false
PubMed,34827358,https://pubmed.ncbi.nlm.nih.gov/34827358/,Skin,false
PubMed,34864727,https://pubmed.ncbi.nlm.nih.gov/34864727/,Skin,false
PubMed,34929701,https://pubmed.ncbi.nlm.nih.gov/34929701/,Skin,false
PubMed,34983619,https://pubmed.ncbi.nlm.nih.gov/34983619/,Skin,false
PubMed,35005866,https://pubmed.ncbi.nlm.nih.gov/35005866/,Skin,false
PubMed,35056807,https://pubmed.ncbi.nlm.nih.gov/35056807/,Skin,false
PubMed,35124116,https://pubmed.ncbi.nlm.nih.gov/35124116/,Skin,false
PubMed,35170710,https://pubmed.ncbi.nlm.nih.gov/35170710/,Skin,false
PubMed,35214170,https://pubmed.ncbi.nlm.nih.gov/35214170/,Skin,false
PubMed,35274096,https://pubmed.ncbi.nlm.nih.gov/35274096/,Skin,false
PubMed,35523648,https://pubmed.ncbi.nlm.nih.gov/35523648/,Skin,false
PubMed,35535052,https://pubmed.ncbi.nlm.nih.gov/35535052/,Skin,false
PubMed,35536599,https://pubmed.ncbi.nlm.nih.gov/35536599/,Skin,false
PubMed,35588193,https://pubmed.ncbi.nlm.nih.gov/35588193/,Skin,false
PubMed,35605018,https://pubmed.ncbi.nlm.nih.gov/35605018/,Skin,false
PubMed,35675220,https://pubmed.ncbi.nlm.nih.gov/35675220/,Skin,false
PubMed,35695447,https://pubmed.ncbi.nlm.nih.gov/35695447/,Skin,false
PubMed,35740969,https://pubmed.ncbi.nlm.nih.gov/35740969/,Skin,false
PubMed,35817049,https://pubmed.ncbi.nlm.nih.gov/35817049/,Skin,false
PubMed,35955938,https://pubmed.ncbi.nlm.nih.gov/35955938/,Skin,false
PubMed,35982758,https://pubmed.ncbi.nlm.nih.gov/35982758/,Skin,false
PubMed,36017106,https://pubmed.ncbi.nlm.nih.gov/36017106/,Skin,false
PubMed,36134745,https://pubmed.ncbi.nlm.nih.gov/36134745/,Skin,false
PubMed,36181341,https://pubmed.ncbi.nlm.nih.gov/36181341/,Skin,false
PubMed,36200741,https://pubmed.ncbi.nlm.nih.gov/36200741/,Skin,false
PubMed,36204633,https://pubmed.ncbi.nlm.nih.gov/36204633/,Skin,false
PubMed,36235276,https://pubmed.ncbi.nlm.nih.gov/36235276/,Skin,false
PubMed,36244543,https://pubmed.ncbi.nlm.nih.gov/36244543/,Skin,false
PubMed,36308640,https://pubmed.ncbi.nlm.nih.gov/36308640/,Skin,false
PubMed,36333591,https://pubmed.ncbi.nlm.nih.gov/36333591/,Skin,false
PubMed,36410425,https://pubmed.ncbi.nlm.nih.gov/36410425/,Skin,false
PubMed,36467778,https://pubmed.ncbi.nlm.nih.gov/36467778/,Skin,false
PubMed,36497198,https://pubmed.ncbi.nlm.nih.gov/36497198/,Skin,false
PubMed,36499191,https://pubmed.ncbi.nlm.nih.gov/36499191/,Skin,false
PubMed,36537770,https://pubmed.ncbi.nlm.nih.gov/36537770/,Skin,false
PubMed,36552866,https://pubmed.ncbi.nlm.nih.gov/36552866/,Skin,false
PubMed,36595028,https://pubmed.ncbi.nlm.nih.gov/36595028/,Skin,false
PubMed,36725458,https://pubmed.ncbi.nlm.nih.gov/36725458/,Skin,false
PubMed,36768709,https://pubmed.ncbi.nlm.nih.gov/36768709/,Skin,false
PubMed,36769042,https://pubmed.ncbi.nlm.nih.gov/36769042/,Skin,false
PubMed,36770858,https://pubmed.ncbi.nlm.nih.gov/36770858/,Skin,false
PubMed,36829873,https://pubmed.ncbi.nlm.nih.gov/36829873/,Skin,false
PubMed,36838759,https://pubmed.ncbi.nlm.nih.gov/36838759/,Skin,false
PubMed,36839859,https://pubmed.ncbi.nlm.nih.gov/36839859/,Skin,false
PubMed,36854502,https://pubmed.ncbi.nlm.nih.gov/36854502/,Skin,false
PubMed,36986659,https://pubmed.ncbi.nlm.nih.gov/36986659/,Skin,false
PubMed,36992949,https://pubmed.ncbi.nlm.nih.gov/36992949/,Skin,false
PubMed,7724569,https://pubmed.ncbi.nlm.nih.gov/7724569/,Skin,false
DOI,10.1002/j.1552-4604.1981.tb02622.x,https://doi.org/10.1002/j.1552-4604.1981.tb02622.x,Sleep,false
DOI,10.1007/978-3-030-67928-6_70-1,https://doi.org/10.1007/978-3-030-67928-6_70-1,Sleep,false
DOI,10.1080/10410236.2017.1422100,https://doi.org/10.1080/10410236.2017.1422100,Sleep,false
DOI,10.1089/acm.2018.0437,https://doi.org/10.1089/acm.2018.0437,Sleep,false
DOI,10.1111/j.1521-0391.2013.12003.x,https://doi.org/10.1111/j.1521-0391.2013.12003.x,Sleep,false
DOI,10.1111/jcpt.12179,https://doi.org/10.1111/jcpt.12179,Sleep,false
DOI,10.1177/17151635221089617,https://doi.org/10.1177/17151635221089617,Sleep,false
DOI,10.1210/clinem/dgaa028,https://doi.org/10.1210/clinem/dgaa028,Sleep,false
PMC,PMC3741412,https://www.ncbi.nlm.nih.gov/pmc/articles/PMC3741412/,Sleep,false
PubMed,12839861,https://pubmed.ncbi.nlm.nih.gov/12839861/,Sleep,false
PubMed,15118485,https://pubmed.ncbi.nlm.nih.gov/15118485/,Sleep,false
PubMed,16844117,https://pubmed.ncbi.nlm.nih.gov/16844117/,Sleep,false
PubMed,17712817,https://pubmed.ncbi.nlm.nih.gov/17712817/,Sleep,false
PubMed,18514375,https://pubmed.ncbi.nlm.nih.gov/18514375/,Sleep,false
PubMed,19045957,https://pubmed.ncbi.nlm.nih.gov/19045957/,Sleep,false
PubMed,20056119,https://pubmed.ncbi.nlm.nih.gov/20056119/,Sleep,false
PubMed,21262236,https://pubmed.ncbi.nlm.nih.gov/21262236/,Sleep,false
PubMed,21368739,https://pubmed.ncbi.nlm.nih.gov/21368739/,Sleep,false
PubMed,21867717,https://pubmed.ncbi.nlm.nih.gov/21867717/,Sleep,false
PubMed,23343597,https://pubmed.ncbi.nlm.nih.gov/23343597/,Sleep,false
PubMed,23346060,https://pubmed.ncbi.nlm.nih.gov/23346060/,Sleep,false
PubMed,23952899,https://pubmed.ncbi.nlm.nih.gov/23952899/,Sleep,false
PubMed,24121138,https://pubmed.ncbi.nlm.nih.gov/24121138/,Sleep,false
PubMed,24508153,https://pubmed.ncbi.nlm.nih.gov/24508153/,Sleep,false
PubMed,24851090,https://pubmed.ncbi.nlm.nih.gov/24851090/,Sleep,false
PubMed,25315390,https://pubmed.ncbi.nlm.nih.gov/25315390/,Sleep,false
PubMed,27031992,https://pubmed.ncbi.nlm.nih.gov/27031992/,Sleep,false
PubMed,27074158,https://pubmed.ncbi.nlm.nih.gov/27074158/,Sleep,false
PubMed,28349316,https://pubmed.ncbi.nlm.nih.gov/28349316/,Sleep,false
PubMed,29674967,https://pubmed.ncbi.nlm.nih.gov/29674967/,Sleep,false
PubMed,29997343,https://pubmed.ncbi.nlm.nih.gov/29997343/,Sleep,false
PubMed,3005151,https://pubmed.ncbi.nlm.nih.gov/3005151/,Sleep,false
PubMed,31120284,https://pubmed.ncbi.nlm.nih.gov/31120284/,Sleep,false
PubMed,31132803,https://pubmed.ncbi.nlm.nih.gov/31132803/,Sleep,false
PubMed,31610409,https://pubmed.ncbi.nlm.nih.gov/31610409/,Sleep,false
PubMed,31642794,https://pubmed.ncbi.nlm.nih.gov/31642794/,Sleep,false
PubMed,31820197,https://pubmed.ncbi.nlm.nih.gov/31820197/,Sleep,false
PubMed,31838151,https://pubmed.ncbi.nlm.nih.gov/31838151/,Sleep,false
PubMed,32035867,https://pubmed.ncbi.nlm.nih.gov/32035867/,Sleep,false
PubMed,32045604,https://pubmed.ncbi.nlm.nih.gov/32045604/,Sleep,false
PubMed,32148204,https://pubmed.ncbi.nlm.nih.gov/32148204/,Sleep,false
PubMed,32198011,https://pubmed.ncbi.nlm.nih.gov/32198011/,Sleep,false
PubMed,32430450,https://pubmed.ncbi.nlm.nih.gov/32430450/,Sleep,false
PubMed,32603954,https://pubmed.ncbi.nlm.nih.gov/32603954/,Sleep,true
PubMed,32758411,https://pubmed.ncbi.nlm.nih.gov/32758411/,Sleep,false
PubMed,32920013,https://pubmed.ncbi.nlm.nih.gov/32920013/,Sleep,false
PubMed,33244728,https://pubmed.ncbi.nlm.nih.gov/33244728/,Sleep,false
PubMed,33635384,https://pubmed.ncbi.nlm.nih.gov/33635384/,Sleep,false
PubMed,33741060,https://pubmed.ncbi.nlm.nih.gov/33741060/,Sleep,false
PubMed,33884430,https://pubmed.ncbi.nlm.nih.gov/33884430/,Sleep,false
PubMed,33902473,https://pubmed.ncbi.nlm.nih.gov/33902473/,Sleep,false
PubMed,33957148,https://pubmed.ncbi.nlm.nih.gov/33957148/,Sleep,false
PubMed,34115851,https://pubmed.ncbi.nlm.nih.gov/34115851/,Sleep,false
PubMed,34143657,https://pubmed.ncbi.nlm.nih.gov/34143657/,Sleep,false
PubMed,34468204,https://pubmed.ncbi.nlm.nih.gov/34468204/,Sleep,false
PubMed,34546363,https://pubmed.ncbi.nlm.nih.gov/34546363/,Sleep,false
PubMed,34704957,https://pubmed.ncbi.nlm.nih.gov/34704957/,Sleep,false
PubMed,34870584,https://pubmed.ncbi.nlm.nih.gov/34870584/,Sleep,false
PubMed,34873024,https://pubmed.ncbi.nlm.nih.gov/34873024/,Sleep,false
PubMed,34935467,https://pubmed.ncbi.nlm.nih.gov/34935467/,Sleep,false
PubMed,35221321,https://pubmed.ncbi.nlm.nih.gov/35221321/,Sleep,false
PubMed,35288510,https://pubmed.ncbi.nlm.nih.gov/35288510/,Sleep,false
PubMed,35395682,https://pubmed.ncbi.nlm.nih.gov/35395682/,Sleep,false
PubMed,35537535,https://pubmed.ncbi.nlm.nih.gov/35537535/,Sleep,false
PubMed,35558840,https://pubmed.ncbi.nlm.nih.gov/35558840/,Sleep,false
PubMed,35611178,https://pubmed.ncbi.nlm.nih.gov/35611178/,Sleep,false
PubMed,36102608,https://pubmed.ncbi.nlm.nih.gov/36102608/,Sleep,false
PubMed,36107800,https://pubmed.ncbi.nlm.nih.gov/36107800/,Sleep,false
PubMed,36149724,https://pubmed.ncbi.nlm.nih.gov/36149724/,Sleep,false
PubMed,36692176,https://pubmed.ncbi.nlm.nih.gov/36692176/,Sleep,false
PubMed,414288,https://pubmed.ncbi.nlm.nih.gov/414288/,Sleep,false
PubMed,454477,https://pubmed.ncbi.nlm.nih.gov/454477/,Sleep,false
PubMed,7028792,https://pubmed.ncbi.nlm.nih.gov/7028792/,Sleep,false
DOI,10.1007/s10493-020-00540-z,https://doi.org/10.1007/s10493-020-00540-z,Veterinary & Animals,false
DOI,10.1080/09712119.2010.9707109,https://doi.org/10.1080/09712119.2010.9707109,Veterinary & Animals,false
DOI,10.1080/1828051x.2023.2241489,https://doi.org/10.1080/1828051x.2023.2241489,Veterinary & Animals,false
DOI,10.1080/24734306.2018.1434470,https://doi.org/10.1080/24734306.2018.1434470,Veterinary & Animals,false
DOI,10.1111/eve.13168,https://doi.org/10.1111/eve.13168,Veterinary & Animals,false
DOI,10.1111/jvp.13227,https://doi.org/10.1111/jvp.13227,Veterinary & Animals,false
DOI,10.1111/jvp.13257,https://doi.org/10.1111/jvp.13257,Veterinary & Animals,false
DOI,10.1111/jvp.13258,https://doi.org/10.1111/jvp.13258,Veterinary & Animals,false
DOI,10.1111/jvp.13259,https://doi.org/10.1111/jvp.13259,Veterinary & Animals,false
DOI,10.1111/jvp.13374,https://doi.org/10.1111/jvp.13374,Veterinary & Animals,false
DOI,10.2903/j.efsa.2011.2011,https://doi.org/10.2903/j.efsa.2011.2011,Veterinary & Animals,false
DOI,10.3389/fvets.2023.1305873,https://doi.org/10.3389/fvets.2023.1305873,Veterinary & Animals,false
DOI,10.3389/fvets.2024.1352314,https://doi.org/10.3389/fvets.2024.1352314,Veterinary & Animals,false
PubMed,10362691,https://pubmed.ncbi.nlm.nih.gov/10362691/,Veterinary & Animals,false
PubMed,1053400,https://pubmed.ncbi.nlm.nih.gov/1053400/,Veterinary & Animals,false
PubMed,11554615,https://pubmed.ncbi.nlm.nih.gov/11554615/,Veterinary & Animals,false
PubMed,11587735,https://pubmed.ncbi.nlm.nih.gov/11587735/,Veterinary & Animals,false
PubMed,1165134,https://pubmed.ncbi.nlm.nih.gov/1165134/,Veterinary & Animals,false
PubMed,1179990,https://pubmed.ncbi.nlm.nih.gov/1179990/,Veterinary & Animals,false
PubMed,1183427,https://pubmed.ncbi.nlm.nih.gov/1183427/,Veterinary & Animals,false
PubMed,12360475,https://pubmed.ncbi.nlm.nih.gov/12360475/,Veterinary & Animals,false
PubMed,1246007,https://pubmed.ncbi.nlm.nih.gov/1246007/,Veterinary & Animals,false
PubMed,1248507,https://pubmed.ncbi.nlm.nih.gov/1248507/,Veterinary & Animals,false
PubMed,12521935,https://pubmed.ncbi.nlm.nih.gov/12521935/,Veterinary & Animals,false
PubMed,12791597,https://pubmed.ncbi.nlm.nih.gov/12791597/,Veterinary & Animals,false
PubMed,14334282,https://pubmed.ncbi.nlm.nih.gov/14334282/,Veterinary & Animals,false
PubMed,14748410,https://pubmed.ncbi.nlm.nih.gov/14748410/,Veterinary & Animals,false
PubMed,14848277,https://pubmed.ncbi.nlm.nih.gov/14848277/,Veterinary & Animals,false
PubMed,1493,https://pubmed.ncbi.nlm.nih.gov/1493/,Veterinary & Animals,false
PubMed,15878709,https://pubmed.ncbi.nlm.nih.gov/15878709/,Veterinary & Animals,false
PubMed,16324856,https://pubmed.ncbi.nlm.nih.gov/16324856/,Veterinary & Animals,false
PubMed,1647825,https://pubmed.ncbi.nlm.nih.gov/1647825/,Veterinary & Animals,false
PubMed,16623868,https://pubmed.ncbi.nlm.nih.gov/16623868/,Veterinary & Animals,false
PubMed,1806942,https://pubmed.ncbi.nlm.nih.gov/1806942/,Veterinary & Animals,false
PubMed,19068079,https://pubmed.ncbi.nlm.nih.gov/19068079/,Veterinary & Animals,false
PubMed,191263,https://pubmed.ncbi.nlm.nih.gov/191263/,Veterinary & Animals,false
PubMed,193167,https://pubmed.ncbi.nlm.nih.gov/193167/,Veterinary & Animals,false
PubMed,19366874,https://pubmed.ncbi.nlm.nih.gov/19366874/,Veterinary & Animals,false
PubMed,1981704,https://pubmed.ncbi.nlm.nih.gov/1981704/,Veterinary & Animals,false
PubMed,2026700,https://pubmed.ncbi.nlm.nih.gov/2026700/,Veterinary & Animals,false
PubMed,20437096,https://pubmed.ncbi.nlm.nih.gov/20437096/,Veterinary & Animals,false
PubMed,21108507,https://pubmed.ncbi.nlm.nih.gov/21108507/,Veterinary & Animals,false
PubMed,21265851,https://pubmed.ncbi.nlm.nih.gov/21265851/,Veterinary & Animals,false
PubMed,21323931,https://pubmed.ncbi.nlm.nih.gov/21323931/,Veterinary & Animals,false
PubMed,21871882,https://pubmed.ncbi.nlm.nih.gov/21871882/,Veterinary & Animals,false
PubMed,21875952,https://pubmed.ncbi.nlm.nih.gov/21875952/,Veterinary & Animals,false
PubMed,22374758,https://pubmed.ncbi.nlm.nih.gov/22374758/,Veterinary & Animals,false
PubMed,22821849,https://pubmed.ncbi.nlm.nih.gov/22821849/,Veterinary & Animals,false
PubMed,23181761,https://pubmed.ncbi.nlm.nih.gov/23181761/,Veterinary & Animals,false
PubMed,23216842,https://pubmed.ncbi.nlm.nih.gov/23216842/,Veterinary & Animals,false
PubMed,2333714,https://pubmed.ncbi.nlm.nih.gov/2333714/,Veterinary & Animals,false
PubMed,23363354,https://pubmed.ncbi.nlm.nih.gov/23363354/,Veterinary & Animals,false
PubMed,2349804,https://pubmed.ncbi.nlm.nih.gov/2349804/,Veterinary & Animals,false
PubMed,23504102,https://pubmed.ncbi.nlm.nih.gov/23504102/,Veterinary & Animals,false
PubMed,23510405,https://pubmed.ncbi.nlm.nih.gov/23510405/,Veterinary & Animals,false
PubMed,236605,https://pubmed.ncbi.nlm.nih.gov/236605/,Veterinary & Animals,false
PubMed,23725419,https://pubmed.ncbi.nlm.nih.gov/23725419/,Veterinary & Animals,false
PubMed,23796481,https://pubmed.ncbi.nlm.nih.gov/23796481/,Veterinary & Animals,false
PubMed,238308,https://pubmed.ncbi.nlm.nih.gov/238308/,Veterinary & Animals,false
PubMed,240671,https://pubmed.ncbi.nlm.nih.gov/240671/,Veterinary & Animals,false
PubMed,24905571,https://pubmed.ncbi.nlm.nih.gov/24905571/,Veterinary & Animals,false
PubMed,25229523,https://pubmed.ncbi.nlm.nih.gov/25229523/,Veterinary & Animals,false
PubMed,2544901,https://pubmed.ncbi.nlm.nih.gov/2544901/,Veterinary & Animals,false
PubMed,25855974,https://pubmed.ncbi.nlm.nih.gov/25855974/,Veterinary & Animals,false
PubMed,25942520,https://pubmed.ncbi.nlm.nih.gov/25942520/,Veterinary & Animals,false
PubMed,2599943,https://pubmed.ncbi.nlm.nih.gov/2599943/,Veterinary & Animals,false
PubMed,26306598,https://pubmed.ncbi.nlm.nih.gov/26306598/,Veterinary & Animals,false
PubMed,26473510,https://pubmed.ncbi.nlm.nih.gov/26473510/,Veterinary & Animals,false
PubMed,26702393,https://pubmed.ncbi.nlm.nih.gov/26702393/,Veterinary & Animals,false
PubMed,26907575,https://pubmed.ncbi.nlm.nih.gov/26907575/,Veterinary & Animals,false
PubMed,27599446,https://pubmed.ncbi.nlm.nih.gov/27599446/,Veterinary & Animals,false
PubMed,2787073,https://pubmed.ncbi.nlm.nih.gov/2787073/,Veterinary & Animals,false
PubMed,27927655,https://pubmed.ncbi.nlm.nih.gov/27927655/,Veterinary & Animals,false
PubMed,28069688,https://pubmed.ncbi.nlm.nih.gov/28069688/,Veterinary & Animals,false
PubMed,28478955,https://pubmed.ncbi.nlm.nih.gov/28478955/,Veterinary & Animals,false
PubMed,2851632,https://pubmed.ncbi.nlm.nih.gov/2851632/,Veterinary & Animals,false
PubMed,2851633,https://pubmed.ncbi.nlm.nih.gov/2851633/,Veterinary & Animals,false
PubMed,28700706,https://pubmed.ncbi.nlm.nih.gov/28700706/,Veterinary & Animals,false
PubMed,2900742,https://pubmed.ncbi.nlm.nih.gov/2900742/,Veterinary & Animals,false
PubMed,2907468,https://pubmed.ncbi.nlm.nih.gov/2907468/,Veterinary & Animals,false
PubMed,29110674,https://pubmed.ncbi.nlm.nih.gov/29110674/,Veterinary & Animals,false
PubMed,29173160,https://pubmed.ncbi.nlm.nih.gov/29173160/,Veterinary & Animals,false
PubMed,29408878,https://pubmed.ncbi.nlm.nih.gov/29408878/,Veterinary & Animals,false
PubMed,29457829,https://pubmed.ncbi.nlm.nih.gov/29457829/,Veterinary & Animals,false
PubMed,29882158,https://pubmed.ncbi.nlm.nih.gov/29882158/,Veterinary & Animals,false
PubMed,29920828,https://pubmed.ncbi.nlm.nih.gov/29920828/,Veterinary & Animals,false
PubMed,29996908,https://pubmed.ncbi.nlm.nih.gov/29996908/,Veterinary & Animals,false
PubMed,3000809,https://pubmed.ncbi.nlm.nih.gov/3000809/,Veterinary & Animals,false
PubMed,30026641,https://pubmed.ncbi.nlm.nih.gov/30026641/,Veterinary & Animals,false
PubMed,30043987,https://pubmed.ncbi.nlm.nih.gov/30043987/,Veterinary & Animals,false
PubMed,30083539,https://pubmed.ncbi.nlm.nih.gov/30083539/,Veterinary & Animals,false
PubMed,3018797,https://pubmed.ncbi.nlm.nih.gov/3018797/,Veterinary & Animals,false
PubMed,30342565,https://pubmed.ncbi.nlm.nih.gov/30342565/,Veterinary & Animals,false
PubMed,30342566,https://pubmed.ncbi.nlm.nih.gov/30342566/,Veterinary & Animals,false
PubMed,30580232,https://pubmed.ncbi.nlm.nih.gov/30580232/,Veterinary & Animals,false
PubMed,30687726,https://pubmed.ncbi.nlm.nih.gov/30687726/,Veterinary & Animals,false
PubMed,30992589,https://pubmed.ncbi.nlm.nih.gov/30992589/,Veterinary & Animals,false
PubMed,31237065,https://pubmed.ncbi.nlm.nih.gov/31237065/,Veterinary & Animals,false
PubMed,31237449,https://pubmed.ncbi.nlm.nih.gov/31237449/,Veterinary & Animals,false
PubMed,31281193,https://pubmed.ncbi.nlm.nih.gov/31281193/,Veterinary & Animals,false
PubMed,31342645,https://pubmed.ncbi.nlm.nih.gov/31342645/,Veterinary & Animals,false
PubMed,31495983,https://pubmed.ncbi.nlm.nih.gov/31495983/,Veterinary & Animals,false
PubMed,31527410,https://pubmed.ncbi.nlm.nih.gov/31527410/,Veterinary & Animals,false
PubMed,31580887,https://pubmed.ncbi.nlm.nih.gov/31580887/,Veterinary & Animals,false
PubMed,31608295,https://pubmed.ncbi.nlm.nih.gov/31608295/,Veterinary & Animals,false
PubMed,31608529,https://pubmed.ncbi.nlm.nih.gov/31608529/,Veterinary & Animals,false
PubMed,31635105,https://pubmed.ncbi.nlm.nih.gov/31635105/,Veterinary & Animals,false
PubMed,31642158,https://pubmed.ncbi.nlm.nih.gov/31642158/,Veterinary & Animals,false
PubMed,3188373,https://pubmed.ncbi.nlm.nih.gov/3188373/,Veterinary & Animals,false
PubMed,31995582,https://pubmed.ncbi.nlm.nih.gov/31995582/,Veterinary & Animals,false
PubMed,32017686,https://pubmed.ncbi.nlm.nih.gov/32017686/,Veterinary & Animals,false
PubMed,32054131,https://pubmed.ncbi.nlm.nih.gov/32054131/,Veterinary & Animals,false
PubMed,32095931,https://pubmed.ncbi.nlm.nih.gov/32095931/,Veterinary & Animals,false
PubMed,32096215,https://pubmed.ncbi.nlm.nih.gov/32096215/,Veterinary & Animals,false
PubMed,32118071,https://pubmed.ncbi.nlm.nih.gov/32118071/,Veterinary & Animals,false
PubMed,32172713,https://pubmed.ncbi.nlm.nih.gov/32172713/,Veterinary & Animals,false
PubMed,32345916,https://pubmed.ncbi.nlm.nih.gov/32345916/,Veterinary & Animals,false
PubMed,32346530,https://pubmed.ncbi.nlm.nih.gov/32346530/,Veterinary & Animals,false
PubMed,32355346,https://pubmed.ncbi.nlm.nih.gov/32355346/,Veterinary & Animals,false
PubMed,32358117,https://pubmed.ncbi.nlm.nih.gov/32358117/,Veterinary & Animals,false
PubMed,32358118,https://pubmed.ncbi.nlm.nih.gov/32358118/,Veterinary & Animals,false
PubMed,32735064,https://pubmed.ncbi.nlm.nih.gov/32735064/,Veterinary & Animals,false
PubMed,32825646,https://pubmed.ncbi.nlm.nih.gov/32825646/,Veterinary & Animals,false
PubMed,32850997,https://pubmed.ncbi.nlm.nih.gov/32850997/,Veterinary & Animals,false
PubMed,32858828,https://pubmed.ncbi.nlm.nih.gov/32858828/,Veterinary & Animals,false
PubMed,32879528,https://pubmed.ncbi.nlm.nih.gov/32879528/,Veterinary & Animals,false
PubMed,33102539,https://pubmed.ncbi.nlm.nih.gov/33102539/,Veterinary & Animals,false
PubMed,33134364,https://pubmed.ncbi.nlm.nih.gov/33134364/,Veterinary & Animals,false
PubMed,33174485,https://pubmed.ncbi.nlm.nih.gov/33174485/,Veterinary & Animals,false
PubMed,33195551,https://pubmed.ncbi.nlm.nih.gov/33195551/,Veterinary & Animals,false
PubMed,33450016,https://pubmed.ncbi.nlm.nih.gov/33450016/,Veterinary & Animals,false
PubMed,33526100,https://pubmed.ncbi.nlm.nih.gov/33526100/,Veterinary & Animals,false
PubMed,33526138,https://pubmed.ncbi.nlm.nih.gov/33526138/,Veterinary & Animals,false
PubMed,33531559,https://pubmed.ncbi.nlm.nih.gov/33531559/,Veterinary & Animals,false
PubMed,33663611,https://pubmed.ncbi.nlm.nih.gov/33663611/,Veterinary & Animals,false
PubMed,33723919,https://pubmed.ncbi.nlm.nih.gov/33723919/,Veterinary & Animals,false
PubMed,33763461,https://pubmed.ncbi.nlm.nih.gov/33763461/,Veterinary & Animals,false
PubMed,33769105,https://pubmed.ncbi.nlm.nih.gov/33769105/,Veterinary & Animals,false
PubMed,33804793,https://pubmed.ncbi.nlm.nih.gov/33804793/,Veterinary & Animals,false
PubMed,33805489,https://pubmed.ncbi.nlm.nih.gov/33805489/,Veterinary & Animals,false
PubMed,33861797,https://pubmed.ncbi.nlm.nih.gov/33861797/,Veterinary & Animals,false
PubMed,33904801,https://pubmed.ncbi.nlm.nih.gov/33904801/,Veterinary & Animals,false
PubMed,34124221,https://pubmed.ncbi.nlm.nih.gov/34124221/,Veterinary & Animals,false
PubMed,34242873,https://pubmed.ncbi.nlm.nih.gov/34242873/,Veterinary & Animals,false
PubMed,34247555,https://pubmed.ncbi.nlm.nih.gov/34247555/,Veterinary & Animals,false
PubMed,34336977,https://pubmed.ncbi.nlm.nih.gov/34336977/,Veterinary & Animals,false
PubMed,34418142,https://pubmed.ncbi.nlm.nih.gov/34418142/,Veterinary & Animals,false
PubMed,34456736,https://pubmed.ncbi.nlm.nih.gov/34456736/,Veterinary & Animals,false
PubMed,34564577,https://pubmed.ncbi.nlm.nih.gov/34564577/,Veterinary & Animals,false
PubMed,34564578,https://pubmed.ncbi.nlm.nih.gov/34564578/,Veterinary & Animals,false
PubMed,34573549,https://pubmed.ncbi.nlm.nih.gov/34573549/,Veterinary & Animals,false
PubMed,34605042,https://pubmed.ncbi.nlm.nih.gov/34605042/,Veterinary & Animals,false
PubMed,34727050,https://pubmed.ncbi.nlm.nih.gov/34727050/,Veterinary & Animals,false
PubMed,34786688,https://pubmed.ncbi.nlm.nih.gov/34786688/,Veterinary & Animals,false
PubMed,34953408,https://pubmed.ncbi.nlm.nih.gov/34953408/,Veterinary & Animals,false
PubMed,35037522,https://pubmed.ncbi.nlm.nih.gov/35037522/,Veterinary & Animals,false
PubMed,35141311,https://pubmed.ncbi.nlm.nih.gov/35141311/,Veterinary & Animals,false
PubMed,35158670,https://pubmed.ncbi.nlm.nih.gov/35158670/,Veterinary & Animals,false
PubMed,35200081,https://pubmed.ncbi.nlm.nih.gov/35200081/,Veterinary & Animals,false
PubMed,35242839,https://pubmed.ncbi.nlm.nih.gov/35242839/,Veterinary & Animals,false
PubMed,35246858,https://pubmed.ncbi.nlm.nih.gov/35246858/,Veterinary & Animals,false
PubMed,35307550,https://pubmed.ncbi.nlm.nih.gov/35307550/,Veterinary & Animals,false
PubMed,35368394,https://pubmed.ncbi.nlm.nih.gov/35368394/,Veterinary & Animals,false
PubMed,35442991,https://pubmed.ncbi.nlm.nih.gov/35442991/,Veterinary & Animals,false
PubMed,35454260,https://pubmed.ncbi.nlm.nih.gov/35454260/,Veterinary & Animals,false
PubMed,35482776,https://pubmed.ncbi.nlm.nih.gov/35482776/,Veterinary & Animals,false
PubMed,35512739,https://pubmed.ncbi.nlm.nih.gov/35512739/,Veterinary & Animals,false
PubMed,35573415,https://pubmed.ncbi.nlm.nih.gov/35573415/,Veterinary & Animals,false
PubMed,35644533,https://pubmed.ncbi.nlm.nih.gov/35644533/,Veterinary & Animals,false
PubMed,35703023,https://pubmed.ncbi.nlm.nih.gov/35703023/,Veterinary & Animals,false
PubMed,35754531,https://pubmed.ncbi.nlm.nih.gov/35754531/,Veterinary & Animals,false
PubMed,35801813,https://pubmed.ncbi.nlm.nih.gov/35801813/,Veterinary & Animals,false
PubMed,35836386,https://pubmed.ncbi.nlm.nih.gov/35836386/,Veterinary & Animals,false
PubMed,35873682,https://pubmed.ncbi.nlm.nih.gov/35873682/,Veterinary & Animals,false
PubMed,35878369,https://pubmed.ncbi.nlm.nih.gov/35878369/,Veterinary & Animals,false
PubMed,35882292,https://pubmed.ncbi.nlm.nih.gov/35882292/,Veterinary & Animals,false
PubMed,35895770,https://pubmed.ncbi.nlm.nih.gov/35895770/,Veterinary & Animals,false
PubMed,35937287,https://pubmed.ncbi.nlm.nih.gov/35937287/,Veterinary & Animals,false
PubMed,35947680,https://pubmed.ncbi.nlm.nih.gov/35947680/,Veterinary & Animals,false
PubMed,35953240,https://pubmed.ncbi.nlm.nih.gov/35953240/,Veterinary & Animals,false
PubMed,35956747,https://pubmed.ncbi.nlm.nih.gov/35956747/,Veterinary & Animals,false
PubMed,35967998,https://pubmed.ncbi.nlm.nih.gov/35967998/,Veterinary & Animals,false
PubMed,36139024,https://pubmed.ncbi.nlm.nih.gov/36139024/,Veterinary & Animals,false
PubMed,36139174,https://pubmed.ncbi.nlm.nih.gov/36139174/,Veterinary & Animals,false
PubMed,36183098,https://pubmed.ncbi.nlm.nih.gov/36183098/,Veterinary & Animals,false
PubMed,36187821,https://pubmed.ncbi.nlm.nih.gov/36187821/,Veterinary & Animals,false
PubMed,36209995,https://pubmed.ncbi.nlm.nih.gov/36209995/,Veterinary & Animals,false
PubMed,36213402,https://pubmed.ncbi.nlm.nih.gov/36213402/,Veterinary & Animals,false
PubMed,36230282,https://pubmed.ncbi.nlm.nih.gov/36230282/,Veterinary & Animals,false
PubMed,36268169,https://pubmed.ncbi.nlm.nih.gov/36268169/,Veterinary & Animals,false
PubMed,36271101,https://pubmed.ncbi.nlm.nih.gov/36271101/,Veterinary & Animals,false
PubMed,36300854,https://pubmed.ncbi.nlm.nih.gov/36300854/,Veterinary & Animals,false
PubMed,36339733,https://pubmed.ncbi.nlm.nih.gov/36339733/,Veterinary & Animals,false
PubMed,36344735,https://pubmed.ncbi.nlm.nih.gov/36344735/,Veterinary & Animals,false
PubMed,36356457,https://pubmed.ncbi.nlm.nih.gov/36356457/,Veterinary & Animals,false
PubMed,36381952,https://pubmed.ncbi.nlm.nih.gov/36381952/,Veterinary & Animals,false
PubMed,36481350,https://pubmed.ncbi.nlm.nih.gov/36481350/,Veterinary & Animals,false
PubMed,36515767,https://pubmed.ncbi.nlm.nih.gov/36515767/,Veterinary & Animals,false
PubMed,36615506,https://pubmed.ncbi.nlm.nih.gov/36615506/,Veterinary & Animals,false
PubMed,36624043,https://pubmed.ncbi.nlm.nih.gov/36624043/,Veterinary & Animals,false
PubMed,36651425,https://pubmed.ncbi.nlm.nih.gov/36651425/,Veterinary & Animals,false
PubMed,36682327,https://pubmed.ncbi.nlm.nih.gov/36682327/,Veterinary & Animals,false
PubMed,36686155,https://pubmed.ncbi.nlm.nih.gov/36686155/,Veterinary & Animals,false
PubMed,36686184,https://pubmed.ncbi.nlm.nih.gov/36686184/,Veterinary & Animals,false
PubMed,36686189,https://pubmed.ncbi.nlm.nih.gov/36686189/,Veterinary & Animals,false
PubMed,36790884,https://pubmed.ncbi.nlm.nih.gov/36790884/,Veterinary & Animals,false
PubMed,36795552,https://pubmed.ncbi.nlm.nih.gov/36795552/,Veterinary & Animals,false
PubMed,36824298,https://pubmed.ncbi.nlm.nih.gov/36824298/,Veterinary & Animals,false
PubMed,36908527,https://pubmed.ncbi.nlm.nih.gov/36908527/,Veterinary & Animals,false
PubMed,36937015,https://pubmed.ncbi.nlm.nih.gov/36937015/,Veterinary & Animals,false
PubMed,36965472,https://pubmed.ncbi.nlm.nih.gov/36965472/,Veterinary & Animals,false
PubMed,36972696,https://pubmed.ncbi.nlm.nih.gov/36972696/,Veterinary & Animals,false
PubMed,37002652,https://pubmed.ncbi.nlm.nih.gov/37002652/,Veterinary & Animals,false
PubMed,37072120,https://pubmed.ncbi.nlm.nih.gov/37072120/,Veterinary & Animals,false
PubMed,37097066,https://pubmed.ncbi.nlm.nih.gov/37097066/,Veterinary & Animals,false
PubMed,37118216,https://pubmed.ncbi.nlm.nih.gov/37118216/,Veterinary & Animals,false
PubMed,37203420,https://pubmed.ncbi.nlm.nih.gov/37203420/,Veterinary & Animals,false
PubMed,37245289,https://pubmed.ncbi.nlm.nih.gov/37245289/,Veterinary & Animals,false
PubMed,37303724,https://pubmed.ncbi.nlm.nih.gov/37303724/,Veterinary & Animals,false
PubMed,37456953,https://pubmed.ncbi.nlm.nih.gov/37456953/,Veterinary & Animals,false
PubMed,37469115,https://pubmed.ncbi.nlm.nih.gov/37469115/,Veterinary & Animals,false
PubMed,37621871,https://pubmed.ncbi.nlm.nih.gov/37621871/,Veterinary & Animals,false
PubMed,37680386,https://pubmed.ncbi.nlm.nih.gov/37680386/,Veterinary & Animals,false
PubMed,37684980,https://pubmed.ncbi.nlm.nih.gov/37684980/,Veterinary & Animals,false
PubMed,37691632,https://pubmed.ncbi.nlm.nih.gov/37691632/,Veterinary & Animals,false
PubMed,37726036,https://pubmed.ncbi.nlm.nih.gov/37726036/,Veterinary & Animals,false
PubMed,37760233,https://pubmed.ncbi.nlm.nih.gov/37760233/,Veterinary & Animals,false
PubMed,37841465,https://pubmed.ncbi.nlm.nih.gov/37841465/,Veterinary & Animals,false
PubMed,37889215,https://pubmed.ncbi.nlm.nih.gov/37889215/,Veterinary & Animals,false
PubMed,37958932,https://pubmed.ncbi.nlm.nih.gov/37958932/,Veterinary & Animals,false
PubMed,38009749,https://pubmed.ncbi.nlm.nih.gov/38009749/,Veterinary & Animals,false
PubMed,38026679,https://pubmed.ncbi.nlm.nih.gov/38026679/,Veterinary & Animals,false
PubMed,38031164,https://pubmed.ncbi.nlm.nih.gov/38031164/,Veterinary & Animals,false
PubMed,38032014,https://pubmed.ncbi.nlm.nih.gov/38032014/,Veterinary & Animals,false
PubMed,38149295,https://pubmed.ncbi.nlm.nih.gov/38149295/,Veterinary & Animals,false
PubMed,38162477,https://pubmed.ncbi.nlm.nih.gov/38162477/,Veterinary & Animals,false
PubMed,38244994,https://pubmed.ncbi.nlm.nih.gov/38244994/,Veterinary & Animals,false
PubMed,38295012,https://pubmed.ncbi.nlm.nih.gov/38295012/,Veterinary & Animals,false
PubMed,38322918,https://pubmed.ncbi.nlm.nih.gov/38322918/,Veterinary & Animals,false
PubMed,38327816,https://pubmed.ncbi.nlm.nih.gov/38327816/,Veterinary & Animals,false
PubMed,38356586,https://pubmed.ncbi.nlm.nih.gov/38356586/,Veterinary & Animals,false
PubMed,38379920,https://pubmed.ncbi.nlm.nih.gov/38379920/,Veterinary & Animals,false
PubMed,38406630,https://pubmed.ncbi.nlm.nih.gov/38406630/,Veterinary & Animals,false
PubMed,38496308,https://pubmed.ncbi.nlm.nih.gov/38496308/,Veterinary & Animals,false
PubMed,38515534,https://pubmed.ncbi.nlm.nih.gov/38515534/,Veterinary & Animals,false
PubMed,3875599,https://pubmed.ncbi.nlm.nih.gov/3875599/,Veterinary & Animals,false
PubMed,4199474,https://pubmed.ncbi.nlm.nih.gov/4199474/,Veterinary & Animals,false
PubMed,4354505,https://pubmed.ncbi.nlm.nih.gov/4354505/,Veterinary & Animals,false
PubMed,4354577,https://pubmed.ncbi.nlm.nih.gov/4354577/,Veterinary & Animals,false
PubMed,4358207,https://pubmed.ncbi.nlm.nih.gov/4358207/,Veterinary & Animals,false
PubMed,4382445,https://pubmed.ncbi.nlm.nih.gov/4382445/,Veterinary & Animals,false
PubMed,4403835,https://pubmed.ncbi.nlm.nih.gov/4403835/,Veterinary & Animals,false
PubMed,4417860,https://pubmed.ncbi.nlm.nih.gov/4417860/,Veterinary & Animals,false
PubMed,4435047,https://pubmed.ncbi.nlm.nih.gov/4435047/,Veterinary & Animals,false
PubMed,4444761,https://pubmed.ncbi.nlm.nih.gov/4444761/,Veterinary & Animals,false
PubMed,450908,https://pubmed.ncbi.nlm.nih.gov/450908/,Veterinary & Animals,false
PubMed,4521236,https://pubmed.ncbi.nlm.nih.gov/4521236/,Veterinary & Animals,false
PubMed,4643459,https://pubmed.ncbi.nlm.nih.gov/4643459/,Veterinary & Animals,false
PubMed,4658873,https://pubmed.ncbi.nlm.nih.gov/4658873/,Veterinary & Animals,false
PubMed,4670597,https://pubmed.ncbi.nlm.nih.gov/4670597/,Veterinary & Animals,false
PubMed,4706747,https://pubmed.ncbi.nlm.nih.gov/4706747/,Veterinary & Animals,false
PubMed,4746199,https://pubmed.ncbi.nlm.nih.gov/4746199/,Veterinary & Animals,false
PubMed,4750101,https://pubmed.ncbi.nlm.nih.gov/4750101/,Veterinary & Animals,false
PubMed,4765747,https://pubmed.ncbi.nlm.nih.gov/4765747/,Veterinary & Animals,false
PubMed,4787563,https://pubmed.ncbi.nlm.nih.gov/4787563/,Veterinary & Animals,false
PubMed,4818377,https://pubmed.ncbi.nlm.nih.gov/4818377/,Veterinary & Animals,false
PubMed,5040148,https://pubmed.ncbi.nlm.nih.gov/5040148/,Veterinary & Animals,false
PubMed,5053234,https://pubmed.ncbi.nlm.nih.gov/5053234/,Veterinary & Animals,false
PubMed,5071803,https://pubmed.ncbi.nlm.nih.gov/5071803/,Veterinary & Animals,false
PubMed,5104569,https://pubmed.ncbi.nlm.nih.gov/5104569/,Veterinary & Animals,false
PubMed,521354,https://pubmed.ncbi.nlm.nih.gov/521354/,Veterinary & Animals,false
PubMed,53140,https://pubmed.ncbi.nlm.nih.gov/53140/,Veterinary & Animals,false
PubMed,5573573,https://pubmed.ncbi.nlm.nih.gov/5573573/,Veterinary & Animals,false
PubMed,5751126,https://pubmed.ncbi.nlm.nih.gov/5751126/,Veterinary & Animals,false
PubMed,5938476,https://pubmed.ncbi.nlm.nih.gov/5938476/,Veterinary & Animals,false
PubMed,6098851,https://pubmed.ncbi.nlm.nih.gov/6098851/,Veterinary & Animals,false
PubMed,6102770,https://pubmed.ncbi.nlm.nih.gov/6102770/,Veterinary & Animals,false
PubMed,6245751,https://pubmed.ncbi.nlm.nih.gov/6245751/,Veterinary & Animals,false
PubMed,6249559,https://pubmed.ncbi.nlm.nih.gov/6249559/,Veterinary & Animals,false
PubMed,6264341,https://pubmed.ncbi.nlm.nih.gov/6264341/,Veterinary & Animals,false
PubMed,6271834,https://pubmed.ncbi.nlm.nih.gov/6271834/,Veterinary & Animals,false
PubMed,6271835,https://pubmed.ncbi.nlm.nih.gov/6271835/,Veterinary & Animals,false
PubMed,6289158,https://pubmed.ncbi.nlm.nih.gov/6289158/,Veterinary & Animals,false
PubMed,6291983,https://pubmed.ncbi.nlm.nih.gov/6291983/,Veterinary & Animals,false
PubMed,6300596,https://pubmed.ncbi.nlm.nih.gov/6300596/,Veterinary & Animals,false
PubMed,6311612,https://pubmed.ncbi.nlm.nih.gov/6311612/,Veterinary & Animals,false
PubMed,6313906,https://pubmed.ncbi.nlm.nih.gov/6313906/,Veterinary & Animals,false
PubMed,6318887,https://pubmed.ncbi.nlm.nih.gov/6318887/,Veterinary & Animals,false
PubMed,638236,https://pubmed.ncbi.nlm.nih.gov/638236/,Veterinary & Animals,false
PubMed,6499952,https://pubmed.ncbi.nlm.nih.gov/6499952/,Veterinary & Animals,false
PubMed,6730265,https://pubmed.ncbi.nlm.nih.gov/6730265/,Veterinary & Animals,false
PubMed,674828,https://pubmed.ncbi.nlm.nih.gov/674828/,Veterinary & Animals,false
PubMed,682866,https://pubmed.ncbi.nlm.nih.gov/682866/,Veterinary & Animals,false
PubMed,702321,https://pubmed.ncbi.nlm.nih.gov/702321/,Veterinary & Animals,false
PubMed,705784,https://pubmed.ncbi.nlm.nih.gov/705784/,Veterinary & Animals,false
PubMed,738360,https://pubmed.ncbi.nlm.nih.gov/738360/,Veterinary & Animals,false
PubMed,7402446,https://pubmed.ncbi.nlm.nih.gov/7402446/,Veterinary & Animals,false
PubMed,751508,https://pubmed.ncbi.nlm.nih.gov/751508/,Veterinary & Animals,false
PubMed,7605349,https://pubmed.ncbi.nlm.nih.gov/7605349/,Veterinary & Animals,true
PubMed,845807,https://pubmed.ncbi.nlm.nih.gov/845807/,Veterinary & Animals,true
PubMed,858008,https://pubmed.ncbi.nlm.nih.gov/858008/,Veterinary & Animals,false
PubMed,885163,https://pubmed.ncbi.nlm.nih.gov/885163/,Veterinary & Animals,false
PubMed,897339,https://pubmed.ncbi.nlm.nih.gov/897339/,Veterinary & Animals,false
PubMed,935636,https://pubmed.ncbi.nlm.nih.gov/935636/,Veterinary & Animals,false
PubMed,935652,https://pubmed.ncbi.nlm.nih.gov/935652/,Veterinary & Animals,false
PubMed,940962,https://pubmed.ncbi.nlm.nih.gov/940962/,Veterinary & Animals,false
PubMed,954827,https://pubmed.ncbi.nlm.nih.gov/954827/,Veterinary & Animals,false
PubMed,9797029,https://pubmed.ncbi.nlm.nih.gov/9797029/,Veterinary & Animals,false
